ISO-10303-21;
HEADER;
/* Generated by software containing ST-Developer
 * from STEP Tools, Inc. (www.steptools.com) 
 */
/* OPTION: using custom renumber hook */

FILE_DESCRIPTION(
/* description */ ('STEP AP242 Edition 2',
'CAx-IF Rec.Pracs.---Representation and Presentation of Product Manufa
cturing Information (PMI)---4.0---2014-10-13',
'CAx-IF Rec.Pracs.---3D Tessellated Geometry---0.4---2014-09-14','2;1',
'CAx-IF Rec.Pracs.---User Defined Attributes---1.5---2016-08-15'),
/* implementation_level */ '2;1');

FILE_NAME(
/* name */ '694c7876c6f0545f72cbde43',
/* time_stamp */ '2025-12-24T23:34:14Z',
/* author */ (''),
/* organization */ (''),
/* preprocessor_version */ 'ST-DEVELOPER v20',
/* originating_system */ 'ONSHAPE BY PTC INC, 1.208',
/* authorisation */ '  ');

FILE_SCHEMA (('AP242_MANAGED_MODEL_BASED_3D_ENGINEERING_MIM_LF { 1 0 10303 442 3 1 4 }'));
ENDSEC;

DATA;
#10=SHAPE_REPRESENTATION_RELATIONSHIP('','',#5068,#11);
#11=ADVANCED_BREP_SHAPE_REPRESENTATION('',(#5066),#8426);
#12=VERTEX_LOOP('',#3835);
#13=VERTEX_LOOP('',#3837);
#14=B_SPLINE_CURVE_WITH_KNOTS('',3,(#7765,#7766,#7767,#7768),
 .UNSPECIFIED.,.F.,.F.,(4,4),(0.,0.00120678401381993),.UNSPECIFIED.);
#15=B_SPLINE_CURVE_WITH_KNOTS('',3,(#7794,#7795,#7796,#7797),
 .UNSPECIFIED.,.F.,.F.,(4,4),(0.,0.00120694826107775),.UNSPECIFIED.);
#16=B_SPLINE_CURVE_WITH_KNOTS('',2,(#7823,#7824,#7825),.UNSPECIFIED.,.F.,
 .F.,(3,3),(0.,0.196167699593712),.UNSPECIFIED.);
#17=B_SPLINE_CURVE_WITH_KNOTS('',2,(#7832,#7833,#7834),.UNSPECIFIED.,.F.,
 .F.,(3,3),(0.,0.196167699593713),.UNSPECIFIED.);
#18=CONICAL_SURFACE('',#5155,0.004,0.785398163397451);
#19=CONICAL_SURFACE('',#5161,0.004,0.78539816339745);
#20=CONICAL_SURFACE('',#5166,0.004,0.78539816339745);
#21=CONICAL_SURFACE('',#5171,0.004,0.785398163397451);
#22=CONICAL_SURFACE('',#5241,0.004875,0.244978663126865);
#23=CONICAL_SURFACE('',#5244,0.004875,0.244978663126865);
#24=CONICAL_SURFACE('',#5247,0.004875,0.244978663126864);
#25=CONICAL_SURFACE('',#5250,0.004875,0.244978663126864);
#26=CONICAL_SURFACE('',#5264,0.0133,0.785398163397447);
#27=CONICAL_SURFACE('',#5267,0.0135,0.785398163397449);
#28=CONICAL_SURFACE('',#5278,0.0135,0.785398163397449);
#29=CONICAL_SURFACE('',#5284,0.0135,0.785398163397449);
#30=CONICAL_SURFACE('',#5294,0.0135,0.785398163397449);
#31=CONICAL_SURFACE('',#5304,0.0135,0.785398163397448);
#32=CONICAL_SURFACE('',#5309,0.0135,0.785398163397448);
#33=CONICAL_SURFACE('',#5488,0.0014,0.785398163397401);
#34=CONICAL_SURFACE('',#5489,0.0014,0.785398163397432);
#35=CONICAL_SURFACE('',#5490,0.0014,0.785398163397401);
#36=CONICAL_SURFACE('',#5491,0.0014,0.785398163397441);
#37=CONICAL_SURFACE('',#5498,0.0009,1.02974425867666);
#38=CONICAL_SURFACE('',#5501,0.0009,1.02974425867666);
#39=CYLINDRICAL_SURFACE('',#5152,0.0035);
#40=CYLINDRICAL_SURFACE('',#5158,0.0035);
#41=CYLINDRICAL_SURFACE('',#5164,0.0035);
#42=CYLINDRICAL_SURFACE('',#5168,0.0035);
#43=CYLINDRICAL_SURFACE('',#5180,0.0035);
#44=CYLINDRICAL_SURFACE('',#5185,0.0035);
#45=CYLINDRICAL_SURFACE('',#5190,0.0035);
#46=CYLINDRICAL_SURFACE('',#5196,0.0035);
#47=CYLINDRICAL_SURFACE('',#5202,0.0019);
#48=CYLINDRICAL_SURFACE('',#5206,0.0019);
#49=CYLINDRICAL_SURFACE('',#5223,0.0035);
#50=CYLINDRICAL_SURFACE('',#5230,0.0035);
#51=CYLINDRICAL_SURFACE('',#5253,0.011);
#52=CYLINDRICAL_SURFACE('',#5272,0.014);
#53=CYLINDRICAL_SURFACE('',#5280,0.014);
#54=CYLINDRICAL_SURFACE('',#5288,0.014);
#55=CYLINDRICAL_SURFACE('',#5295,0.011);
#56=CYLINDRICAL_SURFACE('',#5306,0.014);
#57=CYLINDRICAL_SURFACE('',#5311,0.003);
#58=CYLINDRICAL_SURFACE('',#5314,0.003);
#59=CYLINDRICAL_SURFACE('',#5317,0.003);
#60=CYLINDRICAL_SURFACE('',#5320,0.003);
#61=CYLINDRICAL_SURFACE('',#5323,0.003);
#62=CYLINDRICAL_SURFACE('',#5326,0.003);
#63=CYLINDRICAL_SURFACE('',#5329,0.003);
#64=CYLINDRICAL_SURFACE('',#5332,0.003);
#65=CYLINDRICAL_SURFACE('',#5335,0.003);
#66=CYLINDRICAL_SURFACE('',#5339,0.003);
#67=CYLINDRICAL_SURFACE('',#5343,0.003);
#68=CYLINDRICAL_SURFACE('',#5347,0.003);
#69=CYLINDRICAL_SURFACE('',#5350,0.003);
#70=CYLINDRICAL_SURFACE('',#5353,0.003);
#71=CYLINDRICAL_SURFACE('',#5356,0.003);
#72=CYLINDRICAL_SURFACE('',#5359,0.003);
#73=CYLINDRICAL_SURFACE('',#5362,0.003);
#74=CYLINDRICAL_SURFACE('',#5365,0.003);
#75=CYLINDRICAL_SURFACE('',#5368,0.003);
#76=CYLINDRICAL_SURFACE('',#5371,0.003);
#77=CYLINDRICAL_SURFACE('',#5374,0.003);
#78=CYLINDRICAL_SURFACE('',#5377,0.003);
#79=CYLINDRICAL_SURFACE('',#5384,0.00565);
#80=CYLINDRICAL_SURFACE('',#5390,0.00565);
#81=CYLINDRICAL_SURFACE('',#5393,0.00165);
#82=CYLINDRICAL_SURFACE('',#5420,0.014);
#83=CYLINDRICAL_SURFACE('',#5421,0.0035);
#84=CYLINDRICAL_SURFACE('',#5422,0.00165);
#85=CYLINDRICAL_SURFACE('',#5424,0.00165);
#86=CYLINDRICAL_SURFACE('',#5426,0.00165);
#87=CYLINDRICAL_SURFACE('',#5458,0.00565);
#88=CYLINDRICAL_SURFACE('',#5464,0.00565);
#89=CYLINDRICAL_SURFACE('',#5472,0.004);
#90=CYLINDRICAL_SURFACE('',#5475,0.001);
#91=CYLINDRICAL_SURFACE('',#5477,0.00100000000000003);
#92=CYLINDRICAL_SURFACE('',#5478,0.0014);
#93=CYLINDRICAL_SURFACE('',#5481,0.0014);
#94=CYLINDRICAL_SURFACE('',#5483,0.0014);
#95=CYLINDRICAL_SURFACE('',#5485,0.0014);
#96=CYLINDRICAL_SURFACE('',#5500,0.0009);
#97=CYLINDRICAL_SURFACE('',#5503,0.0009);
#98=ELLIPSE('',#5144,0.00494974746830583,0.0035);
#99=ELLIPSE('',#5145,0.00494974746830583,0.0035);
#100=ELLIPSE('',#5150,0.00494974746830584,0.0035);
#101=ELLIPSE('',#5151,0.00494974746830584,0.0035);
#102=ELLIPSE('',#5182,0.00990377579948707,0.0035);
#103=ELLIPSE('',#5188,0.00990377579948707,0.0035);
#104=ELLIPSE('',#5193,0.00990377579948706,0.0035);
#105=ELLIPSE('',#5198,0.00990377579948706,0.0035);
#106=ELLIPSE('',#5220,0.00990377579948707,0.0035);
#107=ELLIPSE('',#5224,0.00990377579948707,0.0035);
#108=ELLIPSE('',#5229,0.00990377579948706,0.0035);
#109=ELLIPSE('',#5231,0.00990377579948706,0.0035);
#110=ELLIPSE('',#5254,0.0155563491861041,0.011);
#111=ELLIPSE('',#5256,0.0155563491861042,0.011);
#112=ELLIPSE('',#5269,3.71975278127854,0.1017607317614);
#113=ELLIPSE('',#5274,0.0197989898732233,0.014);
#114=ELLIPSE('',#5277,3.71821648897243,0.102031078622001);
#115=ELLIPSE('',#5285,3.71820885793253,0.102030972509562);
#116=ELLIPSE('',#5293,3.71971233827038,0.101760171418522);
#117=ELLIPSE('',#5296,0.0155563491861041,0.011);
#118=ELLIPSE('',#5297,0.015556349186104,0.011);
#119=ELLIPSE('',#5337,0.00424264068711929,0.003);
#120=ELLIPSE('',#5341,0.00424264068711929,0.003);
#121=ELLIPSE('',#5344,0.00424264068711928,0.003);
#122=ELLIPSE('',#5378,0.00424264068711929,0.003);
#123=ELLIPSE('',#5459,0.00799030662740798,0.00565);
#124=ELLIPSE('',#5460,0.00799030662740798,0.00565);
#125=ELLIPSE('',#5463,0.00799030662740799,0.00565);
#126=ELLIPSE('',#5465,0.00799030662740799,0.00565);
#127=(
BOUNDED_CURVE()
B_SPLINE_CURVE(2,(#7134,#7135,#7136),.UNSPECIFIED.,.F.,.F.)
B_SPLINE_CURVE_WITH_KNOTS((3,3),(0.865707376097272,1.05726586326577),
 .UNSPECIFIED.)
CURVE()
GEOMETRIC_REPRESENTATION_ITEM()
RATIONAL_B_SPLINE_CURVE((1.00893745404094,1.00545753988177,1.))
REPRESENTATION_ITEM('')
);
#128=(
BOUNDED_CURVE()
B_SPLINE_CURVE(2,(#7254,#7255,#7256),.UNSPECIFIED.,.F.,.F.)
B_SPLINE_CURVE_WITH_KNOTS((3,3),(0.,0.0548572407257731),.UNSPECIFIED.)
CURVE()
GEOMETRIC_REPRESENTATION_ITEM()
RATIONAL_B_SPLINE_CURVE((1.,1.10557280900008,1.2))
REPRESENTATION_ITEM('')
);
#129=(
BOUNDED_CURVE()
B_SPLINE_CURVE(2,(#7270,#7271,#7272),.UNSPECIFIED.,.F.,.F.)
B_SPLINE_CURVE_WITH_KNOTS((3,3),(0.98437324381554,1.03923048454132),
 .UNSPECIFIED.)
CURVE()
GEOMETRIC_REPRESENTATION_ITEM()
RATIONAL_B_SPLINE_CURVE((1.2,1.10557280900009,1.))
REPRESENTATION_ITEM('')
);
#130=(
BOUNDED_CURVE()
B_SPLINE_CURVE(2,(#7278,#7279,#7280),.UNSPECIFIED.,.F.,.F.)
B_SPLINE_CURVE_WITH_KNOTS((3,3),(0.984373243815554,1.03923048454133),
 .UNSPECIFIED.)
CURVE()
GEOMETRIC_REPRESENTATION_ITEM()
RATIONAL_B_SPLINE_CURVE((1.2,1.10557280900008,1.))
REPRESENTATION_ITEM('')
);
#131=(
BOUNDED_CURVE()
B_SPLINE_CURVE(2,(#7289,#7290,#7291),.UNSPECIFIED.,.F.,.F.)
B_SPLINE_CURVE_WITH_KNOTS((3,3),(0.984373243815628,1.03923048454137),
 .UNSPECIFIED.)
CURVE()
GEOMETRIC_REPRESENTATION_ITEM()
RATIONAL_B_SPLINE_CURVE((1.19999999999995,1.10557280900005,1.))
REPRESENTATION_ITEM('')
);
#132=(
BOUNDED_CURVE()
B_SPLINE_CURVE(2,(#7332,#7333,#7334),.UNSPECIFIED.,.F.,.F.)
B_SPLINE_CURVE_WITH_KNOTS((3,3),(0.,0.0548572407257826),.UNSPECIFIED.)
CURVE()
GEOMETRIC_REPRESENTATION_ITEM()
RATIONAL_B_SPLINE_CURVE((1.,1.10557280900008,1.2))
REPRESENTATION_ITEM('')
);
#133=(
BOUNDED_CURVE()
B_SPLINE_CURVE(2,(#7345,#7346,#7347),.UNSPECIFIED.,.F.,.F.)
B_SPLINE_CURVE_WITH_KNOTS((3,3),(0.,0.0548572407257693),.UNSPECIFIED.)
CURVE()
GEOMETRIC_REPRESENTATION_ITEM()
RATIONAL_B_SPLINE_CURVE((1.,1.10557280900009,1.2))
REPRESENTATION_ITEM('')
);
#134=(
BOUNDED_CURVE()
B_SPLINE_CURVE(2,(#7353,#7354,#7355),.UNSPECIFIED.,.F.,.F.)
B_SPLINE_CURVE_WITH_KNOTS((3,3),(0.984373243815545,1.03923048454133),
 .UNSPECIFIED.)
CURVE()
GEOMETRIC_REPRESENTATION_ITEM()
RATIONAL_B_SPLINE_CURVE((1.20000000000004,1.10557280900011,1.))
REPRESENTATION_ITEM('')
);
#135=(
BOUNDED_CURVE()
B_SPLINE_CURVE(2,(#7369,#7370,#7371),.UNSPECIFIED.,.F.,.F.)
B_SPLINE_CURVE_WITH_KNOTS((3,3),(0.,0.054857240725773),.UNSPECIFIED.)
CURVE()
GEOMETRIC_REPRESENTATION_ITEM()
RATIONAL_B_SPLINE_CURVE((1.,1.10557280900008,1.2))
REPRESENTATION_ITEM('')
);
#136=(
BOUNDED_CURVE()
B_SPLINE_CURVE(2,(#7422,#7423,#7424),.UNSPECIFIED.,.F.,.F.)
B_SPLINE_CURVE_WITH_KNOTS((3,3),(0.,0.350627277025973),.UNSPECIFIED.)
CURVE()
GEOMETRIC_REPRESENTATION_ITEM()
RATIONAL_B_SPLINE_CURVE((1.,1.3099779124762,1.56701030927852))
REPRESENTATION_ITEM('')
);
#137=(
BOUNDED_CURVE()
B_SPLINE_CURVE(2,(#7443,#7444,#7445),.UNSPECIFIED.,.F.,.F.)
B_SPLINE_CURVE_WITH_KNOTS((3,3),(0.,0.350627277025975),.UNSPECIFIED.)
CURVE()
GEOMETRIC_REPRESENTATION_ITEM()
RATIONAL_B_SPLINE_CURVE((1.,1.3099779124762,1.56701030927852))
REPRESENTATION_ITEM('')
);
#138=(
BOUNDED_CURVE()
B_SPLINE_CURVE(2,(#7473,#7474,#7475),.UNSPECIFIED.,.F.,.F.)
B_SPLINE_CURVE_WITH_KNOTS((3,3),(0.,0.468829745999267),.UNSPECIFIED.)
CURVE()
GEOMETRIC_REPRESENTATION_ITEM()
RATIONAL_B_SPLINE_CURVE((1.,1.29182735018039,1.5092592592595))
REPRESENTATION_ITEM('')
);
#139=(
BOUNDED_CURVE()
B_SPLINE_CURVE(2,(#7622,#7623,#7624),.UNSPECIFIED.,.F.,.F.)
B_SPLINE_CURVE_WITH_KNOTS((3,3),(0.,0.468829380188224),.UNSPECIFIED.)
CURVE()
GEOMETRIC_REPRESENTATION_ITEM()
RATIONAL_B_SPLINE_CURVE((1.,1.29182739374792,1.5092594201712))
REPRESENTATION_ITEM('')
);
#140=(
BOUNDED_CURVE()
B_SPLINE_CURVE(2,(#7637,#7638,#7639),.UNSPECIFIED.,.F.,.F.)
B_SPLINE_CURVE_WITH_KNOTS((3,3),(3.7549786465645,4.1056059236134),
 .UNSPECIFIED.)
CURVE()
GEOMETRIC_REPRESENTATION_ITEM()
RATIONAL_B_SPLINE_CURVE((1.56701030931215,1.30997791249648,1.))
REPRESENTATION_ITEM('')
);
#141=(
BOUNDED_CURVE()
B_SPLINE_CURVE(2,(#7647,#7648,#7649),.UNSPECIFIED.,.F.,.F.)
B_SPLINE_CURVE_WITH_KNOTS((3,3),(3.2092828747251,3.67811225491332),
 .UNSPECIFIED.)
CURVE()
GEOMETRIC_REPRESENTATION_ITEM()
RATIONAL_B_SPLINE_CURVE((1.50925942017119,1.29182739374792,1.))
REPRESENTATION_ITEM('')
);
#142=(
BOUNDED_CURVE()
B_SPLINE_CURVE(2,(#7655,#7656,#7657),.UNSPECIFIED.,.F.,.F.)
B_SPLINE_CURVE_WITH_KNOTS((3,3),(3.75497864656455,4.1056059236134),
 .UNSPECIFIED.)
CURVE()
GEOMETRIC_REPRESENTATION_ITEM()
RATIONAL_B_SPLINE_CURVE((1.56701030931206,1.30997791249643,1.))
REPRESENTATION_ITEM('')
);
#143=(
BOUNDED_CURVE()
B_SPLINE_CURVE(2,(#7665,#7666,#7667),.UNSPECIFIED.,.F.,.F.)
B_SPLINE_CURVE_WITH_KNOTS((3,3),(3.20928118218113,3.67811092818039),
 .UNSPECIFIED.)
CURVE()
GEOMETRIC_REPRESENTATION_ITEM()
RATIONAL_B_SPLINE_CURVE((1.5092592592595,1.29182735018039,1.))
REPRESENTATION_ITEM('')
);
#144=(
BOUNDED_CURVE()
B_SPLINE_CURVE(2,(#7673,#7674,#7675),.UNSPECIFIED.,.F.,.F.)
B_SPLINE_CURVE_WITH_KNOTS((3,3),(0.0591642952401053,0.21824600121025),
 .UNSPECIFIED.)
CURVE()
GEOMETRIC_REPRESENTATION_ITEM()
RATIONAL_B_SPLINE_CURVE((1.00073982033379,1.00136452930613,1.))
REPRESENTATION_ITEM('')
);
#145=(
BOUNDED_CURVE()
B_SPLINE_CURVE(2,(#7680,#7681,#7682),.UNSPECIFIED.,.F.,.F.)
B_SPLINE_CURVE_WITH_KNOTS((3,3),(0.,0.156448061012943),.UNSPECIFIED.)
CURVE()
GEOMETRIC_REPRESENTATION_ITEM()
RATIONAL_B_SPLINE_CURVE((1.,1.00099431978923,1.))
REPRESENTATION_ITEM('')
);
#146=(
BOUNDED_CURVE()
B_SPLINE_CURVE(2,(#7713,#7714,#7715),.UNSPECIFIED.,.F.,.F.)
B_SPLINE_CURVE_WITH_KNOTS((3,3),(0.598795058488781,0.831637967820901),
 .UNSPECIFIED.)
CURVE()
GEOMETRIC_REPRESENTATION_ITEM()
RATIONAL_B_SPLINE_CURVE((1.00766463316271,1.00532252216945,1.))
REPRESENTATION_ITEM('')
);
#147=(
BOUNDED_CURVE()
B_SPLINE_CURVE(2,(#7718,#7719,#7720),.UNSPECIFIED.,.F.,.F.)
B_SPLINE_CURVE_WITH_KNOTS((3,3),(0.,0.159092035243164),.UNSPECIFIED.)
CURVE()
GEOMETRIC_REPRESENTATION_ITEM()
RATIONAL_B_SPLINE_CURVE((1.,1.00136481795849,1.00073996883043))
REPRESENTATION_ITEM('')
);
#148=(
BOUNDED_CURVE()
B_SPLINE_CURVE(2,(#7726,#7727,#7728),.UNSPECIFIED.,.F.,.F.)
B_SPLINE_CURVE_WITH_KNOTS((3,3),(0.,0.156458017542469),.UNSPECIFIED.)
CURVE()
GEOMETRIC_REPRESENTATION_ITEM()
RATIONAL_B_SPLINE_CURVE((1.,1.00099453406288,1.))
REPRESENTATION_ITEM('')
);
#149=(
BOUNDED_CURVE()
B_SPLINE_CURVE(2,(#7734,#7735,#7736),.UNSPECIFIED.,.F.,.F.)
B_SPLINE_CURVE_WITH_KNOTS((3,3),(0.,0.232842909332118),.UNSPECIFIED.)
CURVE()
GEOMETRIC_REPRESENTATION_ITEM()
RATIONAL_B_SPLINE_CURVE((1.,1.00532252216945,1.00766463316271))
REPRESENTATION_ITEM('')
);
#150=(
BOUNDED_CURVE()
B_SPLINE_CURVE(2,(#7770,#7771,#7772),.UNSPECIFIED.,.F.,.F.)
B_SPLINE_CURVE_WITH_KNOTS((3,3),(0.,0.19157274425945),.UNSPECIFIED.)
CURVE()
GEOMETRIC_REPRESENTATION_ITEM()
RATIONAL_B_SPLINE_CURVE((1.,1.00545851801766,1.00893898512912))
REPRESENTATION_ITEM('')
);
#151=LINE('',#6905,#670);
#152=LINE('',#6908,#671);
#153=LINE('',#6910,#672);
#154=LINE('',#6912,#673);
#155=LINE('',#6914,#674);
#156=LINE('',#6916,#675);
#157=LINE('',#6917,#676);
#158=LINE('',#6920,#677);
#159=LINE('',#6922,#678);
#160=LINE('',#6925,#679);
#161=LINE('',#6928,#680);
#162=LINE('',#6930,#681);
#163=LINE('',#6933,#682);
#164=LINE('',#6938,#683);
#165=LINE('',#6942,#684);
#166=LINE('',#6946,#685);
#167=LINE('',#6948,#686);
#168=LINE('',#6950,#687);
#169=LINE('',#6952,#688);
#170=LINE('',#6954,#689);
#171=LINE('',#6958,#690);
#172=LINE('',#6961,#691);
#173=LINE('',#6962,#692);
#174=LINE('',#6964,#693);
#175=LINE('',#6966,#694);
#176=LINE('',#6968,#695);
#177=LINE('',#6970,#696);
#178=LINE('',#6972,#697);
#179=LINE('',#6975,#698);
#180=LINE('',#6977,#699);
#181=LINE('',#6979,#700);
#182=LINE('',#6981,#701);
#183=LINE('',#6983,#702);
#184=LINE('',#6985,#703);
#185=LINE('',#6986,#704);
#186=LINE('',#6988,#705);
#187=LINE('',#6994,#706);
#188=LINE('',#6999,#707);
#189=LINE('',#7003,#708);
#190=LINE('',#7007,#709);
#191=LINE('',#7010,#710);
#192=LINE('',#7015,#711);
#193=LINE('',#7019,#712);
#194=LINE('',#7022,#713);
#195=LINE('',#7027,#714);
#196=LINE('',#7031,#715);
#197=LINE('',#7035,#716);
#198=LINE('',#7038,#717);
#199=LINE('',#7043,#718);
#200=LINE('',#7047,#719);
#201=LINE('',#7051,#720);
#202=LINE('',#7054,#721);
#203=LINE('',#7059,#722);
#204=LINE('',#7063,#723);
#205=LINE('',#7067,#724);
#206=LINE('',#7070,#725);
#207=LINE('',#7075,#726);
#208=LINE('',#7079,#727);
#209=LINE('',#7082,#728);
#210=LINE('',#7085,#729);
#211=LINE('',#7087,#730);
#212=LINE('',#7089,#731);
#213=LINE('',#7091,#732);
#214=LINE('',#7093,#733);
#215=LINE('',#7094,#734);
#216=LINE('',#7095,#735);
#217=LINE('',#7097,#736);
#218=LINE('',#7099,#737);
#219=LINE('',#7101,#738);
#220=LINE('',#7103,#739);
#221=LINE('',#7107,#740);
#222=LINE('',#7111,#741);
#223=LINE('',#7113,#742);
#224=LINE('',#7115,#743);
#225=LINE('',#7117,#744);
#226=LINE('',#7119,#745);
#227=LINE('',#7121,#746);
#228=LINE('',#7123,#747);
#229=LINE('',#7125,#748);
#230=LINE('',#7127,#749);
#231=LINE('',#7129,#750);
#232=LINE('',#7132,#751);
#233=LINE('',#7138,#752);
#234=LINE('',#7140,#753);
#235=LINE('',#7142,#754);
#236=LINE('',#7144,#755);
#237=LINE('',#7146,#756);
#238=LINE('',#7148,#757);
#239=LINE('',#7151,#758);
#240=LINE('',#7153,#759);
#241=LINE('',#7154,#760);
#242=LINE('',#7156,#761);
#243=LINE('',#7158,#762);
#244=LINE('',#7160,#763);
#245=LINE('',#7161,#764);
#246=LINE('',#7163,#765);
#247=LINE('',#7165,#766);
#248=LINE('',#7167,#767);
#249=LINE('',#7169,#768);
#250=LINE('',#7171,#769);
#251=LINE('',#7173,#770);
#252=LINE('',#7175,#771);
#253=LINE('',#7177,#772);
#254=LINE('',#7179,#773);
#255=LINE('',#7181,#774);
#256=LINE('',#7183,#775);
#257=LINE('',#7185,#776);
#258=LINE('',#7187,#777);
#259=LINE('',#7189,#778);
#260=LINE('',#7191,#779);
#261=LINE('',#7193,#780);
#262=LINE('',#7195,#781);
#263=LINE('',#7197,#782);
#264=LINE('',#7199,#783);
#265=LINE('',#7201,#784);
#266=LINE('',#7207,#785);
#267=LINE('',#7210,#786);
#268=LINE('',#7212,#787);
#269=LINE('',#7214,#788);
#270=LINE('',#7216,#789);
#271=LINE('',#7219,#790);
#272=LINE('',#7220,#791);
#273=LINE('',#7222,#792);
#274=LINE('',#7225,#793);
#275=LINE('',#7227,#794);
#276=LINE('',#7228,#795);
#277=LINE('',#7230,#796);
#278=LINE('',#7232,#797);
#279=LINE('',#7234,#798);
#280=LINE('',#7236,#799);
#281=LINE('',#7238,#800);
#282=LINE('',#7240,#801);
#283=LINE('',#7242,#802);
#284=LINE('',#7244,#803);
#285=LINE('',#7251,#804);
#286=LINE('',#7252,#805);
#287=LINE('',#7259,#806);
#288=LINE('',#7260,#807);
#289=LINE('',#7267,#808);
#290=LINE('',#7268,#809);
#291=LINE('',#7275,#810);
#292=LINE('',#7276,#811);
#293=LINE('',#7283,#812);
#294=LINE('',#7285,#813);
#295=LINE('',#7287,#814);
#296=LINE('',#7294,#815);
#297=LINE('',#7296,#816);
#298=LINE('',#7298,#817);
#299=LINE('',#7302,#818);
#300=LINE('',#7310,#819);
#301=LINE('',#7312,#820);
#302=LINE('',#7316,#821);
#303=LINE('',#7324,#822);
#304=LINE('',#7326,#823);
#305=LINE('',#7330,#824);
#306=LINE('',#7336,#825);
#307=LINE('',#7343,#826);
#308=LINE('',#7349,#827);
#309=LINE('',#7358,#828);
#310=LINE('',#7359,#829);
#311=LINE('',#7367,#830);
#312=LINE('',#7373,#831);
#313=LINE('',#7378,#832);
#314=LINE('',#7380,#833);
#315=LINE('',#7382,#834);
#316=LINE('',#7384,#835);
#317=LINE('',#7386,#836);
#318=LINE('',#7388,#837);
#319=LINE('',#7390,#838);
#320=LINE('',#7392,#839);
#321=LINE('',#7394,#840);
#322=LINE('',#7396,#841);
#323=LINE('',#7398,#842);
#324=LINE('',#7400,#843);
#325=LINE('',#7402,#844);
#326=LINE('',#7404,#845);
#327=LINE('',#7406,#846);
#328=LINE('',#7408,#847);
#329=LINE('',#7409,#848);
#330=LINE('',#7414,#849);
#331=LINE('',#7420,#850);
#332=LINE('',#7427,#851);
#333=LINE('',#7429,#852);
#334=LINE('',#7431,#853);
#335=LINE('',#7433,#854);
#336=LINE('',#7437,#855);
#337=LINE('',#7448,#856);
#338=LINE('',#7450,#857);
#339=LINE('',#7452,#858);
#340=LINE('',#7454,#859);
#341=LINE('',#7458,#860);
#342=LINE('',#7464,#861);
#343=LINE('',#7467,#862);
#344=LINE('',#7469,#863);
#345=LINE('',#7471,#864);
#346=LINE('',#7478,#865);
#347=LINE('',#7480,#866);
#348=LINE('',#7482,#867);
#349=LINE('',#7483,#868);
#350=LINE('',#7487,#869);
#351=LINE('',#7508,#870);
#352=LINE('',#7512,#871);
#353=LINE('',#7514,#872);
#354=LINE('',#7518,#873);
#355=LINE('',#7520,#874);
#356=LINE('',#7524,#875);
#357=LINE('',#7529,#876);
#358=LINE('',#7533,#877);
#359=LINE('',#7537,#878);
#360=LINE('',#7539,#879);
#361=LINE('',#7543,#880);
#362=LINE('',#7545,#881);
#363=LINE('',#7547,#882);
#364=LINE('',#7550,#883);
#365=LINE('',#7552,#884);
#366=LINE('',#7553,#885);
#367=LINE('',#7555,#886);
#368=LINE('',#7557,#887);
#369=LINE('',#7560,#888);
#370=LINE('',#7562,#889);
#371=LINE('',#7565,#890);
#372=LINE('',#7568,#891);
#373=LINE('',#7569,#892);
#374=LINE('',#7573,#893);
#375=LINE('',#7575,#894);
#376=LINE('',#7577,#895);
#377=LINE('',#7579,#896);
#378=LINE('',#7581,#897);
#379=LINE('',#7583,#898);
#380=LINE('',#7586,#899);
#381=LINE('',#7588,#900);
#382=LINE('',#7589,#901);
#383=LINE('',#7591,#902);
#384=LINE('',#7593,#903);
#385=LINE('',#7596,#904);
#386=LINE('',#7602,#905);
#387=LINE('',#7604,#906);
#388=LINE('',#7606,#907);
#389=LINE('',#7608,#908);
#390=LINE('',#7610,#909);
#391=LINE('',#7611,#910);
#392=LINE('',#7613,#911);
#393=LINE('',#7616,#912);
#394=LINE('',#7618,#913);
#395=LINE('',#7620,#914);
#396=LINE('',#7626,#915);
#397=LINE('',#7627,#916);
#398=LINE('',#7629,#917);
#399=LINE('',#7631,#918);
#400=LINE('',#7633,#919);
#401=LINE('',#7635,#920);
#402=LINE('',#7641,#921);
#403=LINE('',#7643,#922);
#404=LINE('',#7651,#923);
#405=LINE('',#7659,#924);
#406=LINE('',#7661,#925);
#407=LINE('',#7669,#926);
#408=LINE('',#7678,#927);
#409=LINE('',#7683,#928);
#410=LINE('',#7685,#929);
#411=LINE('',#7694,#930);
#412=LINE('',#7696,#931);
#413=LINE('',#7698,#932);
#414=LINE('',#7702,#933);
#415=LINE('',#7706,#934);
#416=LINE('',#7708,#935);
#417=LINE('',#7711,#936);
#418=LINE('',#7716,#937);
#419=LINE('',#7723,#938);
#420=LINE('',#7725,#939);
#421=LINE('',#7730,#940);
#422=LINE('',#7732,#941);
#423=LINE('',#7738,#942);
#424=LINE('',#7742,#943);
#425=LINE('',#7744,#944);
#426=LINE('',#7746,#945);
#427=LINE('',#7752,#946);
#428=LINE('',#7754,#947);
#429=LINE('',#7756,#948);
#430=LINE('',#7775,#949);
#431=LINE('',#7777,#950);
#432=LINE('',#7778,#951);
#433=LINE('',#7779,#952);
#434=LINE('',#7781,#953);
#435=LINE('',#7783,#954);
#436=LINE('',#7789,#955);
#437=LINE('',#7791,#956);
#438=LINE('',#7792,#957);
#439=LINE('',#7801,#958);
#440=LINE('',#7803,#959);
#441=LINE('',#7805,#960);
#442=LINE('',#7821,#961);
#443=LINE('',#7827,#962);
#444=LINE('',#7840,#963);
#445=LINE('',#7842,#964);
#446=LINE('',#7844,#965);
#447=LINE('',#7848,#966);
#448=LINE('',#7850,#967);
#449=LINE('',#7852,#968);
#450=LINE('',#7854,#969);
#451=LINE('',#7858,#970);
#452=LINE('',#7860,#971);
#453=LINE('',#7864,#972);
#454=LINE('',#7866,#973);
#455=LINE('',#7868,#974);
#456=LINE('',#7872,#975);
#457=LINE('',#7874,#976);
#458=LINE('',#7876,#977);
#459=LINE('',#7878,#978);
#460=LINE('',#7882,#979);
#461=LINE('',#7884,#980);
#462=LINE('',#7886,#981);
#463=LINE('',#7890,#982);
#464=LINE('',#7892,#983);
#465=LINE('',#7894,#984);
#466=LINE('',#7898,#985);
#467=LINE('',#7900,#986);
#468=LINE('',#7902,#987);
#469=LINE('',#7906,#988);
#470=LINE('',#7908,#989);
#471=LINE('',#7914,#990);
#472=LINE('',#7916,#991);
#473=LINE('',#7918,#992);
#474=LINE('',#7920,#993);
#475=LINE('',#7926,#994);
#476=LINE('',#7928,#995);
#477=LINE('',#7930,#996);
#478=LINE('',#7936,#997);
#479=LINE('',#7938,#998);
#480=LINE('',#7940,#999);
#481=LINE('',#7942,#1000);
#482=LINE('',#7946,#1001);
#483=LINE('',#7948,#1002);
#484=LINE('',#7950,#1003);
#485=LINE('',#7954,#1004);
#486=LINE('',#7956,#1005);
#487=LINE('',#7958,#1006);
#488=LINE('',#7962,#1007);
#489=LINE('',#7964,#1008);
#490=LINE('',#7966,#1009);
#491=LINE('',#7970,#1010);
#492=LINE('',#7972,#1011);
#493=LINE('',#7974,#1012);
#494=LINE('',#7976,#1013);
#495=LINE('',#7980,#1014);
#496=LINE('',#7982,#1015);
#497=LINE('',#7984,#1016);
#498=LINE('',#7988,#1017);
#499=LINE('',#7990,#1018);
#500=LINE('',#7994,#1019);
#501=LINE('',#7996,#1020);
#502=LINE('',#7998,#1021);
#503=LINE('',#8002,#1022);
#504=LINE('',#8004,#1023);
#505=LINE('',#8006,#1024);
#506=LINE('',#8010,#1025);
#507=LINE('',#8012,#1026);
#508=LINE('',#8016,#1027);
#509=LINE('',#8018,#1028);
#510=LINE('',#8024,#1029);
#511=LINE('',#8027,#1030);
#512=LINE('',#8029,#1031);
#513=LINE('',#8031,#1032);
#514=LINE('',#8033,#1033);
#515=LINE('',#8035,#1034);
#516=LINE('',#8036,#1035);
#517=LINE('',#8039,#1036);
#518=LINE('',#8043,#1037);
#519=LINE('',#8045,#1038);
#520=LINE('',#8048,#1039);
#521=LINE('',#8049,#1040);
#522=LINE('',#8051,#1041);
#523=LINE('',#8054,#1042);
#524=LINE('',#8055,#1043);
#525=LINE('',#8057,#1044);
#526=LINE('',#8061,#1045);
#527=LINE('',#8063,#1046);
#528=LINE('',#8065,#1047);
#529=LINE('',#8067,#1048);
#530=LINE('',#8070,#1049);
#531=LINE('',#8072,#1050);
#532=LINE('',#8074,#1051);
#533=LINE('',#8076,#1052);
#534=LINE('',#8078,#1053);
#535=LINE('',#8079,#1054);
#536=LINE('',#8082,#1055);
#537=LINE('',#8086,#1056);
#538=LINE('',#8088,#1057);
#539=LINE('',#8091,#1058);
#540=LINE('',#8092,#1059);
#541=LINE('',#8094,#1060);
#542=LINE('',#8098,#1061);
#543=LINE('',#8100,#1062);
#544=LINE('',#8102,#1063);
#545=LINE('',#8107,#1064);
#546=LINE('',#8111,#1065);
#547=LINE('',#8113,#1066);
#548=LINE('',#8116,#1067);
#549=LINE('',#8118,#1068);
#550=LINE('',#8120,#1069);
#551=LINE('',#8122,#1070);
#552=LINE('',#8124,#1071);
#553=LINE('',#8126,#1072);
#554=LINE('',#8128,#1073);
#555=LINE('',#8131,#1074);
#556=LINE('',#8133,#1075);
#557=LINE('',#8135,#1076);
#558=LINE('',#8137,#1077);
#559=LINE('',#8139,#1078);
#560=LINE('',#8141,#1079);
#561=LINE('',#8143,#1080);
#562=LINE('',#8146,#1081);
#563=LINE('',#8148,#1082);
#564=LINE('',#8150,#1083);
#565=LINE('',#8152,#1084);
#566=LINE('',#8154,#1085);
#567=LINE('',#8156,#1086);
#568=LINE('',#8158,#1087);
#569=LINE('',#8160,#1088);
#570=LINE('',#8162,#1089);
#571=LINE('',#8165,#1090);
#572=LINE('',#8167,#1091);
#573=LINE('',#8169,#1092);
#574=LINE('',#8171,#1093);
#575=LINE('',#8173,#1094);
#576=LINE('',#8174,#1095);
#577=LINE('',#8177,#1096);
#578=LINE('',#8179,#1097);
#579=LINE('',#8181,#1098);
#580=LINE('',#8184,#1099);
#581=LINE('',#8186,#1100);
#582=LINE('',#8188,#1101);
#583=LINE('',#8190,#1102);
#584=LINE('',#8192,#1103);
#585=LINE('',#8193,#1104);
#586=LINE('',#8199,#1105);
#587=LINE('',#8201,#1106);
#588=LINE('',#8202,#1107);
#589=LINE('',#8203,#1108);
#590=LINE('',#8205,#1109);
#591=LINE('',#8206,#1110);
#592=LINE('',#8208,#1111);
#593=LINE('',#8210,#1112);
#594=LINE('',#8212,#1113);
#595=LINE('',#8214,#1114);
#596=LINE('',#8216,#1115);
#597=LINE('',#8218,#1116);
#598=LINE('',#8224,#1117);
#599=LINE('',#8228,#1118);
#600=LINE('',#8232,#1119);
#601=LINE('',#8234,#1120);
#602=LINE('',#8235,#1121);
#603=LINE('',#8237,#1122);
#604=LINE('',#8245,#1123);
#605=LINE('',#8247,#1124);
#606=LINE('',#8249,#1125);
#607=LINE('',#8251,#1126);
#608=LINE('',#8254,#1127);
#609=LINE('',#8256,#1128);
#610=LINE('',#8258,#1129);
#611=LINE('',#8260,#1130);
#612=LINE('',#8262,#1131);
#613=LINE('',#8264,#1132);
#614=LINE('',#8265,#1133);
#615=LINE('',#8267,#1134);
#616=LINE('',#8269,#1135);
#617=LINE('',#8271,#1136);
#618=LINE('',#8273,#1137);
#619=LINE('',#8276,#1138);
#620=LINE('',#8279,#1139);
#621=LINE('',#8281,#1140);
#622=LINE('',#8283,#1141);
#623=LINE('',#8285,#1142);
#624=LINE('',#8287,#1143);
#625=LINE('',#8289,#1144);
#626=LINE('',#8290,#1145);
#627=LINE('',#8292,#1146);
#628=LINE('',#8294,#1147);
#629=LINE('',#8296,#1148);
#630=LINE('',#8298,#1149);
#631=LINE('',#8301,#1150);
#632=LINE('',#8304,#1151);
#633=LINE('',#8306,#1152);
#634=LINE('',#8308,#1153);
#635=LINE('',#8310,#1154);
#636=LINE('',#8312,#1155);
#637=LINE('',#8314,#1156);
#638=LINE('',#8315,#1157);
#639=LINE('',#8317,#1158);
#640=LINE('',#8319,#1159);
#641=LINE('',#8321,#1160);
#642=LINE('',#8323,#1161);
#643=LINE('',#8326,#1162);
#644=LINE('',#8328,#1163);
#645=LINE('',#8330,#1164);
#646=LINE('',#8332,#1165);
#647=LINE('',#8334,#1166);
#648=LINE('',#8336,#1167);
#649=LINE('',#8338,#1168);
#650=LINE('',#8340,#1169);
#651=LINE('',#8342,#1170);
#652=LINE('',#8344,#1171);
#653=LINE('',#8346,#1172);
#654=LINE('',#8348,#1173);
#655=LINE('',#8352,#1174);
#656=LINE('',#8356,#1175);
#657=LINE('',#8358,#1176);
#658=LINE('',#8360,#1177);
#659=LINE('',#8362,#1178);
#660=LINE('',#8363,#1179);
#661=LINE('',#8364,#1180);
#662=LINE('',#8365,#1181);
#663=LINE('',#8369,#1182);
#664=LINE('',#8371,#1183);
#665=LINE('',#8373,#1184);
#666=LINE('',#8375,#1185);
#667=LINE('',#8382,#1186);
#668=LINE('',#8385,#1187);
#669=LINE('',#8387,#1188);
#670=VECTOR('',#5514,1.);
#671=VECTOR('',#5515,1.);
#672=VECTOR('',#5516,1.);
#673=VECTOR('',#5517,1.);
#674=VECTOR('',#5518,1.);
#675=VECTOR('',#5519,1.);
#676=VECTOR('',#5520,1.);
#677=VECTOR('',#5521,1.);
#678=VECTOR('',#5522,1.);
#679=VECTOR('',#5525,1.);
#680=VECTOR('',#5526,1.);
#681=VECTOR('',#5527,1.);
#682=VECTOR('',#5530,1.);
#683=VECTOR('',#5533,1.);
#684=VECTOR('',#5536,1.);
#685=VECTOR('',#5539,1.);
#686=VECTOR('',#5540,1.);
#687=VECTOR('',#5541,1.);
#688=VECTOR('',#5542,1.);
#689=VECTOR('',#5543,1.);
#690=VECTOR('',#5548,1.);
#691=VECTOR('',#5549,1.);
#692=VECTOR('',#5550,1.);
#693=VECTOR('',#5551,1.);
#694=VECTOR('',#5552,1.);
#695=VECTOR('',#5553,1.);
#696=VECTOR('',#5554,1.);
#697=VECTOR('',#5557,1.);
#698=VECTOR('',#5558,1.);
#699=VECTOR('',#5559,1.);
#700=VECTOR('',#5560,1.);
#701=VECTOR('',#5561,1.);
#702=VECTOR('',#5562,1.);
#703=VECTOR('',#5563,1.);
#704=VECTOR('',#5564,1.);
#705=VECTOR('',#5567,1.);
#706=VECTOR('',#5572,1.);
#707=VECTOR('',#5575,1.);
#708=VECTOR('',#5578,1.);
#709=VECTOR('',#5581,1.);
#710=VECTOR('',#5584,1.);
#711=VECTOR('',#5587,1.);
#712=VECTOR('',#5590,1.);
#713=VECTOR('',#5593,1.);
#714=VECTOR('',#5596,1.);
#715=VECTOR('',#5599,1.);
#716=VECTOR('',#5602,1.);
#717=VECTOR('',#5605,1.);
#718=VECTOR('',#5608,1.);
#719=VECTOR('',#5611,1.);
#720=VECTOR('',#5614,1.);
#721=VECTOR('',#5617,1.);
#722=VECTOR('',#5620,1.);
#723=VECTOR('',#5623,1.);
#724=VECTOR('',#5626,1.);
#725=VECTOR('',#5629,1.);
#726=VECTOR('',#5632,1.);
#727=VECTOR('',#5635,1.);
#728=VECTOR('',#5638,1.);
#729=VECTOR('',#5639,1.);
#730=VECTOR('',#5640,1.);
#731=VECTOR('',#5641,1.);
#732=VECTOR('',#5642,1.);
#733=VECTOR('',#5643,1.);
#734=VECTOR('',#5644,1.);
#735=VECTOR('',#5645,1.);
#736=VECTOR('',#5646,1.);
#737=VECTOR('',#5647,1.);
#738=VECTOR('',#5648,1.);
#739=VECTOR('',#5649,1.);
#740=VECTOR('',#5652,1.);
#741=VECTOR('',#5655,1.);
#742=VECTOR('',#5656,1.);
#743=VECTOR('',#5657,1.);
#744=VECTOR('',#5660,1.);
#745=VECTOR('',#5661,1.);
#746=VECTOR('',#5662,1.);
#747=VECTOR('',#5665,1.);
#748=VECTOR('',#5666,1.);
#749=VECTOR('',#5667,1.);
#750=VECTOR('',#5670,1.);
#751=VECTOR('',#5671,1.);
#752=VECTOR('',#5672,1.);
#753=VECTOR('',#5673,1.);
#754=VECTOR('',#5674,1.);
#755=VECTOR('',#5675,1.);
#756=VECTOR('',#5676,1.);
#757=VECTOR('',#5679,1.);
#758=VECTOR('',#5680,1.);
#759=VECTOR('',#5681,1.);
#760=VECTOR('',#5682,1.);
#761=VECTOR('',#5683,1.);
#762=VECTOR('',#5686,1.);
#763=VECTOR('',#5687,1.);
#764=VECTOR('',#5688,1.);
#765=VECTOR('',#5689,1.);
#766=VECTOR('',#5690,1.);
#767=VECTOR('',#5691,1.);
#768=VECTOR('',#5694,1.);
#769=VECTOR('',#5695,1.);
#770=VECTOR('',#5696,1.);
#771=VECTOR('',#5697,1.);
#772=VECTOR('',#5698,1.);
#773=VECTOR('',#5699,1.);
#774=VECTOR('',#5702,1.);
#775=VECTOR('',#5703,1.);
#776=VECTOR('',#5706,1.);
#777=VECTOR('',#5707,1.);
#778=VECTOR('',#5710,1.);
#779=VECTOR('',#5711,1.);
#780=VECTOR('',#5714,1.);
#781=VECTOR('',#5715,1.);
#782=VECTOR('',#5718,1.);
#783=VECTOR('',#5719,1.);
#784=VECTOR('',#5722,1.);
#785=VECTOR('',#5729,1.);
#786=VECTOR('',#5730,1.);
#787=VECTOR('',#5731,1.);
#788=VECTOR('',#5732,1.);
#789=VECTOR('',#5735,1.);
#790=VECTOR('',#5736,1.);
#791=VECTOR('',#5737,1.);
#792=VECTOR('',#5740,1.);
#793=VECTOR('',#5741,1.);
#794=VECTOR('',#5742,1.);
#795=VECTOR('',#5743,1.);
#796=VECTOR('',#5746,1.);
#797=VECTOR('',#5747,1.);
#798=VECTOR('',#5750,1.);
#799=VECTOR('',#5753,1.);
#800=VECTOR('',#5754,1.);
#801=VECTOR('',#5757,1.);
#802=VECTOR('',#5758,1.);
#803=VECTOR('',#5761,1.);
#804=VECTOR('',#5768,1.);
#805=VECTOR('',#5769,1.);
#806=VECTOR('',#5772,1.);
#807=VECTOR('',#5773,1.);
#808=VECTOR('',#5780,1.);
#809=VECTOR('',#5781,1.);
#810=VECTOR('',#5784,1.);
#811=VECTOR('',#5785,1.);
#812=VECTOR('',#5788,1.);
#813=VECTOR('',#5789,1.);
#814=VECTOR('',#5790,1.);
#815=VECTOR('',#5793,1.);
#816=VECTOR('',#5794,1.);
#817=VECTOR('',#5795,1.);
#818=VECTOR('',#5800,1.);
#819=VECTOR('',#5809,1.);
#820=VECTOR('',#5810,1.);
#821=VECTOR('',#5815,1.);
#822=VECTOR('',#5824,1.);
#823=VECTOR('',#5825,1.);
#824=VECTOR('',#5830,1.);
#825=VECTOR('',#5833,1.);
#826=VECTOR('',#5844,1.);
#827=VECTOR('',#5847,1.);
#828=VECTOR('',#5854,1.);
#829=VECTOR('',#5855,1.);
#830=VECTOR('',#5868,1.);
#831=VECTOR('',#5871,1.);
#832=VECTOR('',#5880,1.);
#833=VECTOR('',#5881,1.);
#834=VECTOR('',#5882,1.);
#835=VECTOR('',#5883,1.);
#836=VECTOR('',#5884,1.);
#837=VECTOR('',#5887,1.);
#838=VECTOR('',#5888,1.);
#839=VECTOR('',#5891,1.);
#840=VECTOR('',#5892,1.);
#841=VECTOR('',#5895,1.);
#842=VECTOR('',#5896,1.);
#843=VECTOR('',#5899,1.);
#844=VECTOR('',#5900,1.);
#845=VECTOR('',#5901,1.);
#846=VECTOR('',#5902,1.);
#847=VECTOR('',#5905,1.);
#848=VECTOR('',#5906,1.);
#849=VECTOR('',#5911,1.);
#850=VECTOR('',#5916,1.);
#851=VECTOR('',#5919,1.);
#852=VECTOR('',#5920,1.);
#853=VECTOR('',#5921,1.);
#854=VECTOR('',#5922,1.);
#855=VECTOR('',#5927,1.);
#856=VECTOR('',#5934,1.);
#857=VECTOR('',#5935,1.);
#858=VECTOR('',#5936,1.);
#859=VECTOR('',#5937,1.);
#860=VECTOR('',#5942,1.);
#861=VECTOR('',#5949,1.);
#862=VECTOR('',#5950,1.);
#863=VECTOR('',#5951,1.);
#864=VECTOR('',#5952,1.);
#865=VECTOR('',#5955,1.);
#866=VECTOR('',#5956,1.);
#867=VECTOR('',#5957,1.);
#868=VECTOR('',#5958,1.);
#869=VECTOR('',#5963,1.);
#870=VECTOR('',#5988,1.);
#871=VECTOR('',#5991,1.);
#872=VECTOR('',#5992,1.);
#873=VECTOR('',#5995,1.);
#874=VECTOR('',#5996,1.);
#875=VECTOR('',#5999,1.);
#876=VECTOR('',#6004,1.);
#877=VECTOR('',#6007,1.);
#878=VECTOR('',#6010,1.);
#879=VECTOR('',#6011,1.);
#880=VECTOR('',#6014,1.);
#881=VECTOR('',#6015,1.);
#882=VECTOR('',#6018,1.);
#883=VECTOR('',#6019,1.);
#884=VECTOR('',#6020,1.);
#885=VECTOR('',#6021,1.);
#886=VECTOR('',#6024,1.);
#887=VECTOR('',#6025,1.);
#888=VECTOR('',#6028,1.);
#889=VECTOR('',#6031,1.);
#890=VECTOR('',#6032,1.);
#891=VECTOR('',#6035,1.);
#892=VECTOR('',#6036,1.);
#893=VECTOR('',#6041,1.);
#894=VECTOR('',#6044,1.);
#895=VECTOR('',#6045,1.);
#896=VECTOR('',#6046,1.);
#897=VECTOR('',#6049,1.);
#898=VECTOR('',#6052,1.);
#899=VECTOR('',#6053,1.);
#900=VECTOR('',#6054,1.);
#901=VECTOR('',#6055,1.);
#902=VECTOR('',#6058,1.);
#903=VECTOR('',#6059,1.);
#904=VECTOR('',#6062,1.);
#905=VECTOR('',#6069,1.);
#906=VECTOR('',#6072,1.);
#907=VECTOR('',#6073,1.);
#908=VECTOR('',#6074,1.);
#909=VECTOR('',#6077,1.);
#910=VECTOR('',#6078,1.);
#911=VECTOR('',#6081,1.);
#912=VECTOR('',#6082,1.);
#913=VECTOR('',#6083,1.);
#914=VECTOR('',#6084,1.);
#915=VECTOR('',#6087,1.);
#916=VECTOR('',#6088,1.);
#917=VECTOR('',#6091,1.);
#918=VECTOR('',#6094,1.);
#919=VECTOR('',#6095,1.);
#920=VECTOR('',#6098,1.);
#921=VECTOR('',#6101,1.);
#922=VECTOR('',#6102,1.);
#923=VECTOR('',#6109,1.);
#924=VECTOR('',#6116,1.);
#925=VECTOR('',#6117,1.);
#926=VECTOR('',#6124,1.);
#927=VECTOR('',#6131,1.);
#928=VECTOR('',#6132,1.);
#929=VECTOR('',#6133,1.);
#930=VECTOR('',#6144,1.);
#931=VECTOR('',#6147,1.);
#932=VECTOR('',#6148,1.);
#933=VECTOR('',#6151,1.);
#934=VECTOR('',#6154,1.);
#935=VECTOR('',#6157,1.);
#936=VECTOR('',#6158,1.);
#937=VECTOR('',#6159,1.);
#938=VECTOR('',#6162,1.);
#939=VECTOR('',#6163,1.);
#940=VECTOR('',#6164,1.);
#941=VECTOR('',#6167,1.);
#942=VECTOR('',#6168,1.);
#943=VECTOR('',#6175,1.);
#944=VECTOR('',#6176,1.);
#945=VECTOR('',#6177,1.);
#946=VECTOR('',#6188,1.);
#947=VECTOR('',#6189,1.);
#948=VECTOR('',#6190,1.);
#949=VECTOR('',#6207,1.);
#950=VECTOR('',#6208,1.);
#951=VECTOR('',#6209,1.);
#952=VECTOR('',#6210,1.);
#953=VECTOR('',#6211,1.);
#954=VECTOR('',#6212,1.);
#955=VECTOR('',#6219,1.);
#956=VECTOR('',#6222,1.);
#957=VECTOR('',#6223,1.);
#958=VECTOR('',#6232,1.);
#959=VECTOR('',#6233,1.);
#960=VECTOR('',#6234,1.);
#961=VECTOR('',#6261,1.);
#962=VECTOR('',#6264,1.);
#963=VECTOR('',#6283,1.);
#964=VECTOR('',#6284,1.);
#965=VECTOR('',#6285,1.);
#966=VECTOR('',#6290,1.);
#967=VECTOR('',#6293,1.);
#968=VECTOR('',#6294,1.);
#969=VECTOR('',#6295,1.);
#970=VECTOR('',#6302,1.);
#971=VECTOR('',#6303,1.);
#972=VECTOR('',#6310,1.);
#973=VECTOR('',#6311,1.);
#974=VECTOR('',#6312,1.);
#975=VECTOR('',#6317,1.);
#976=VECTOR('',#6320,1.);
#977=VECTOR('',#6321,1.);
#978=VECTOR('',#6322,1.);
#979=VECTOR('',#6329,1.);
#980=VECTOR('',#6330,1.);
#981=VECTOR('',#6331,1.);
#982=VECTOR('',#6338,1.);
#983=VECTOR('',#6339,1.);
#984=VECTOR('',#6340,1.);
#985=VECTOR('',#6345,1.);
#986=VECTOR('',#6348,1.);
#987=VECTOR('',#6349,1.);
#988=VECTOR('',#6356,1.);
#989=VECTOR('',#6357,1.);
#990=VECTOR('',#6364,1.);
#991=VECTOR('',#6367,1.);
#992=VECTOR('',#6368,1.);
#993=VECTOR('',#6369,1.);
#994=VECTOR('',#6376,1.);
#995=VECTOR('',#6379,1.);
#996=VECTOR('',#6380,1.);
#997=VECTOR('',#6387,1.);
#998=VECTOR('',#6390,1.);
#999=VECTOR('',#6391,1.);
#1000=VECTOR('',#6392,1.);
#1001=VECTOR('',#6397,1.);
#1002=VECTOR('',#6400,1.);
#1003=VECTOR('',#6401,1.);
#1004=VECTOR('',#6406,1.);
#1005=VECTOR('',#6409,1.);
#1006=VECTOR('',#6410,1.);
#1007=VECTOR('',#6417,1.);
#1008=VECTOR('',#6418,1.);
#1009=VECTOR('',#6419,1.);
#1010=VECTOR('',#6424,1.);
#1011=VECTOR('',#6427,1.);
#1012=VECTOR('',#6428,1.);
#1013=VECTOR('',#6429,1.);
#1014=VECTOR('',#6436,1.);
#1015=VECTOR('',#6437,1.);
#1016=VECTOR('',#6438,1.);
#1017=VECTOR('',#6445,1.);
#1018=VECTOR('',#6446,1.);
#1019=VECTOR('',#6453,1.);
#1020=VECTOR('',#6454,1.);
#1021=VECTOR('',#6455,1.);
#1022=VECTOR('',#6462,1.);
#1023=VECTOR('',#6463,1.);
#1024=VECTOR('',#6464,1.);
#1025=VECTOR('',#6471,1.);
#1026=VECTOR('',#6472,1.);
#1027=VECTOR('',#6479,1.);
#1028=VECTOR('',#6480,1.);
#1029=VECTOR('',#6489,1.);
#1030=VECTOR('',#6490,1.);
#1031=VECTOR('',#6491,1.);
#1032=VECTOR('',#6492,1.);
#1033=VECTOR('',#6493,1.);
#1034=VECTOR('',#6494,1.);
#1035=VECTOR('',#6495,1.);
#1036=VECTOR('',#6496,1.);
#1037=VECTOR('',#6499,1.);
#1038=VECTOR('',#6502,1.);
#1039=VECTOR('',#6503,1.);
#1040=VECTOR('',#6504,1.);
#1041=VECTOR('',#6507,1.);
#1042=VECTOR('',#6508,1.);
#1043=VECTOR('',#6509,1.);
#1044=VECTOR('',#6512,1.);
#1045=VECTOR('',#6515,1.);
#1046=VECTOR('',#6518,1.);
#1047=VECTOR('',#6519,1.);
#1048=VECTOR('',#6522,1.);
#1049=VECTOR('',#6523,1.);
#1050=VECTOR('',#6524,1.);
#1051=VECTOR('',#6525,1.);
#1052=VECTOR('',#6526,1.);
#1053=VECTOR('',#6527,1.);
#1054=VECTOR('',#6528,1.);
#1055=VECTOR('',#6529,1.);
#1056=VECTOR('',#6532,1.);
#1057=VECTOR('',#6535,1.);
#1058=VECTOR('',#6536,1.);
#1059=VECTOR('',#6537,1.);
#1060=VECTOR('',#6540,1.);
#1061=VECTOR('',#6543,1.);
#1062=VECTOR('',#6546,1.);
#1063=VECTOR('',#6547,1.);
#1064=VECTOR('',#6552,1.);
#1065=VECTOR('',#6555,1.);
#1066=VECTOR('',#6558,1.);
#1067=VECTOR('',#6559,1.);
#1068=VECTOR('',#6560,1.);
#1069=VECTOR('',#6561,1.);
#1070=VECTOR('',#6564,1.);
#1071=VECTOR('',#6565,1.);
#1072=VECTOR('',#6566,1.);
#1073=VECTOR('',#6569,1.);
#1074=VECTOR('',#6570,1.);
#1075=VECTOR('',#6571,1.);
#1076=VECTOR('',#6572,1.);
#1077=VECTOR('',#6575,1.);
#1078=VECTOR('',#6576,1.);
#1079=VECTOR('',#6577,1.);
#1080=VECTOR('',#6580,1.);
#1081=VECTOR('',#6581,1.);
#1082=VECTOR('',#6582,1.);
#1083=VECTOR('',#6583,1.);
#1084=VECTOR('',#6586,1.);
#1085=VECTOR('',#6587,1.);
#1086=VECTOR('',#6588,1.);
#1087=VECTOR('',#6591,1.);
#1088=VECTOR('',#6592,1.);
#1089=VECTOR('',#6595,1.);
#1090=VECTOR('',#6596,1.);
#1091=VECTOR('',#6597,1.);
#1092=VECTOR('',#6598,1.);
#1093=VECTOR('',#6599,1.);
#1094=VECTOR('',#6600,1.);
#1095=VECTOR('',#6601,1.);
#1096=VECTOR('',#6606,1.);
#1097=VECTOR('',#6607,1.);
#1098=VECTOR('',#6610,1.);
#1099=VECTOR('',#6611,1.);
#1100=VECTOR('',#6612,1.);
#1101=VECTOR('',#6613,1.);
#1102=VECTOR('',#6614,1.);
#1103=VECTOR('',#6615,1.);
#1104=VECTOR('',#6616,1.);
#1105=VECTOR('',#6627,1.);
#1106=VECTOR('',#6628,1.);
#1107=VECTOR('',#6629,1.);
#1108=VECTOR('',#6630,1.);
#1109=VECTOR('',#6631,1.);
#1110=VECTOR('',#6632,1.);
#1111=VECTOR('',#6633,1.);
#1112=VECTOR('',#6636,1.);
#1113=VECTOR('',#6637,1.);
#1114=VECTOR('',#6638,1.);
#1115=VECTOR('',#6641,1.);
#1116=VECTOR('',#6644,1.);
#1117=VECTOR('',#6649,1.);
#1118=VECTOR('',#6652,1.);
#1119=VECTOR('',#6657,1.);
#1120=VECTOR('',#6660,1.);
#1121=VECTOR('',#6661,1.);
#1122=VECTOR('',#6664,1.);
#1123=VECTOR('',#6679,1.);
#1124=VECTOR('',#6680,1.);
#1125=VECTOR('',#6683,1.);
#1126=VECTOR('',#6686,1.);
#1127=VECTOR('',#6687,1.);
#1128=VECTOR('',#6688,1.);
#1129=VECTOR('',#6689,1.);
#1130=VECTOR('',#6690,1.);
#1131=VECTOR('',#6691,1.);
#1132=VECTOR('',#6694,1.);
#1133=VECTOR('',#6695,1.);
#1134=VECTOR('',#6698,1.);
#1135=VECTOR('',#6701,1.);
#1136=VECTOR('',#6704,1.);
#1137=VECTOR('',#6707,1.);
#1138=VECTOR('',#6712,1.);
#1139=VECTOR('',#6713,1.);
#1140=VECTOR('',#6714,1.);
#1141=VECTOR('',#6715,1.);
#1142=VECTOR('',#6716,1.);
#1143=VECTOR('',#6717,1.);
#1144=VECTOR('',#6720,1.);
#1145=VECTOR('',#6721,1.);
#1146=VECTOR('',#6724,1.);
#1147=VECTOR('',#6727,1.);
#1148=VECTOR('',#6730,1.);
#1149=VECTOR('',#6733,1.);
#1150=VECTOR('',#6738,1.);
#1151=VECTOR('',#6739,1.);
#1152=VECTOR('',#6740,1.);
#1153=VECTOR('',#6741,1.);
#1154=VECTOR('',#6742,1.);
#1155=VECTOR('',#6743,1.);
#1156=VECTOR('',#6746,1.);
#1157=VECTOR('',#6747,1.);
#1158=VECTOR('',#6750,1.);
#1159=VECTOR('',#6753,1.);
#1160=VECTOR('',#6756,1.);
#1161=VECTOR('',#6759,1.);
#1162=VECTOR('',#6764,1.);
#1163=VECTOR('',#6765,1.);
#1164=VECTOR('',#6766,1.);
#1165=VECTOR('',#6769,1.);
#1166=VECTOR('',#6770,1.);
#1167=VECTOR('',#6773,1.);
#1168=VECTOR('',#6774,1.);
#1169=VECTOR('',#6777,1.);
#1170=VECTOR('',#6778,1.);
#1171=VECTOR('',#6781,1.);
#1172=VECTOR('',#6782,1.);
#1173=VECTOR('',#6785,1.);
#1174=VECTOR('',#6792,1.);
#1175=VECTOR('',#6797,1.);
#1176=VECTOR('',#6798,1.);
#1177=VECTOR('',#6801,1.);
#1178=VECTOR('',#6804,1.);
#1179=VECTOR('',#6805,1.);
#1180=VECTOR('',#6806,1.);
#1181=VECTOR('',#6807,1.);
#1182=VECTOR('',#6814,1.);
#1183=VECTOR('',#6817,1.);
#1184=VECTOR('',#6820,1.);
#1185=VECTOR('',#6821,1.);
#1186=VECTOR('',#6832,1.);
#1187=VECTOR('',#6837,1.);
#1188=VECTOR('',#6840,1.);
#1189=ORIENTED_EDGE('',*,*,#2633,.T.);
#1190=ORIENTED_EDGE('',*,*,#2634,.T.);
#1191=ORIENTED_EDGE('',*,*,#2635,.T.);
#1192=ORIENTED_EDGE('',*,*,#2636,.T.);
#1193=ORIENTED_EDGE('',*,*,#2637,.T.);
#1194=ORIENTED_EDGE('',*,*,#2638,.T.);
#1195=ORIENTED_EDGE('',*,*,#2639,.T.);
#1196=ORIENTED_EDGE('',*,*,#2640,.T.);
#1197=ORIENTED_EDGE('',*,*,#2641,.T.);
#1198=ORIENTED_EDGE('',*,*,#2642,.T.);
#1199=ORIENTED_EDGE('',*,*,#2643,.T.);
#1200=ORIENTED_EDGE('',*,*,#2644,.T.);
#1201=ORIENTED_EDGE('',*,*,#2645,.T.);
#1202=ORIENTED_EDGE('',*,*,#2646,.T.);
#1203=ORIENTED_EDGE('',*,*,#2647,.T.);
#1204=ORIENTED_EDGE('',*,*,#2648,.T.);
#1205=ORIENTED_EDGE('',*,*,#2649,.F.);
#1206=ORIENTED_EDGE('',*,*,#2650,.T.);
#1207=ORIENTED_EDGE('',*,*,#2651,.F.);
#1208=ORIENTED_EDGE('',*,*,#2652,.T.);
#1209=ORIENTED_EDGE('',*,*,#2653,.F.);
#1210=ORIENTED_EDGE('',*,*,#2654,.T.);
#1211=ORIENTED_EDGE('',*,*,#2655,.F.);
#1212=ORIENTED_EDGE('',*,*,#2656,.T.);
#1213=ORIENTED_EDGE('',*,*,#2657,.T.);
#1214=ORIENTED_EDGE('',*,*,#2658,.F.);
#1215=ORIENTED_EDGE('',*,*,#2659,.F.);
#1216=ORIENTED_EDGE('',*,*,#2660,.T.);
#1217=ORIENTED_EDGE('',*,*,#2661,.F.);
#1218=ORIENTED_EDGE('',*,*,#2662,.F.);
#1219=ORIENTED_EDGE('',*,*,#2656,.F.);
#1220=ORIENTED_EDGE('',*,*,#2663,.F.);
#1221=ORIENTED_EDGE('',*,*,#2664,.F.);
#1222=ORIENTED_EDGE('',*,*,#2665,.F.);
#1223=ORIENTED_EDGE('',*,*,#2666,.F.);
#1224=ORIENTED_EDGE('',*,*,#2667,.F.);
#1225=ORIENTED_EDGE('',*,*,#2668,.T.);
#1226=ORIENTED_EDGE('',*,*,#2669,.T.);
#1227=ORIENTED_EDGE('',*,*,#2670,.T.);
#1228=ORIENTED_EDGE('',*,*,#2671,.F.);
#1229=ORIENTED_EDGE('',*,*,#2672,.F.);
#1230=ORIENTED_EDGE('',*,*,#2673,.T.);
#1231=ORIENTED_EDGE('',*,*,#2674,.F.);
#1232=ORIENTED_EDGE('',*,*,#2658,.T.);
#1233=ORIENTED_EDGE('',*,*,#2675,.T.);
#1234=ORIENTED_EDGE('',*,*,#2676,.F.);
#1235=ORIENTED_EDGE('',*,*,#2677,.T.);
#1236=ORIENTED_EDGE('',*,*,#2678,.T.);
#1237=ORIENTED_EDGE('',*,*,#2679,.T.);
#1238=ORIENTED_EDGE('',*,*,#2680,.F.);
#1239=ORIENTED_EDGE('',*,*,#2681,.T.);
#1240=ORIENTED_EDGE('',*,*,#2682,.F.);
#1241=ORIENTED_EDGE('',*,*,#2683,.T.);
#1242=ORIENTED_EDGE('',*,*,#2684,.F.);
#1243=ORIENTED_EDGE('',*,*,#2685,.T.);
#1244=ORIENTED_EDGE('',*,*,#2686,.F.);
#1245=ORIENTED_EDGE('',*,*,#2687,.T.);
#1246=ORIENTED_EDGE('',*,*,#2688,.F.);
#1247=ORIENTED_EDGE('',*,*,#2689,.T.);
#1248=ORIENTED_EDGE('',*,*,#2690,.F.);
#1249=ORIENTED_EDGE('',*,*,#2691,.T.);
#1250=ORIENTED_EDGE('',*,*,#2692,.F.);
#1251=ORIENTED_EDGE('',*,*,#2693,.T.);
#1252=ORIENTED_EDGE('',*,*,#2694,.F.);
#1253=ORIENTED_EDGE('',*,*,#2695,.T.);
#1254=ORIENTED_EDGE('',*,*,#2696,.F.);
#1255=ORIENTED_EDGE('',*,*,#2697,.T.);
#1256=ORIENTED_EDGE('',*,*,#2698,.F.);
#1257=ORIENTED_EDGE('',*,*,#2699,.T.);
#1258=ORIENTED_EDGE('',*,*,#2700,.F.);
#1259=ORIENTED_EDGE('',*,*,#2701,.T.);
#1260=ORIENTED_EDGE('',*,*,#2702,.F.);
#1261=ORIENTED_EDGE('',*,*,#2703,.T.);
#1262=ORIENTED_EDGE('',*,*,#2704,.F.);
#1263=ORIENTED_EDGE('',*,*,#2705,.T.);
#1264=ORIENTED_EDGE('',*,*,#2706,.F.);
#1265=ORIENTED_EDGE('',*,*,#2707,.T.);
#1266=ORIENTED_EDGE('',*,*,#2708,.F.);
#1267=ORIENTED_EDGE('',*,*,#2709,.T.);
#1268=ORIENTED_EDGE('',*,*,#2710,.F.);
#1269=ORIENTED_EDGE('',*,*,#2711,.T.);
#1270=ORIENTED_EDGE('',*,*,#2712,.F.);
#1271=ORIENTED_EDGE('',*,*,#2713,.T.);
#1272=ORIENTED_EDGE('',*,*,#2714,.F.);
#1273=ORIENTED_EDGE('',*,*,#2715,.T.);
#1274=ORIENTED_EDGE('',*,*,#2716,.F.);
#1275=ORIENTED_EDGE('',*,*,#2717,.T.);
#1276=ORIENTED_EDGE('',*,*,#2718,.F.);
#1277=ORIENTED_EDGE('',*,*,#2719,.T.);
#1278=ORIENTED_EDGE('',*,*,#2720,.F.);
#1279=ORIENTED_EDGE('',*,*,#2721,.T.);
#1280=ORIENTED_EDGE('',*,*,#2722,.F.);
#1281=ORIENTED_EDGE('',*,*,#2723,.T.);
#1282=ORIENTED_EDGE('',*,*,#2724,.F.);
#1283=ORIENTED_EDGE('',*,*,#2725,.T.);
#1284=ORIENTED_EDGE('',*,*,#2726,.F.);
#1285=ORIENTED_EDGE('',*,*,#2727,.F.);
#1286=ORIENTED_EDGE('',*,*,#2728,.F.);
#1287=ORIENTED_EDGE('',*,*,#2667,.T.);
#1288=ORIENTED_EDGE('',*,*,#2729,.T.);
#1289=ORIENTED_EDGE('',*,*,#2669,.F.);
#1290=ORIENTED_EDGE('',*,*,#2730,.F.);
#1291=ORIENTED_EDGE('',*,*,#2731,.T.);
#1292=ORIENTED_EDGE('',*,*,#2732,.F.);
#1293=ORIENTED_EDGE('',*,*,#2733,.F.);
#1294=ORIENTED_EDGE('',*,*,#2734,.F.);
#1295=ORIENTED_EDGE('',*,*,#2735,.T.);
#1296=ORIENTED_EDGE('',*,*,#2736,.F.);
#1297=ORIENTED_EDGE('',*,*,#2737,.T.);
#1298=ORIENTED_EDGE('',*,*,#2738,.F.);
#1299=ORIENTED_EDGE('',*,*,#2739,.T.);
#1300=ORIENTED_EDGE('',*,*,#2740,.T.);
#1301=ORIENTED_EDGE('',*,*,#2666,.T.);
#1302=ORIENTED_EDGE('',*,*,#2741,.T.);
#1303=ORIENTED_EDGE('',*,*,#2742,.T.);
#1304=ORIENTED_EDGE('',*,*,#2743,.F.);
#1305=ORIENTED_EDGE('',*,*,#2670,.F.);
#1306=ORIENTED_EDGE('',*,*,#2729,.F.);
#1307=ORIENTED_EDGE('',*,*,#2662,.T.);
#1308=ORIENTED_EDGE('',*,*,#2744,.T.);
#1309=ORIENTED_EDGE('',*,*,#2745,.T.);
#1310=ORIENTED_EDGE('',*,*,#2746,.T.);
#1311=ORIENTED_EDGE('',*,*,#2675,.F.);
#1312=ORIENTED_EDGE('',*,*,#2657,.F.);
#1313=ORIENTED_EDGE('',*,*,#2747,.T.);
#1314=ORIENTED_EDGE('',*,*,#2748,.T.);
#1315=ORIENTED_EDGE('',*,*,#2749,.F.);
#1316=ORIENTED_EDGE('',*,*,#2750,.F.);
#1317=ORIENTED_EDGE('',*,*,#2751,.T.);
#1318=ORIENTED_EDGE('',*,*,#2752,.T.);
#1319=ORIENTED_EDGE('',*,*,#2753,.T.);
#1320=ORIENTED_EDGE('',*,*,#2754,.T.);
#1321=ORIENTED_EDGE('',*,*,#2755,.F.);
#1322=ORIENTED_EDGE('',*,*,#2756,.T.);
#1323=ORIENTED_EDGE('',*,*,#2757,.F.);
#1324=ORIENTED_EDGE('',*,*,#2739,.F.);
#1325=ORIENTED_EDGE('',*,*,#2758,.T.);
#1326=ORIENTED_EDGE('',*,*,#2759,.T.);
#1327=ORIENTED_EDGE('',*,*,#2760,.T.);
#1328=ORIENTED_EDGE('',*,*,#2761,.T.);
#1329=ORIENTED_EDGE('',*,*,#2752,.F.);
#1330=ORIENTED_EDGE('',*,*,#2762,.T.);
#1331=ORIENTED_EDGE('',*,*,#2763,.T.);
#1332=ORIENTED_EDGE('',*,*,#2764,.T.);
#1333=ORIENTED_EDGE('',*,*,#2765,.F.);
#1334=ORIENTED_EDGE('',*,*,#2723,.F.);
#1335=ORIENTED_EDGE('',*,*,#2743,.T.);
#1336=ORIENTED_EDGE('',*,*,#2766,.T.);
#1337=ORIENTED_EDGE('',*,*,#2767,.T.);
#1338=ORIENTED_EDGE('',*,*,#2768,.T.);
#1339=ORIENTED_EDGE('',*,*,#2769,.T.);
#1340=ORIENTED_EDGE('',*,*,#2770,.T.);
#1341=ORIENTED_EDGE('',*,*,#2771,.T.);
#1342=ORIENTED_EDGE('',*,*,#2671,.T.);
#1343=ORIENTED_EDGE('',*,*,#2772,.F.);
#1344=ORIENTED_EDGE('',*,*,#2773,.T.);
#1345=ORIENTED_EDGE('',*,*,#2766,.F.);
#1346=ORIENTED_EDGE('',*,*,#2742,.F.);
#1347=ORIENTED_EDGE('',*,*,#2774,.F.);
#1348=ORIENTED_EDGE('',*,*,#2775,.T.);
#1349=ORIENTED_EDGE('',*,*,#2767,.F.);
#1350=ORIENTED_EDGE('',*,*,#2773,.F.);
#1351=ORIENTED_EDGE('',*,*,#2776,.F.);
#1352=ORIENTED_EDGE('',*,*,#2777,.T.);
#1353=ORIENTED_EDGE('',*,*,#2768,.F.);
#1354=ORIENTED_EDGE('',*,*,#2775,.F.);
#1355=ORIENTED_EDGE('',*,*,#2778,.F.);
#1356=ORIENTED_EDGE('',*,*,#2779,.T.);
#1357=ORIENTED_EDGE('',*,*,#2769,.F.);
#1358=ORIENTED_EDGE('',*,*,#2777,.F.);
#1359=ORIENTED_EDGE('',*,*,#2780,.F.);
#1360=ORIENTED_EDGE('',*,*,#2781,.T.);
#1361=ORIENTED_EDGE('',*,*,#2770,.F.);
#1362=ORIENTED_EDGE('',*,*,#2779,.F.);
#1363=ORIENTED_EDGE('',*,*,#2782,.F.);
#1364=ORIENTED_EDGE('',*,*,#2672,.T.);
#1365=ORIENTED_EDGE('',*,*,#2771,.F.);
#1366=ORIENTED_EDGE('',*,*,#2781,.F.);
#1367=ORIENTED_EDGE('',*,*,#2783,.T.);
#1368=ORIENTED_EDGE('',*,*,#2784,.T.);
#1369=ORIENTED_EDGE('',*,*,#2785,.T.);
#1370=ORIENTED_EDGE('',*,*,#2786,.T.);
#1371=ORIENTED_EDGE('',*,*,#2787,.T.);
#1372=ORIENTED_EDGE('',*,*,#2788,.T.);
#1373=ORIENTED_EDGE('',*,*,#2789,.F.);
#1374=ORIENTED_EDGE('',*,*,#2790,.T.);
#1375=ORIENTED_EDGE('',*,*,#2785,.F.);
#1376=ORIENTED_EDGE('',*,*,#2791,.F.);
#1377=ORIENTED_EDGE('',*,*,#2792,.F.);
#1378=ORIENTED_EDGE('',*,*,#2793,.F.);
#1379=ORIENTED_EDGE('',*,*,#2794,.T.);
#1380=ORIENTED_EDGE('',*,*,#2786,.F.);
#1381=ORIENTED_EDGE('',*,*,#2790,.F.);
#1382=ORIENTED_EDGE('',*,*,#2795,.F.);
#1383=ORIENTED_EDGE('',*,*,#2796,.F.);
#1384=ORIENTED_EDGE('',*,*,#2797,.T.);
#1385=ORIENTED_EDGE('',*,*,#2787,.F.);
#1386=ORIENTED_EDGE('',*,*,#2794,.F.);
#1387=ORIENTED_EDGE('',*,*,#2798,.F.);
#1388=ORIENTED_EDGE('',*,*,#2791,.T.);
#1389=ORIENTED_EDGE('',*,*,#2788,.F.);
#1390=ORIENTED_EDGE('',*,*,#2797,.F.);
#1391=ORIENTED_EDGE('',*,*,#2796,.T.);
#1392=ORIENTED_EDGE('',*,*,#2793,.T.);
#1393=ORIENTED_EDGE('',*,*,#2799,.T.);
#1394=ORIENTED_EDGE('',*,*,#2800,.F.);
#1395=ORIENTED_EDGE('',*,*,#2801,.T.);
#1396=ORIENTED_EDGE('',*,*,#2795,.T.);
#1397=ORIENTED_EDGE('',*,*,#2789,.T.);
#1398=ORIENTED_EDGE('',*,*,#2802,.F.);
#1399=ORIENTED_EDGE('',*,*,#2803,.T.);
#1400=ORIENTED_EDGE('',*,*,#2802,.T.);
#1401=ORIENTED_EDGE('',*,*,#2798,.T.);
#1402=ORIENTED_EDGE('',*,*,#2800,.T.);
#1403=ORIENTED_EDGE('',*,*,#2804,.T.);
#1404=ORIENTED_EDGE('',*,*,#2805,.T.);
#1405=ORIENTED_EDGE('',*,*,#2806,.T.);
#1406=ORIENTED_EDGE('',*,*,#2732,.T.);
#1407=ORIENTED_EDGE('',*,*,#2807,.T.);
#1408=ORIENTED_EDGE('',*,*,#2808,.T.);
#1409=ORIENTED_EDGE('',*,*,#2809,.T.);
#1410=ORIENTED_EDGE('',*,*,#2807,.F.);
#1411=ORIENTED_EDGE('',*,*,#2731,.F.);
#1412=ORIENTED_EDGE('',*,*,#2810,.F.);
#1413=ORIENTED_EDGE('',*,*,#2811,.T.);
#1414=ORIENTED_EDGE('',*,*,#2812,.T.);
#1415=ORIENTED_EDGE('',*,*,#2813,.T.);
#1416=ORIENTED_EDGE('',*,*,#2726,.T.);
#1417=ORIENTED_EDGE('',*,*,#2814,.T.);
#1418=ORIENTED_EDGE('',*,*,#2815,.T.);
#1419=ORIENTED_EDGE('',*,*,#2816,.F.);
#1420=ORIENTED_EDGE('',*,*,#2727,.T.);
#1421=ORIENTED_EDGE('',*,*,#2813,.F.);
#1422=ORIENTED_EDGE('',*,*,#2817,.F.);
#1423=ORIENTED_EDGE('',*,*,#2818,.T.);
#1424=ORIENTED_EDGE('',*,*,#2819,.F.);
#1425=ORIENTED_EDGE('',*,*,#2820,.F.);
#1426=ORIENTED_EDGE('',*,*,#2821,.F.);
#1427=ORIENTED_EDGE('',*,*,#2822,.T.);
#1428=ORIENTED_EDGE('',*,*,#2823,.F.);
#1429=ORIENTED_EDGE('',*,*,#2824,.F.);
#1430=ORIENTED_EDGE('',*,*,#2825,.F.);
#1431=ORIENTED_EDGE('',*,*,#2826,.T.);
#1432=ORIENTED_EDGE('',*,*,#2827,.F.);
#1433=ORIENTED_EDGE('',*,*,#2828,.T.);
#1434=ORIENTED_EDGE('',*,*,#2829,.T.);
#1435=ORIENTED_EDGE('',*,*,#2827,.T.);
#1436=ORIENTED_EDGE('',*,*,#2830,.T.);
#1437=ORIENTED_EDGE('',*,*,#2820,.T.);
#1438=ORIENTED_EDGE('',*,*,#2831,.F.);
#1439=ORIENTED_EDGE('',*,*,#2832,.T.);
#1440=ORIENTED_EDGE('',*,*,#2833,.T.);
#1441=ORIENTED_EDGE('',*,*,#2834,.F.);
#1442=ORIENTED_EDGE('',*,*,#2835,.T.);
#1443=ORIENTED_EDGE('',*,*,#2836,.T.);
#1444=ORIENTED_EDGE('',*,*,#2834,.T.);
#1445=ORIENTED_EDGE('',*,*,#2837,.T.);
#1446=ORIENTED_EDGE('',*,*,#2824,.T.);
#1447=ORIENTED_EDGE('',*,*,#2838,.F.);
#1448=ORIENTED_EDGE('',*,*,#2839,.T.);
#1449=ORIENTED_EDGE('',*,*,#2840,.F.);
#1450=ORIENTED_EDGE('',*,*,#2825,.T.);
#1451=ORIENTED_EDGE('',*,*,#2837,.F.);
#1452=ORIENTED_EDGE('',*,*,#2835,.F.);
#1453=ORIENTED_EDGE('',*,*,#2836,.F.);
#1454=ORIENTED_EDGE('',*,*,#2841,.F.);
#1455=ORIENTED_EDGE('',*,*,#2842,.T.);
#1456=ORIENTED_EDGE('',*,*,#2841,.T.);
#1457=ORIENTED_EDGE('',*,*,#2839,.F.);
#1458=ORIENTED_EDGE('',*,*,#2843,.F.);
#1459=ORIENTED_EDGE('',*,*,#2842,.F.);
#1460=ORIENTED_EDGE('',*,*,#2844,.T.);
#1461=ORIENTED_EDGE('',*,*,#2845,.T.);
#1462=ORIENTED_EDGE('',*,*,#2822,.F.);
#1463=ORIENTED_EDGE('',*,*,#2840,.T.);
#1464=ORIENTED_EDGE('',*,*,#2846,.F.);
#1465=ORIENTED_EDGE('',*,*,#2817,.T.);
#1466=ORIENTED_EDGE('',*,*,#2812,.F.);
#1467=ORIENTED_EDGE('',*,*,#2847,.F.);
#1468=ORIENTED_EDGE('',*,*,#2848,.T.);
#1469=ORIENTED_EDGE('',*,*,#2847,.T.);
#1470=ORIENTED_EDGE('',*,*,#2814,.F.);
#1471=ORIENTED_EDGE('',*,*,#2725,.F.);
#1472=ORIENTED_EDGE('',*,*,#2849,.F.);
#1473=ORIENTED_EDGE('',*,*,#2848,.F.);
#1474=ORIENTED_EDGE('',*,*,#2850,.T.);
#1475=ORIENTED_EDGE('',*,*,#2815,.F.);
#1476=ORIENTED_EDGE('',*,*,#2846,.T.);
#1477=ORIENTED_EDGE('',*,*,#2851,.T.);
#1478=ORIENTED_EDGE('',*,*,#2852,.F.);
#1479=ORIENTED_EDGE('',*,*,#2733,.T.);
#1480=ORIENTED_EDGE('',*,*,#2806,.F.);
#1481=ORIENTED_EDGE('',*,*,#2853,.F.);
#1482=ORIENTED_EDGE('',*,*,#2854,.F.);
#1483=ORIENTED_EDGE('',*,*,#2853,.T.);
#1484=ORIENTED_EDGE('',*,*,#2805,.F.);
#1485=ORIENTED_EDGE('',*,*,#2809,.F.);
#1486=ORIENTED_EDGE('',*,*,#2808,.F.);
#1487=ORIENTED_EDGE('',*,*,#2855,.T.);
#1488=ORIENTED_EDGE('',*,*,#2851,.F.);
#1489=ORIENTED_EDGE('',*,*,#2854,.T.);
#1490=ORIENTED_EDGE('',*,*,#2856,.F.);
#1491=ORIENTED_EDGE('',*,*,#2821,.T.);
#1492=ORIENTED_EDGE('',*,*,#2830,.F.);
#1493=ORIENTED_EDGE('',*,*,#2828,.F.);
#1494=ORIENTED_EDGE('',*,*,#2829,.F.);
#1495=ORIENTED_EDGE('',*,*,#2857,.F.);
#1496=ORIENTED_EDGE('',*,*,#2858,.T.);
#1497=ORIENTED_EDGE('',*,*,#2857,.T.);
#1498=ORIENTED_EDGE('',*,*,#2832,.F.);
#1499=ORIENTED_EDGE('',*,*,#2859,.F.);
#1500=ORIENTED_EDGE('',*,*,#2858,.F.);
#1501=ORIENTED_EDGE('',*,*,#2860,.T.);
#1502=ORIENTED_EDGE('',*,*,#2861,.T.);
#1503=ORIENTED_EDGE('',*,*,#2818,.F.);
#1504=ORIENTED_EDGE('',*,*,#2856,.T.);
#1505=ORIENTED_EDGE('',*,*,#2640,.F.);
#1506=ORIENTED_EDGE('',*,*,#2862,.F.);
#1507=ORIENTED_EDGE('',*,*,#2863,.F.);
#1508=ORIENTED_EDGE('',*,*,#2864,.T.);
#1509=ORIENTED_EDGE('',*,*,#2865,.T.);
#1510=ORIENTED_EDGE('',*,*,#2866,.T.);
#1511=ORIENTED_EDGE('',*,*,#2639,.F.);
#1512=ORIENTED_EDGE('',*,*,#2867,.F.);
#1513=ORIENTED_EDGE('',*,*,#2868,.F.);
#1514=ORIENTED_EDGE('',*,*,#2862,.T.);
#1515=ORIENTED_EDGE('',*,*,#2638,.F.);
#1516=ORIENTED_EDGE('',*,*,#2869,.F.);
#1517=ORIENTED_EDGE('',*,*,#2870,.F.);
#1518=ORIENTED_EDGE('',*,*,#2867,.T.);
#1519=ORIENTED_EDGE('',*,*,#2637,.F.);
#1520=ORIENTED_EDGE('',*,*,#2871,.F.);
#1521=ORIENTED_EDGE('',*,*,#2872,.F.);
#1522=ORIENTED_EDGE('',*,*,#2869,.T.);
#1523=ORIENTED_EDGE('',*,*,#2636,.F.);
#1524=ORIENTED_EDGE('',*,*,#2873,.T.);
#1525=ORIENTED_EDGE('',*,*,#2874,.F.);
#1526=ORIENTED_EDGE('',*,*,#2875,.T.);
#1527=ORIENTED_EDGE('',*,*,#2876,.F.);
#1528=ORIENTED_EDGE('',*,*,#2871,.T.);
#1529=ORIENTED_EDGE('',*,*,#2865,.F.);
#1530=ORIENTED_EDGE('',*,*,#2877,.T.);
#1531=ORIENTED_EDGE('',*,*,#2874,.T.);
#1532=ORIENTED_EDGE('',*,*,#2878,.T.);
#1533=ORIENTED_EDGE('',*,*,#2879,.F.);
#1534=ORIENTED_EDGE('',*,*,#2880,.T.);
#1535=ORIENTED_EDGE('',*,*,#2881,.F.);
#1536=ORIENTED_EDGE('',*,*,#2882,.F.);
#1537=ORIENTED_EDGE('',*,*,#2883,.F.);
#1538=ORIENTED_EDGE('',*,*,#2884,.T.);
#1539=ORIENTED_EDGE('',*,*,#2885,.T.);
#1540=ORIENTED_EDGE('',*,*,#2886,.F.);
#1541=ORIENTED_EDGE('',*,*,#2887,.F.);
#1542=ORIENTED_EDGE('',*,*,#2888,.F.);
#1543=ORIENTED_EDGE('',*,*,#2889,.F.);
#1544=ORIENTED_EDGE('',*,*,#2890,.T.);
#1545=ORIENTED_EDGE('',*,*,#2891,.F.);
#1546=ORIENTED_EDGE('',*,*,#2892,.F.);
#1547=ORIENTED_EDGE('',*,*,#2885,.F.);
#1548=ORIENTED_EDGE('',*,*,#2893,.T.);
#1549=ORIENTED_EDGE('',*,*,#2894,.T.);
#1550=ORIENTED_EDGE('',*,*,#2895,.F.);
#1551=ORIENTED_EDGE('',*,*,#2896,.F.);
#1552=ORIENTED_EDGE('',*,*,#2897,.F.);
#1553=ORIENTED_EDGE('',*,*,#2898,.F.);
#1554=ORIENTED_EDGE('',*,*,#2899,.T.);
#1555=ORIENTED_EDGE('',*,*,#2900,.F.);
#1556=ORIENTED_EDGE('',*,*,#2901,.F.);
#1557=ORIENTED_EDGE('',*,*,#2894,.F.);
#1558=ORIENTED_EDGE('',*,*,#2902,.F.);
#1559=ORIENTED_EDGE('',*,*,#2903,.F.);
#1560=ORIENTED_EDGE('',*,*,#2904,.F.);
#1561=ORIENTED_EDGE('',*,*,#2905,.T.);
#1562=ORIENTED_EDGE('',*,*,#2906,.T.);
#1563=ORIENTED_EDGE('',*,*,#2907,.T.);
#1564=ORIENTED_EDGE('',*,*,#2908,.F.);
#1565=ORIENTED_EDGE('',*,*,#2909,.F.);
#1566=ORIENTED_EDGE('',*,*,#2905,.F.);
#1567=ORIENTED_EDGE('',*,*,#2910,.F.);
#1568=ORIENTED_EDGE('',*,*,#2911,.F.);
#1569=ORIENTED_EDGE('',*,*,#2912,.T.);
#1570=ORIENTED_EDGE('',*,*,#2913,.F.);
#1571=ORIENTED_EDGE('',*,*,#2914,.F.);
#1572=ORIENTED_EDGE('',*,*,#2907,.F.);
#1573=ORIENTED_EDGE('',*,*,#2915,.F.);
#1574=ORIENTED_EDGE('',*,*,#2915,.T.);
#1575=ORIENTED_EDGE('',*,*,#2916,.F.);
#1576=ORIENTED_EDGE('',*,*,#2917,.F.);
#1577=ORIENTED_EDGE('',*,*,#2917,.T.);
#1578=ORIENTED_EDGE('',*,*,#2918,.F.);
#1579=ORIENTED_EDGE('',*,*,#2919,.T.);
#1580=ORIENTED_EDGE('',*,*,#2920,.T.);
#1581=ORIENTED_EDGE('',*,*,#2921,.F.);
#1582=ORIENTED_EDGE('',*,*,#2922,.F.);
#1583=ORIENTED_EDGE('',*,*,#2923,.F.);
#1584=ORIENTED_EDGE('',*,*,#2924,.F.);
#1585=ORIENTED_EDGE('',*,*,#2925,.F.);
#1586=ORIENTED_EDGE('',*,*,#2926,.F.);
#1587=ORIENTED_EDGE('',*,*,#2927,.F.);
#1588=ORIENTED_EDGE('',*,*,#2928,.T.);
#1589=ORIENTED_EDGE('',*,*,#2929,.F.);
#1590=ORIENTED_EDGE('',*,*,#2930,.T.);
#1591=ORIENTED_EDGE('',*,*,#2931,.T.);
#1592=ORIENTED_EDGE('',*,*,#2932,.T.);
#1593=ORIENTED_EDGE('',*,*,#2933,.F.);
#1594=ORIENTED_EDGE('',*,*,#2934,.F.);
#1595=ORIENTED_EDGE('',*,*,#2935,.F.);
#1596=ORIENTED_EDGE('',*,*,#2936,.F.);
#1597=ORIENTED_EDGE('',*,*,#2937,.F.);
#1598=ORIENTED_EDGE('',*,*,#2938,.F.);
#1599=ORIENTED_EDGE('',*,*,#2939,.F.);
#1600=ORIENTED_EDGE('',*,*,#2940,.T.);
#1601=ORIENTED_EDGE('',*,*,#2941,.T.);
#1602=ORIENTED_EDGE('',*,*,#2925,.T.);
#1603=ORIENTED_EDGE('',*,*,#2942,.T.);
#1604=ORIENTED_EDGE('',*,*,#2943,.T.);
#1605=ORIENTED_EDGE('',*,*,#2944,.T.);
#1606=ORIENTED_EDGE('',*,*,#2939,.T.);
#1607=ORIENTED_EDGE('',*,*,#2945,.T.);
#1608=ORIENTED_EDGE('',*,*,#2946,.T.);
#1609=ORIENTED_EDGE('',*,*,#2881,.T.);
#1610=ORIENTED_EDGE('',*,*,#2918,.T.);
#1611=ORIENTED_EDGE('',*,*,#2947,.F.);
#1612=ORIENTED_EDGE('',*,*,#2948,.T.);
#1613=ORIENTED_EDGE('',*,*,#2882,.T.);
#1614=ORIENTED_EDGE('',*,*,#2946,.F.);
#1615=ORIENTED_EDGE('',*,*,#2949,.T.);
#1616=ORIENTED_EDGE('',*,*,#2950,.F.);
#1617=ORIENTED_EDGE('',*,*,#2891,.T.);
#1618=ORIENTED_EDGE('',*,*,#2951,.T.);
#1619=ORIENTED_EDGE('',*,*,#2952,.F.);
#1620=ORIENTED_EDGE('',*,*,#2949,.F.);
#1621=ORIENTED_EDGE('',*,*,#2945,.F.);
#1622=ORIENTED_EDGE('',*,*,#2942,.F.);
#1623=ORIENTED_EDGE('',*,*,#2924,.T.);
#1624=ORIENTED_EDGE('',*,*,#2953,.T.);
#1625=ORIENTED_EDGE('',*,*,#2954,.F.);
#1626=ORIENTED_EDGE('',*,*,#2953,.F.);
#1627=ORIENTED_EDGE('',*,*,#2923,.T.);
#1628=ORIENTED_EDGE('',*,*,#2955,.T.);
#1629=ORIENTED_EDGE('',*,*,#2956,.T.);
#1630=ORIENTED_EDGE('',*,*,#2892,.T.);
#1631=ORIENTED_EDGE('',*,*,#2950,.T.);
#1632=ORIENTED_EDGE('',*,*,#2952,.T.);
#1633=ORIENTED_EDGE('',*,*,#2954,.T.);
#1634=ORIENTED_EDGE('',*,*,#2957,.T.);
#1635=ORIENTED_EDGE('',*,*,#2886,.T.);
#1636=ORIENTED_EDGE('',*,*,#2958,.F.);
#1637=ORIENTED_EDGE('',*,*,#2959,.T.);
#1638=ORIENTED_EDGE('',*,*,#2960,.T.);
#1639=ORIENTED_EDGE('',*,*,#2937,.T.);
#1640=ORIENTED_EDGE('',*,*,#2961,.T.);
#1641=ORIENTED_EDGE('',*,*,#2962,.T.);
#1642=ORIENTED_EDGE('',*,*,#2963,.T.);
#1643=ORIENTED_EDGE('',*,*,#2958,.T.);
#1644=ORIENTED_EDGE('',*,*,#2964,.T.);
#1645=ORIENTED_EDGE('',*,*,#2965,.T.);
#1646=ORIENTED_EDGE('',*,*,#2913,.T.);
#1647=ORIENTED_EDGE('',*,*,#2966,.F.);
#1648=ORIENTED_EDGE('',*,*,#2967,.F.);
#1649=ORIENTED_EDGE('',*,*,#2964,.F.);
#1650=ORIENTED_EDGE('',*,*,#2961,.F.);
#1651=ORIENTED_EDGE('',*,*,#2936,.T.);
#1652=ORIENTED_EDGE('',*,*,#2968,.T.);
#1653=ORIENTED_EDGE('',*,*,#2969,.F.);
#1654=ORIENTED_EDGE('',*,*,#2968,.F.);
#1655=ORIENTED_EDGE('',*,*,#2935,.T.);
#1656=ORIENTED_EDGE('',*,*,#2970,.T.);
#1657=ORIENTED_EDGE('',*,*,#2971,.T.);
#1658=ORIENTED_EDGE('',*,*,#2901,.T.);
#1659=ORIENTED_EDGE('',*,*,#2972,.T.);
#1660=ORIENTED_EDGE('',*,*,#2966,.T.);
#1661=ORIENTED_EDGE('',*,*,#2969,.T.);
#1662=ORIENTED_EDGE('',*,*,#2973,.T.);
#1663=ORIENTED_EDGE('',*,*,#2895,.T.);
#1664=ORIENTED_EDGE('',*,*,#2974,.F.);
#1665=ORIENTED_EDGE('',*,*,#2975,.F.);
#1666=ORIENTED_EDGE('',*,*,#2976,.F.);
#1667=ORIENTED_EDGE('',*,*,#2977,.T.);
#1668=ORIENTED_EDGE('',*,*,#2978,.T.);
#1669=ORIENTED_EDGE('',*,*,#2883,.T.);
#1670=ORIENTED_EDGE('',*,*,#2948,.F.);
#1671=ORIENTED_EDGE('',*,*,#2979,.F.);
#1672=ORIENTED_EDGE('',*,*,#2977,.F.);
#1673=ORIENTED_EDGE('',*,*,#2980,.F.);
#1674=ORIENTED_EDGE('',*,*,#2979,.T.);
#1675=ORIENTED_EDGE('',*,*,#2947,.T.);
#1676=ORIENTED_EDGE('',*,*,#2981,.T.);
#1677=ORIENTED_EDGE('',*,*,#2974,.T.);
#1678=ORIENTED_EDGE('',*,*,#2916,.T.);
#1679=ORIENTED_EDGE('',*,*,#2982,.F.);
#1680=ORIENTED_EDGE('',*,*,#2908,.T.);
#1681=ORIENTED_EDGE('',*,*,#2914,.T.);
#1682=ORIENTED_EDGE('',*,*,#2965,.F.);
#1683=ORIENTED_EDGE('',*,*,#2967,.T.);
#1684=ORIENTED_EDGE('',*,*,#2972,.F.);
#1685=ORIENTED_EDGE('',*,*,#2900,.T.);
#1686=ORIENTED_EDGE('',*,*,#2983,.T.);
#1687=ORIENTED_EDGE('',*,*,#2909,.T.);
#1688=ORIENTED_EDGE('',*,*,#2982,.T.);
#1689=ORIENTED_EDGE('',*,*,#2984,.T.);
#1690=ORIENTED_EDGE('',*,*,#2902,.T.);
#1691=ORIENTED_EDGE('',*,*,#2985,.T.);
#1692=ORIENTED_EDGE('',*,*,#2986,.F.);
#1693=ORIENTED_EDGE('',*,*,#2987,.T.);
#1694=ORIENTED_EDGE('',*,*,#2943,.F.);
#1695=ORIENTED_EDGE('',*,*,#2880,.F.);
#1696=ORIENTED_EDGE('',*,*,#2978,.F.);
#1697=ORIENTED_EDGE('',*,*,#2988,.T.);
#1698=ORIENTED_EDGE('',*,*,#2985,.F.);
#1699=ORIENTED_EDGE('',*,*,#2879,.T.);
#1700=ORIENTED_EDGE('',*,*,#2989,.T.);
#1701=ORIENTED_EDGE('',*,*,#2990,.F.);
#1702=ORIENTED_EDGE('',*,*,#2975,.T.);
#1703=ORIENTED_EDGE('',*,*,#2981,.F.);
#1704=ORIENTED_EDGE('',*,*,#2951,.F.);
#1705=ORIENTED_EDGE('',*,*,#2890,.F.);
#1706=ORIENTED_EDGE('',*,*,#2884,.F.);
#1707=ORIENTED_EDGE('',*,*,#2991,.T.);
#1708=ORIENTED_EDGE('',*,*,#2989,.F.);
#1709=ORIENTED_EDGE('',*,*,#2889,.T.);
#1710=ORIENTED_EDGE('',*,*,#2992,.T.);
#1711=ORIENTED_EDGE('',*,*,#2993,.F.);
#1712=ORIENTED_EDGE('',*,*,#2994,.T.);
#1713=ORIENTED_EDGE('',*,*,#2962,.F.);
#1714=ORIENTED_EDGE('',*,*,#2912,.F.);
#1715=ORIENTED_EDGE('',*,*,#2906,.F.);
#1716=ORIENTED_EDGE('',*,*,#2995,.T.);
#1717=ORIENTED_EDGE('',*,*,#2992,.F.);
#1718=ORIENTED_EDGE('',*,*,#2911,.T.);
#1719=ORIENTED_EDGE('',*,*,#2996,.T.);
#1720=ORIENTED_EDGE('',*,*,#2997,.F.);
#1721=ORIENTED_EDGE('',*,*,#2903,.T.);
#1722=ORIENTED_EDGE('',*,*,#2984,.F.);
#1723=ORIENTED_EDGE('',*,*,#2983,.F.);
#1724=ORIENTED_EDGE('',*,*,#2899,.F.);
#1725=ORIENTED_EDGE('',*,*,#2893,.F.);
#1726=ORIENTED_EDGE('',*,*,#2998,.T.);
#1727=ORIENTED_EDGE('',*,*,#2996,.F.);
#1728=ORIENTED_EDGE('',*,*,#2898,.T.);
#1729=ORIENTED_EDGE('',*,*,#2999,.F.);
#1730=ORIENTED_EDGE('',*,*,#3000,.F.);
#1731=ORIENTED_EDGE('',*,*,#3001,.T.);
#1732=ORIENTED_EDGE('',*,*,#2932,.F.);
#1733=ORIENTED_EDGE('',*,*,#3002,.T.);
#1734=ORIENTED_EDGE('',*,*,#3003,.F.);
#1735=ORIENTED_EDGE('',*,*,#3004,.F.);
#1736=ORIENTED_EDGE('',*,*,#3005,.F.);
#1737=ORIENTED_EDGE('',*,*,#3002,.F.);
#1738=ORIENTED_EDGE('',*,*,#2931,.F.);
#1739=ORIENTED_EDGE('',*,*,#3006,.T.);
#1740=ORIENTED_EDGE('',*,*,#2747,.F.);
#1741=ORIENTED_EDGE('',*,*,#3007,.F.);
#1742=ORIENTED_EDGE('',*,*,#3008,.T.);
#1743=ORIENTED_EDGE('',*,*,#2754,.F.);
#1744=ORIENTED_EDGE('',*,*,#3009,.T.);
#1745=ORIENTED_EDGE('',*,*,#3010,.F.);
#1746=ORIENTED_EDGE('',*,*,#3011,.T.);
#1747=ORIENTED_EDGE('',*,*,#3012,.T.);
#1748=ORIENTED_EDGE('',*,*,#3013,.F.);
#1749=ORIENTED_EDGE('',*,*,#3014,.T.);
#1750=ORIENTED_EDGE('',*,*,#3007,.T.);
#1751=ORIENTED_EDGE('',*,*,#3015,.F.);
#1752=ORIENTED_EDGE('',*,*,#3016,.F.);
#1753=ORIENTED_EDGE('',*,*,#3017,.T.);
#1754=ORIENTED_EDGE('',*,*,#3012,.F.);
#1755=ORIENTED_EDGE('',*,*,#3018,.T.);
#1756=ORIENTED_EDGE('',*,*,#3019,.F.);
#1757=ORIENTED_EDGE('',*,*,#3020,.F.);
#1758=ORIENTED_EDGE('',*,*,#3021,.F.);
#1759=ORIENTED_EDGE('',*,*,#2928,.F.);
#1760=ORIENTED_EDGE('',*,*,#3022,.T.);
#1761=ORIENTED_EDGE('',*,*,#3023,.T.);
#1762=ORIENTED_EDGE('',*,*,#3024,.F.);
#1763=ORIENTED_EDGE('',*,*,#3008,.F.);
#1764=ORIENTED_EDGE('',*,*,#3014,.F.);
#1765=ORIENTED_EDGE('',*,*,#3025,.T.);
#1766=ORIENTED_EDGE('',*,*,#3026,.T.);
#1767=ORIENTED_EDGE('',*,*,#3017,.F.);
#1768=ORIENTED_EDGE('',*,*,#3027,.F.);
#1769=ORIENTED_EDGE('',*,*,#3025,.F.);
#1770=ORIENTED_EDGE('',*,*,#3013,.T.);
#1771=ORIENTED_EDGE('',*,*,#2971,.F.);
#1772=ORIENTED_EDGE('',*,*,#3028,.F.);
#1773=ORIENTED_EDGE('',*,*,#3029,.F.);
#1774=ORIENTED_EDGE('',*,*,#3030,.F.);
#1775=ORIENTED_EDGE('',*,*,#2896,.T.);
#1776=ORIENTED_EDGE('',*,*,#2973,.F.);
#1777=ORIENTED_EDGE('',*,*,#2933,.T.);
#1778=ORIENTED_EDGE('',*,*,#3001,.F.);
#1779=ORIENTED_EDGE('',*,*,#3031,.T.);
#1780=ORIENTED_EDGE('',*,*,#3032,.F.);
#1781=ORIENTED_EDGE('',*,*,#3028,.T.);
#1782=ORIENTED_EDGE('',*,*,#2970,.F.);
#1783=ORIENTED_EDGE('',*,*,#2934,.T.);
#1784=ORIENTED_EDGE('',*,*,#3032,.T.);
#1785=ORIENTED_EDGE('',*,*,#3033,.F.);
#1786=ORIENTED_EDGE('',*,*,#2959,.F.);
#1787=ORIENTED_EDGE('',*,*,#2963,.F.);
#1788=ORIENTED_EDGE('',*,*,#2994,.F.);
#1789=ORIENTED_EDGE('',*,*,#3034,.F.);
#1790=ORIENTED_EDGE('',*,*,#3035,.T.);
#1791=ORIENTED_EDGE('',*,*,#3036,.F.);
#1792=ORIENTED_EDGE('',*,*,#3037,.T.);
#1793=ORIENTED_EDGE('',*,*,#2750,.T.);
#1794=ORIENTED_EDGE('',*,*,#3038,.F.);
#1795=ORIENTED_EDGE('',*,*,#3035,.F.);
#1796=ORIENTED_EDGE('',*,*,#2938,.T.);
#1797=ORIENTED_EDGE('',*,*,#2960,.F.);
#1798=ORIENTED_EDGE('',*,*,#3033,.T.);
#1799=ORIENTED_EDGE('',*,*,#3039,.F.);
#1800=ORIENTED_EDGE('',*,*,#2749,.T.);
#1801=ORIENTED_EDGE('',*,*,#3040,.T.);
#1802=ORIENTED_EDGE('',*,*,#2929,.T.);
#1803=ORIENTED_EDGE('',*,*,#3039,.T.);
#1804=ORIENTED_EDGE('',*,*,#3038,.T.);
#1805=ORIENTED_EDGE('',*,*,#3041,.F.);
#1806=ORIENTED_EDGE('',*,*,#3042,.T.);
#1807=ORIENTED_EDGE('',*,*,#3043,.T.);
#1808=ORIENTED_EDGE('',*,*,#3010,.T.);
#1809=ORIENTED_EDGE('',*,*,#3044,.T.);
#1810=ORIENTED_EDGE('',*,*,#2760,.F.);
#1811=ORIENTED_EDGE('',*,*,#2740,.F.);
#1812=ORIENTED_EDGE('',*,*,#2757,.T.);
#1813=ORIENTED_EDGE('',*,*,#3045,.T.);
#1814=ORIENTED_EDGE('',*,*,#3046,.F.);
#1815=ORIENTED_EDGE('',*,*,#3047,.T.);
#1816=ORIENTED_EDGE('',*,*,#3048,.F.);
#1817=ORIENTED_EDGE('',*,*,#3047,.F.);
#1818=ORIENTED_EDGE('',*,*,#3049,.F.);
#1819=ORIENTED_EDGE('',*,*,#3050,.T.);
#1820=ORIENTED_EDGE('',*,*,#2956,.F.);
#1821=ORIENTED_EDGE('',*,*,#3051,.F.);
#1822=ORIENTED_EDGE('',*,*,#3050,.F.);
#1823=ORIENTED_EDGE('',*,*,#3052,.F.);
#1824=ORIENTED_EDGE('',*,*,#2887,.T.);
#1825=ORIENTED_EDGE('',*,*,#2957,.F.);
#1826=ORIENTED_EDGE('',*,*,#2921,.T.);
#1827=ORIENTED_EDGE('',*,*,#3053,.T.);
#1828=ORIENTED_EDGE('',*,*,#3041,.T.);
#1829=ORIENTED_EDGE('',*,*,#3048,.T.);
#1830=ORIENTED_EDGE('',*,*,#3054,.F.);
#1831=ORIENTED_EDGE('',*,*,#3051,.T.);
#1832=ORIENTED_EDGE('',*,*,#2955,.F.);
#1833=ORIENTED_EDGE('',*,*,#2922,.T.);
#1834=ORIENTED_EDGE('',*,*,#3054,.T.);
#1835=ORIENTED_EDGE('',*,*,#3055,.F.);
#1836=ORIENTED_EDGE('',*,*,#2940,.F.);
#1837=ORIENTED_EDGE('',*,*,#2944,.F.);
#1838=ORIENTED_EDGE('',*,*,#2987,.F.);
#1839=ORIENTED_EDGE('',*,*,#3056,.F.);
#1840=ORIENTED_EDGE('',*,*,#3057,.T.);
#1841=ORIENTED_EDGE('',*,*,#3058,.F.);
#1842=ORIENTED_EDGE('',*,*,#3023,.F.);
#1843=ORIENTED_EDGE('',*,*,#3059,.F.);
#1844=ORIENTED_EDGE('',*,*,#3057,.F.);
#1845=ORIENTED_EDGE('',*,*,#3060,.F.);
#1846=ORIENTED_EDGE('',*,*,#3016,.T.);
#1847=ORIENTED_EDGE('',*,*,#2926,.T.);
#1848=ORIENTED_EDGE('',*,*,#2941,.F.);
#1849=ORIENTED_EDGE('',*,*,#3055,.T.);
#1850=ORIENTED_EDGE('',*,*,#3061,.F.);
#1851=ORIENTED_EDGE('',*,*,#3059,.T.);
#1852=ORIENTED_EDGE('',*,*,#3022,.F.);
#1853=ORIENTED_EDGE('',*,*,#2927,.T.);
#1854=ORIENTED_EDGE('',*,*,#3061,.T.);
#1855=ORIENTED_EDGE('',*,*,#3062,.F.);
#1856=ORIENTED_EDGE('',*,*,#3018,.F.);
#1857=ORIENTED_EDGE('',*,*,#3011,.F.);
#1858=ORIENTED_EDGE('',*,*,#3043,.F.);
#1859=ORIENTED_EDGE('',*,*,#3063,.T.);
#1860=ORIENTED_EDGE('',*,*,#2919,.F.);
#1861=ORIENTED_EDGE('',*,*,#3021,.T.);
#1862=ORIENTED_EDGE('',*,*,#3064,.F.);
#1863=ORIENTED_EDGE('',*,*,#3065,.F.);
#1864=ORIENTED_EDGE('',*,*,#3003,.T.);
#1865=ORIENTED_EDGE('',*,*,#3005,.T.);
#1866=ORIENTED_EDGE('',*,*,#3066,.F.);
#1867=ORIENTED_EDGE('',*,*,#3067,.F.);
#1868=ORIENTED_EDGE('',*,*,#3015,.T.);
#1869=ORIENTED_EDGE('',*,*,#3062,.T.);
#1870=ORIENTED_EDGE('',*,*,#3068,.T.);
#1871=ORIENTED_EDGE('',*,*,#3069,.F.);
#1872=ORIENTED_EDGE('',*,*,#3068,.F.);
#1873=ORIENTED_EDGE('',*,*,#3064,.T.);
#1874=ORIENTED_EDGE('',*,*,#3020,.T.);
#1875=ORIENTED_EDGE('',*,*,#3067,.T.);
#1876=ORIENTED_EDGE('',*,*,#3069,.T.);
#1877=ORIENTED_EDGE('',*,*,#3019,.T.);
#1878=ORIENTED_EDGE('',*,*,#3058,.T.);
#1879=ORIENTED_EDGE('',*,*,#3070,.F.);
#1880=ORIENTED_EDGE('',*,*,#3066,.T.);
#1881=ORIENTED_EDGE('',*,*,#3004,.T.);
#1882=ORIENTED_EDGE('',*,*,#3024,.T.);
#1883=ORIENTED_EDGE('',*,*,#3071,.F.);
#1884=ORIENTED_EDGE('',*,*,#3026,.F.);
#1885=ORIENTED_EDGE('',*,*,#3072,.F.);
#1886=ORIENTED_EDGE('',*,*,#3029,.T.);
#1887=ORIENTED_EDGE('',*,*,#3031,.F.);
#1888=ORIENTED_EDGE('',*,*,#3000,.T.);
#1889=ORIENTED_EDGE('',*,*,#2999,.T.);
#1890=ORIENTED_EDGE('',*,*,#3065,.T.);
#1891=ORIENTED_EDGE('',*,*,#3070,.T.);
#1892=ORIENTED_EDGE('',*,*,#3071,.T.);
#1893=ORIENTED_EDGE('',*,*,#3073,.F.);
#1894=ORIENTED_EDGE('',*,*,#3074,.F.);
#1895=ORIENTED_EDGE('',*,*,#3075,.F.);
#1896=ORIENTED_EDGE('',*,*,#2717,.F.);
#1897=ORIENTED_EDGE('',*,*,#2718,.T.);
#1898=ORIENTED_EDGE('',*,*,#3075,.T.);
#1899=ORIENTED_EDGE('',*,*,#3076,.T.);
#1900=ORIENTED_EDGE('',*,*,#3077,.T.);
#1901=ORIENTED_EDGE('',*,*,#3078,.F.);
#1902=ORIENTED_EDGE('',*,*,#3079,.F.);
#1903=ORIENTED_EDGE('',*,*,#3080,.F.);
#1904=ORIENTED_EDGE('',*,*,#2721,.F.);
#1905=ORIENTED_EDGE('',*,*,#2722,.T.);
#1906=ORIENTED_EDGE('',*,*,#3080,.T.);
#1907=ORIENTED_EDGE('',*,*,#3081,.T.);
#1908=ORIENTED_EDGE('',*,*,#3073,.T.);
#1909=ORIENTED_EDGE('',*,*,#3082,.F.);
#1910=ORIENTED_EDGE('',*,*,#2719,.F.);
#1911=ORIENTED_EDGE('',*,*,#3077,.F.);
#1912=ORIENTED_EDGE('',*,*,#3083,.F.);
#1913=ORIENTED_EDGE('',*,*,#2720,.T.);
#1914=ORIENTED_EDGE('',*,*,#3082,.T.);
#1915=ORIENTED_EDGE('',*,*,#3084,.T.);
#1916=ORIENTED_EDGE('',*,*,#3078,.T.);
#1917=ORIENTED_EDGE('',*,*,#3085,.F.);
#1918=ORIENTED_EDGE('',*,*,#3086,.F.);
#1919=ORIENTED_EDGE('',*,*,#3087,.F.);
#1920=ORIENTED_EDGE('',*,*,#2695,.F.);
#1921=ORIENTED_EDGE('',*,*,#2696,.T.);
#1922=ORIENTED_EDGE('',*,*,#3087,.T.);
#1923=ORIENTED_EDGE('',*,*,#3088,.T.);
#1924=ORIENTED_EDGE('',*,*,#3089,.T.);
#1925=ORIENTED_EDGE('',*,*,#3090,.F.);
#1926=ORIENTED_EDGE('',*,*,#3091,.F.);
#1927=ORIENTED_EDGE('',*,*,#3092,.F.);
#1928=ORIENTED_EDGE('',*,*,#2693,.F.);
#1929=ORIENTED_EDGE('',*,*,#2694,.T.);
#1930=ORIENTED_EDGE('',*,*,#3092,.T.);
#1931=ORIENTED_EDGE('',*,*,#3093,.T.);
#1932=ORIENTED_EDGE('',*,*,#3085,.T.);
#1933=ORIENTED_EDGE('',*,*,#3094,.F.);
#1934=ORIENTED_EDGE('',*,*,#3095,.F.);
#1935=ORIENTED_EDGE('',*,*,#3096,.F.);
#1936=ORIENTED_EDGE('',*,*,#2699,.F.);
#1937=ORIENTED_EDGE('',*,*,#2700,.T.);
#1938=ORIENTED_EDGE('',*,*,#3096,.T.);
#1939=ORIENTED_EDGE('',*,*,#3097,.T.);
#1940=ORIENTED_EDGE('',*,*,#3090,.T.);
#1941=ORIENTED_EDGE('',*,*,#3098,.F.);
#1942=ORIENTED_EDGE('',*,*,#3099,.F.);
#1943=ORIENTED_EDGE('',*,*,#3100,.F.);
#1944=ORIENTED_EDGE('',*,*,#2687,.F.);
#1945=ORIENTED_EDGE('',*,*,#2688,.T.);
#1946=ORIENTED_EDGE('',*,*,#3100,.T.);
#1947=ORIENTED_EDGE('',*,*,#3101,.T.);
#1948=ORIENTED_EDGE('',*,*,#3102,.T.);
#1949=ORIENTED_EDGE('',*,*,#3103,.F.);
#1950=ORIENTED_EDGE('',*,*,#2697,.F.);
#1951=ORIENTED_EDGE('',*,*,#3089,.F.);
#1952=ORIENTED_EDGE('',*,*,#3104,.F.);
#1953=ORIENTED_EDGE('',*,*,#2698,.T.);
#1954=ORIENTED_EDGE('',*,*,#3103,.T.);
#1955=ORIENTED_EDGE('',*,*,#3105,.T.);
#1956=ORIENTED_EDGE('',*,*,#3094,.T.);
#1957=ORIENTED_EDGE('',*,*,#3106,.F.);
#1958=ORIENTED_EDGE('',*,*,#2689,.F.);
#1959=ORIENTED_EDGE('',*,*,#3102,.F.);
#1960=ORIENTED_EDGE('',*,*,#3107,.F.);
#1961=ORIENTED_EDGE('',*,*,#2690,.T.);
#1962=ORIENTED_EDGE('',*,*,#3106,.T.);
#1963=ORIENTED_EDGE('',*,*,#3108,.T.);
#1964=ORIENTED_EDGE('',*,*,#3109,.F.);
#1965=ORIENTED_EDGE('',*,*,#3110,.T.);
#1966=ORIENTED_EDGE('',*,*,#3111,.F.);
#1967=ORIENTED_EDGE('',*,*,#3112,.F.);
#1968=ORIENTED_EDGE('',*,*,#3113,.F.);
#1969=ORIENTED_EDGE('',*,*,#2711,.F.);
#1970=ORIENTED_EDGE('',*,*,#2712,.T.);
#1971=ORIENTED_EDGE('',*,*,#3113,.T.);
#1972=ORIENTED_EDGE('',*,*,#3114,.T.);
#1973=ORIENTED_EDGE('',*,*,#3115,.F.);
#1974=ORIENTED_EDGE('',*,*,#3116,.T.);
#1975=ORIENTED_EDGE('',*,*,#3117,.F.);
#1976=ORIENTED_EDGE('',*,*,#2713,.F.);
#1977=ORIENTED_EDGE('',*,*,#3116,.F.);
#1978=ORIENTED_EDGE('',*,*,#3118,.F.);
#1979=ORIENTED_EDGE('',*,*,#2714,.T.);
#1980=ORIENTED_EDGE('',*,*,#3117,.T.);
#1981=ORIENTED_EDGE('',*,*,#3119,.F.);
#1982=ORIENTED_EDGE('',*,*,#3120,.T.);
#1983=ORIENTED_EDGE('',*,*,#3121,.T.);
#1984=ORIENTED_EDGE('',*,*,#3122,.F.);
#1985=ORIENTED_EDGE('',*,*,#3123,.F.);
#1986=ORIENTED_EDGE('',*,*,#3124,.F.);
#1987=ORIENTED_EDGE('',*,*,#2679,.F.);
#1988=ORIENTED_EDGE('',*,*,#2680,.T.);
#1989=ORIENTED_EDGE('',*,*,#3124,.T.);
#1990=ORIENTED_EDGE('',*,*,#3125,.T.);
#1991=ORIENTED_EDGE('',*,*,#3126,.T.);
#1992=ORIENTED_EDGE('',*,*,#3127,.F.);
#1993=ORIENTED_EDGE('',*,*,#2715,.F.);
#1994=ORIENTED_EDGE('',*,*,#3121,.F.);
#1995=ORIENTED_EDGE('',*,*,#3128,.F.);
#1996=ORIENTED_EDGE('',*,*,#2716,.T.);
#1997=ORIENTED_EDGE('',*,*,#3127,.T.);
#1998=ORIENTED_EDGE('',*,*,#3129,.T.);
#1999=ORIENTED_EDGE('',*,*,#3130,.T.);
#2000=ORIENTED_EDGE('',*,*,#3131,.F.);
#2001=ORIENTED_EDGE('',*,*,#2709,.F.);
#2002=ORIENTED_EDGE('',*,*,#3130,.F.);
#2003=ORIENTED_EDGE('',*,*,#3132,.F.);
#2004=ORIENTED_EDGE('',*,*,#2710,.T.);
#2005=ORIENTED_EDGE('',*,*,#3131,.T.);
#2006=ORIENTED_EDGE('',*,*,#3133,.T.);
#2007=ORIENTED_EDGE('',*,*,#3111,.T.);
#2008=ORIENTED_EDGE('',*,*,#3134,.F.);
#2009=ORIENTED_EDGE('',*,*,#3135,.F.);
#2010=ORIENTED_EDGE('',*,*,#3136,.F.);
#2011=ORIENTED_EDGE('',*,*,#2705,.F.);
#2012=ORIENTED_EDGE('',*,*,#2706,.T.);
#2013=ORIENTED_EDGE('',*,*,#3136,.T.);
#2014=ORIENTED_EDGE('',*,*,#3137,.T.);
#2015=ORIENTED_EDGE('',*,*,#3138,.T.);
#2016=ORIENTED_EDGE('',*,*,#3139,.F.);
#2017=ORIENTED_EDGE('',*,*,#3140,.F.);
#2018=ORIENTED_EDGE('',*,*,#3141,.F.);
#2019=ORIENTED_EDGE('',*,*,#2703,.F.);
#2020=ORIENTED_EDGE('',*,*,#2704,.T.);
#2021=ORIENTED_EDGE('',*,*,#3141,.T.);
#2022=ORIENTED_EDGE('',*,*,#3142,.T.);
#2023=ORIENTED_EDGE('',*,*,#3134,.T.);
#2024=ORIENTED_EDGE('',*,*,#3143,.F.);
#2025=ORIENTED_EDGE('',*,*,#3144,.F.);
#2026=ORIENTED_EDGE('',*,*,#3145,.F.);
#2027=ORIENTED_EDGE('',*,*,#2701,.F.);
#2028=ORIENTED_EDGE('',*,*,#2702,.T.);
#2029=ORIENTED_EDGE('',*,*,#3145,.T.);
#2030=ORIENTED_EDGE('',*,*,#3146,.T.);
#2031=ORIENTED_EDGE('',*,*,#3139,.T.);
#2032=ORIENTED_EDGE('',*,*,#3147,.F.);
#2033=ORIENTED_EDGE('',*,*,#2707,.F.);
#2034=ORIENTED_EDGE('',*,*,#3138,.F.);
#2035=ORIENTED_EDGE('',*,*,#3148,.F.);
#2036=ORIENTED_EDGE('',*,*,#2708,.T.);
#2037=ORIENTED_EDGE('',*,*,#3147,.T.);
#2038=ORIENTED_EDGE('',*,*,#3149,.T.);
#2039=ORIENTED_EDGE('',*,*,#3143,.T.);
#2040=ORIENTED_EDGE('',*,*,#3150,.F.);
#2041=ORIENTED_EDGE('',*,*,#3151,.F.);
#2042=ORIENTED_EDGE('',*,*,#3152,.F.);
#2043=ORIENTED_EDGE('',*,*,#2685,.F.);
#2044=ORIENTED_EDGE('',*,*,#2686,.T.);
#2045=ORIENTED_EDGE('',*,*,#3152,.T.);
#2046=ORIENTED_EDGE('',*,*,#3153,.T.);
#2047=ORIENTED_EDGE('',*,*,#3122,.T.);
#2048=ORIENTED_EDGE('',*,*,#3154,.F.);
#2049=ORIENTED_EDGE('',*,*,#3155,.F.);
#2050=ORIENTED_EDGE('',*,*,#3156,.F.);
#2051=ORIENTED_EDGE('',*,*,#2683,.F.);
#2052=ORIENTED_EDGE('',*,*,#2684,.T.);
#2053=ORIENTED_EDGE('',*,*,#3156,.T.);
#2054=ORIENTED_EDGE('',*,*,#3157,.T.);
#2055=ORIENTED_EDGE('',*,*,#3150,.T.);
#2056=ORIENTED_EDGE('',*,*,#3158,.F.);
#2057=ORIENTED_EDGE('',*,*,#2681,.F.);
#2058=ORIENTED_EDGE('',*,*,#3126,.F.);
#2059=ORIENTED_EDGE('',*,*,#3159,.F.);
#2060=ORIENTED_EDGE('',*,*,#2682,.T.);
#2061=ORIENTED_EDGE('',*,*,#3158,.T.);
#2062=ORIENTED_EDGE('',*,*,#3160,.T.);
#2063=ORIENTED_EDGE('',*,*,#3154,.T.);
#2064=ORIENTED_EDGE('',*,*,#3161,.F.);
#2065=ORIENTED_EDGE('',*,*,#2691,.F.);
#2066=ORIENTED_EDGE('',*,*,#3110,.F.);
#2067=ORIENTED_EDGE('',*,*,#3162,.F.);
#2068=ORIENTED_EDGE('',*,*,#2692,.T.);
#2069=ORIENTED_EDGE('',*,*,#3161,.T.);
#2070=ORIENTED_EDGE('',*,*,#3163,.F.);
#2071=ORIENTED_EDGE('',*,*,#3164,.T.);
#2072=ORIENTED_EDGE('',*,*,#3098,.T.);
#2073=ORIENTED_EDGE('',*,*,#3165,.T.);
#2074=ORIENTED_EDGE('',*,*,#3166,.T.);
#2075=ORIENTED_EDGE('',*,*,#3167,.T.);
#2076=ORIENTED_EDGE('',*,*,#3168,.T.);
#2077=ORIENTED_EDGE('',*,*,#3169,.T.);
#2078=ORIENTED_EDGE('',*,*,#3170,.T.);
#2079=ORIENTED_EDGE('',*,*,#3171,.F.);
#2080=ORIENTED_EDGE('',*,*,#3172,.T.);
#2081=ORIENTED_EDGE('',*,*,#3173,.T.);
#2082=ORIENTED_EDGE('',*,*,#3174,.T.);
#2083=ORIENTED_EDGE('',*,*,#3175,.T.);
#2084=ORIENTED_EDGE('',*,*,#3176,.T.);
#2085=ORIENTED_EDGE('',*,*,#3172,.F.);
#2086=ORIENTED_EDGE('',*,*,#3177,.F.);
#2087=ORIENTED_EDGE('',*,*,#3178,.T.);
#2088=ORIENTED_EDGE('',*,*,#3179,.F.);
#2089=ORIENTED_EDGE('',*,*,#3174,.F.);
#2090=ORIENTED_EDGE('',*,*,#3180,.F.);
#2091=ORIENTED_EDGE('',*,*,#2644,.F.);
#2092=ORIENTED_EDGE('',*,*,#3181,.T.);
#2093=ORIENTED_EDGE('',*,*,#3182,.F.);
#2094=ORIENTED_EDGE('',*,*,#3183,.F.);
#2095=ORIENTED_EDGE('',*,*,#3184,.F.);
#2096=ORIENTED_EDGE('',*,*,#3185,.F.);
#2097=ORIENTED_EDGE('',*,*,#3181,.F.);
#2098=ORIENTED_EDGE('',*,*,#2643,.F.);
#2099=ORIENTED_EDGE('',*,*,#3186,.T.);
#2100=ORIENTED_EDGE('',*,*,#3187,.T.);
#2101=ORIENTED_EDGE('',*,*,#3188,.T.);
#2102=ORIENTED_EDGE('',*,*,#3189,.T.);
#2103=ORIENTED_EDGE('',*,*,#3190,.T.);
#2104=ORIENTED_EDGE('',*,*,#3191,.T.);
#2105=ORIENTED_EDGE('',*,*,#3192,.F.);
#2106=ORIENTED_EDGE('',*,*,#3193,.T.);
#2107=ORIENTED_EDGE('',*,*,#3194,.T.);
#2108=ORIENTED_EDGE('',*,*,#3195,.T.);
#2109=ORIENTED_EDGE('',*,*,#3196,.T.);
#2110=ORIENTED_EDGE('',*,*,#3197,.F.);
#2111=ORIENTED_EDGE('',*,*,#3195,.F.);
#2112=ORIENTED_EDGE('',*,*,#3198,.F.);
#2113=ORIENTED_EDGE('',*,*,#2648,.F.);
#2114=ORIENTED_EDGE('',*,*,#3199,.T.);
#2115=ORIENTED_EDGE('',*,*,#3200,.F.);
#2116=ORIENTED_EDGE('',*,*,#3201,.F.);
#2117=ORIENTED_EDGE('',*,*,#3202,.F.);
#2118=ORIENTED_EDGE('',*,*,#3203,.F.);
#2119=ORIENTED_EDGE('',*,*,#3199,.F.);
#2120=ORIENTED_EDGE('',*,*,#2647,.F.);
#2121=ORIENTED_EDGE('',*,*,#3204,.T.);
#2122=ORIENTED_EDGE('',*,*,#3205,.F.);
#2123=ORIENTED_EDGE('',*,*,#3206,.F.);
#2124=ORIENTED_EDGE('',*,*,#3207,.T.);
#2125=ORIENTED_EDGE('',*,*,#3208,.T.);
#2126=ORIENTED_EDGE('',*,*,#3209,.F.);
#2127=ORIENTED_EDGE('',*,*,#3210,.F.);
#2128=ORIENTED_EDGE('',*,*,#3211,.T.);
#2129=ORIENTED_EDGE('',*,*,#3212,.T.);
#2130=ORIENTED_EDGE('',*,*,#3213,.F.);
#2131=ORIENTED_EDGE('',*,*,#3214,.F.);
#2132=ORIENTED_EDGE('',*,*,#3209,.T.);
#2133=ORIENTED_EDGE('',*,*,#3215,.T.);
#2134=ORIENTED_EDGE('',*,*,#3216,.F.);
#2135=ORIENTED_EDGE('',*,*,#3217,.F.);
#2136=ORIENTED_EDGE('',*,*,#3218,.T.);
#2137=ORIENTED_EDGE('',*,*,#3219,.T.);
#2138=ORIENTED_EDGE('',*,*,#3218,.F.);
#2139=ORIENTED_EDGE('',*,*,#3220,.F.);
#2140=ORIENTED_EDGE('',*,*,#3221,.T.);
#2141=ORIENTED_EDGE('',*,*,#3222,.T.);
#2142=ORIENTED_EDGE('',*,*,#3223,.F.);
#2143=ORIENTED_EDGE('',*,*,#3224,.F.);
#2144=ORIENTED_EDGE('',*,*,#3225,.T.);
#2145=ORIENTED_EDGE('',*,*,#3226,.T.);
#2146=ORIENTED_EDGE('',*,*,#3225,.F.);
#2147=ORIENTED_EDGE('',*,*,#3227,.F.);
#2148=ORIENTED_EDGE('',*,*,#3228,.T.);
#2149=ORIENTED_EDGE('',*,*,#3229,.F.);
#2150=ORIENTED_EDGE('',*,*,#2641,.F.);
#2151=ORIENTED_EDGE('',*,*,#3183,.T.);
#2152=ORIENTED_EDGE('',*,*,#3230,.F.);
#2153=ORIENTED_EDGE('',*,*,#3231,.T.);
#2154=ORIENTED_EDGE('',*,*,#3232,.T.);
#2155=ORIENTED_EDGE('',*,*,#3233,.T.);
#2156=ORIENTED_EDGE('',*,*,#3234,.T.);
#2157=ORIENTED_EDGE('',*,*,#3235,.T.);
#2158=ORIENTED_EDGE('',*,*,#3236,.T.);
#2159=ORIENTED_EDGE('',*,*,#3237,.F.);
#2160=ORIENTED_EDGE('',*,*,#3230,.T.);
#2161=ORIENTED_EDGE('',*,*,#3182,.T.);
#2162=ORIENTED_EDGE('',*,*,#3185,.T.);
#2163=ORIENTED_EDGE('',*,*,#3229,.T.);
#2164=ORIENTED_EDGE('',*,*,#3237,.T.);
#2165=ORIENTED_EDGE('',*,*,#3184,.T.);
#2166=ORIENTED_EDGE('',*,*,#2642,.F.);
#2167=ORIENTED_EDGE('',*,*,#3238,.F.);
#2168=ORIENTED_EDGE('',*,*,#2645,.F.);
#2169=ORIENTED_EDGE('',*,*,#3201,.T.);
#2170=ORIENTED_EDGE('',*,*,#3239,.F.);
#2171=ORIENTED_EDGE('',*,*,#3240,.T.);
#2172=ORIENTED_EDGE('',*,*,#3241,.T.);
#2173=ORIENTED_EDGE('',*,*,#3242,.T.);
#2174=ORIENTED_EDGE('',*,*,#3243,.T.);
#2175=ORIENTED_EDGE('',*,*,#3244,.T.);
#2176=ORIENTED_EDGE('',*,*,#3245,.T.);
#2177=ORIENTED_EDGE('',*,*,#3246,.F.);
#2178=ORIENTED_EDGE('',*,*,#3239,.T.);
#2179=ORIENTED_EDGE('',*,*,#3200,.T.);
#2180=ORIENTED_EDGE('',*,*,#3203,.T.);
#2181=ORIENTED_EDGE('',*,*,#3238,.T.);
#2182=ORIENTED_EDGE('',*,*,#3246,.T.);
#2183=ORIENTED_EDGE('',*,*,#3202,.T.);
#2184=ORIENTED_EDGE('',*,*,#2646,.F.);
#2185=ORIENTED_EDGE('',*,*,#3227,.T.);
#2186=ORIENTED_EDGE('',*,*,#3224,.T.);
#2187=ORIENTED_EDGE('',*,*,#3247,.T.);
#2188=ORIENTED_EDGE('',*,*,#3220,.T.);
#2189=ORIENTED_EDGE('',*,*,#3217,.T.);
#2190=ORIENTED_EDGE('',*,*,#3248,.T.);
#2191=ORIENTED_EDGE('',*,*,#3249,.T.);
#2192=ORIENTED_EDGE('',*,*,#3210,.T.);
#2193=ORIENTED_EDGE('',*,*,#3214,.T.);
#2194=ORIENTED_EDGE('',*,*,#3250,.T.);
#2195=ORIENTED_EDGE('',*,*,#3251,.T.);
#2196=ORIENTED_EDGE('',*,*,#3206,.T.);
#2197=ORIENTED_EDGE('',*,*,#3252,.T.);
#2198=ORIENTED_EDGE('',*,*,#2863,.T.);
#2199=ORIENTED_EDGE('',*,*,#2868,.T.);
#2200=ORIENTED_EDGE('',*,*,#2870,.T.);
#2201=ORIENTED_EDGE('',*,*,#2872,.T.);
#2202=ORIENTED_EDGE('',*,*,#2876,.T.);
#2203=ORIENTED_EDGE('',*,*,#3253,.F.);
#2204=ORIENTED_EDGE('',*,*,#3254,.T.);
#2205=ORIENTED_EDGE('',*,*,#2755,.T.);
#2206=ORIENTED_EDGE('',*,*,#3255,.F.);
#2207=ORIENTED_EDGE('',*,*,#3256,.F.);
#2208=ORIENTED_EDGE('',*,*,#2734,.T.);
#2209=ORIENTED_EDGE('',*,*,#2852,.T.);
#2210=ORIENTED_EDGE('',*,*,#2855,.F.);
#2211=ORIENTED_EDGE('',*,*,#2810,.T.);
#2212=ORIENTED_EDGE('',*,*,#2730,.T.);
#2213=ORIENTED_EDGE('',*,*,#2668,.F.);
#2214=ORIENTED_EDGE('',*,*,#2746,.F.);
#2215=ORIENTED_EDGE('',*,*,#2860,.F.);
#2216=ORIENTED_EDGE('',*,*,#2859,.T.);
#2217=ORIENTED_EDGE('',*,*,#2831,.T.);
#2218=ORIENTED_EDGE('',*,*,#2819,.T.);
#2219=ORIENTED_EDGE('',*,*,#2861,.F.);
#2220=ORIENTED_EDGE('',*,*,#2745,.F.);
#2221=ORIENTED_EDGE('',*,*,#2844,.F.);
#2222=ORIENTED_EDGE('',*,*,#2843,.T.);
#2223=ORIENTED_EDGE('',*,*,#2838,.T.);
#2224=ORIENTED_EDGE('',*,*,#2823,.T.);
#2225=ORIENTED_EDGE('',*,*,#2845,.F.);
#2226=ORIENTED_EDGE('',*,*,#2744,.F.);
#2227=ORIENTED_EDGE('',*,*,#2661,.T.);
#2228=ORIENTED_EDGE('',*,*,#2728,.T.);
#2229=ORIENTED_EDGE('',*,*,#2816,.T.);
#2230=ORIENTED_EDGE('',*,*,#2850,.F.);
#2231=ORIENTED_EDGE('',*,*,#2849,.T.);
#2232=ORIENTED_EDGE('',*,*,#2724,.T.);
#2233=ORIENTED_EDGE('',*,*,#2765,.T.);
#2234=ORIENTED_EDGE('',*,*,#2763,.F.);
#2235=ORIENTED_EDGE('',*,*,#3257,.T.);
#2236=ORIENTED_EDGE('',*,*,#3258,.T.);
#2237=ORIENTED_EDGE('',*,*,#3259,.F.);
#2238=ORIENTED_EDGE('',*,*,#2764,.F.);
#2239=ORIENTED_EDGE('',*,*,#3259,.T.);
#2240=ORIENTED_EDGE('',*,*,#3260,.T.);
#2241=ORIENTED_EDGE('',*,*,#3253,.T.);
#2242=ORIENTED_EDGE('',*,*,#3261,.F.);
#2243=ORIENTED_EDGE('',*,*,#3262,.T.);
#2244=ORIENTED_EDGE('',*,*,#3263,.T.);
#2245=ORIENTED_EDGE('',*,*,#2759,.F.);
#2246=ORIENTED_EDGE('',*,*,#3264,.T.);
#2247=ORIENTED_EDGE('',*,*,#3265,.T.);
#2248=ORIENTED_EDGE('',*,*,#3266,.F.);
#2249=ORIENTED_EDGE('',*,*,#3267,.T.);
#2250=ORIENTED_EDGE('',*,*,#3255,.T.);
#2251=ORIENTED_EDGE('',*,*,#2738,.T.);
#2252=ORIENTED_EDGE('',*,*,#3268,.T.);
#2253=ORIENTED_EDGE('',*,*,#3264,.F.);
#2254=ORIENTED_EDGE('',*,*,#2758,.F.);
#2255=ORIENTED_EDGE('',*,*,#2678,.F.);
#2256=ORIENTED_EDGE('',*,*,#3269,.T.);
#2257=ORIENTED_EDGE('',*,*,#3262,.F.);
#2258=ORIENTED_EDGE('',*,*,#3270,.F.);
#2259=ORIENTED_EDGE('',*,*,#2677,.F.);
#2260=ORIENTED_EDGE('',*,*,#3271,.T.);
#2261=ORIENTED_EDGE('',*,*,#3263,.F.);
#2262=ORIENTED_EDGE('',*,*,#3269,.F.);
#2263=ORIENTED_EDGE('',*,*,#3272,.T.);
#2264=ORIENTED_EDGE('',*,*,#3211,.F.);
#2265=ORIENTED_EDGE('',*,*,#3249,.F.);
#2266=ORIENTED_EDGE('',*,*,#3213,.T.);
#2267=ORIENTED_EDGE('',*,*,#3273,.T.);
#2268=ORIENTED_EDGE('',*,*,#3221,.F.);
#2269=ORIENTED_EDGE('',*,*,#3248,.F.);
#2270=ORIENTED_EDGE('',*,*,#3216,.T.);
#2271=ORIENTED_EDGE('',*,*,#3274,.T.);
#2272=ORIENTED_EDGE('',*,*,#3228,.F.);
#2273=ORIENTED_EDGE('',*,*,#3247,.F.);
#2274=ORIENTED_EDGE('',*,*,#3223,.T.);
#2275=ORIENTED_EDGE('',*,*,#3275,.T.);
#2276=ORIENTED_EDGE('',*,*,#3207,.F.);
#2277=ORIENTED_EDGE('',*,*,#3251,.F.);
#2278=ORIENTED_EDGE('',*,*,#3276,.T.);
#2279=ORIENTED_EDGE('',*,*,#3277,.T.);
#2280=ORIENTED_EDGE('',*,*,#3276,.F.);
#2281=ORIENTED_EDGE('',*,*,#3250,.F.);
#2282=ORIENTED_EDGE('',*,*,#3205,.T.);
#2283=ORIENTED_EDGE('',*,*,#3212,.F.);
#2284=ORIENTED_EDGE('',*,*,#3208,.F.);
#2285=ORIENTED_EDGE('',*,*,#3272,.F.);
#2286=ORIENTED_EDGE('',*,*,#3278,.F.);
#2287=ORIENTED_EDGE('',*,*,#3279,.F.);
#2288=ORIENTED_EDGE('',*,*,#3280,.F.);
#2289=ORIENTED_EDGE('',*,*,#3281,.F.);
#2290=ORIENTED_EDGE('',*,*,#3282,.F.);
#2291=ORIENTED_EDGE('',*,*,#3283,.F.);
#2292=ORIENTED_EDGE('',*,*,#3187,.F.);
#2293=ORIENTED_EDGE('',*,*,#3284,.T.);
#2294=ORIENTED_EDGE('',*,*,#3278,.T.);
#2295=ORIENTED_EDGE('',*,*,#3285,.F.);
#2296=ORIENTED_EDGE('',*,*,#3188,.F.);
#2297=ORIENTED_EDGE('',*,*,#3285,.T.);
#2298=ORIENTED_EDGE('',*,*,#3283,.T.);
#2299=ORIENTED_EDGE('',*,*,#3286,.F.);
#2300=ORIENTED_EDGE('',*,*,#3189,.F.);
#2301=ORIENTED_EDGE('',*,*,#3286,.T.);
#2302=ORIENTED_EDGE('',*,*,#3282,.T.);
#2303=ORIENTED_EDGE('',*,*,#3287,.F.);
#2304=ORIENTED_EDGE('',*,*,#3190,.F.);
#2305=ORIENTED_EDGE('',*,*,#3287,.T.);
#2306=ORIENTED_EDGE('',*,*,#3281,.T.);
#2307=ORIENTED_EDGE('',*,*,#3288,.F.);
#2308=ORIENTED_EDGE('',*,*,#3191,.F.);
#2309=ORIENTED_EDGE('',*,*,#3288,.T.);
#2310=ORIENTED_EDGE('',*,*,#3280,.T.);
#2311=ORIENTED_EDGE('',*,*,#3289,.F.);
#2312=ORIENTED_EDGE('',*,*,#3186,.F.);
#2313=ORIENTED_EDGE('',*,*,#3289,.T.);
#2314=ORIENTED_EDGE('',*,*,#3279,.T.);
#2315=ORIENTED_EDGE('',*,*,#3284,.F.);
#2316=ORIENTED_EDGE('',*,*,#3215,.F.);
#2317=ORIENTED_EDGE('',*,*,#3219,.F.);
#2318=ORIENTED_EDGE('',*,*,#3273,.F.);
#2319=ORIENTED_EDGE('',*,*,#3290,.F.);
#2320=ORIENTED_EDGE('',*,*,#3291,.F.);
#2321=ORIENTED_EDGE('',*,*,#3292,.F.);
#2322=ORIENTED_EDGE('',*,*,#3293,.F.);
#2323=ORIENTED_EDGE('',*,*,#3294,.F.);
#2324=ORIENTED_EDGE('',*,*,#3295,.F.);
#2325=ORIENTED_EDGE('',*,*,#3241,.F.);
#2326=ORIENTED_EDGE('',*,*,#3296,.T.);
#2327=ORIENTED_EDGE('',*,*,#3290,.T.);
#2328=ORIENTED_EDGE('',*,*,#3297,.F.);
#2329=ORIENTED_EDGE('',*,*,#3242,.F.);
#2330=ORIENTED_EDGE('',*,*,#3297,.T.);
#2331=ORIENTED_EDGE('',*,*,#3295,.T.);
#2332=ORIENTED_EDGE('',*,*,#3298,.F.);
#2333=ORIENTED_EDGE('',*,*,#3243,.F.);
#2334=ORIENTED_EDGE('',*,*,#3298,.T.);
#2335=ORIENTED_EDGE('',*,*,#3294,.T.);
#2336=ORIENTED_EDGE('',*,*,#3299,.F.);
#2337=ORIENTED_EDGE('',*,*,#3244,.F.);
#2338=ORIENTED_EDGE('',*,*,#3299,.T.);
#2339=ORIENTED_EDGE('',*,*,#3293,.T.);
#2340=ORIENTED_EDGE('',*,*,#3300,.F.);
#2341=ORIENTED_EDGE('',*,*,#3245,.F.);
#2342=ORIENTED_EDGE('',*,*,#3300,.T.);
#2343=ORIENTED_EDGE('',*,*,#3292,.T.);
#2344=ORIENTED_EDGE('',*,*,#3301,.F.);
#2345=ORIENTED_EDGE('',*,*,#3240,.F.);
#2346=ORIENTED_EDGE('',*,*,#3301,.T.);
#2347=ORIENTED_EDGE('',*,*,#3291,.T.);
#2348=ORIENTED_EDGE('',*,*,#3296,.F.);
#2349=ORIENTED_EDGE('',*,*,#3222,.F.);
#2350=ORIENTED_EDGE('',*,*,#3226,.F.);
#2351=ORIENTED_EDGE('',*,*,#3274,.F.);
#2352=ORIENTED_EDGE('',*,*,#3302,.F.);
#2353=ORIENTED_EDGE('',*,*,#3303,.F.);
#2354=ORIENTED_EDGE('',*,*,#3304,.F.);
#2355=ORIENTED_EDGE('',*,*,#3305,.F.);
#2356=ORIENTED_EDGE('',*,*,#3306,.F.);
#2357=ORIENTED_EDGE('',*,*,#3307,.F.);
#2358=ORIENTED_EDGE('',*,*,#3232,.F.);
#2359=ORIENTED_EDGE('',*,*,#3308,.T.);
#2360=ORIENTED_EDGE('',*,*,#3302,.T.);
#2361=ORIENTED_EDGE('',*,*,#3309,.F.);
#2362=ORIENTED_EDGE('',*,*,#3233,.F.);
#2363=ORIENTED_EDGE('',*,*,#3309,.T.);
#2364=ORIENTED_EDGE('',*,*,#3307,.T.);
#2365=ORIENTED_EDGE('',*,*,#3310,.F.);
#2366=ORIENTED_EDGE('',*,*,#3234,.F.);
#2367=ORIENTED_EDGE('',*,*,#3310,.T.);
#2368=ORIENTED_EDGE('',*,*,#3306,.T.);
#2369=ORIENTED_EDGE('',*,*,#3311,.F.);
#2370=ORIENTED_EDGE('',*,*,#3235,.F.);
#2371=ORIENTED_EDGE('',*,*,#3311,.T.);
#2372=ORIENTED_EDGE('',*,*,#3305,.T.);
#2373=ORIENTED_EDGE('',*,*,#3312,.F.);
#2374=ORIENTED_EDGE('',*,*,#3236,.F.);
#2375=ORIENTED_EDGE('',*,*,#3312,.T.);
#2376=ORIENTED_EDGE('',*,*,#3304,.T.);
#2377=ORIENTED_EDGE('',*,*,#3313,.F.);
#2378=ORIENTED_EDGE('',*,*,#3231,.F.);
#2379=ORIENTED_EDGE('',*,*,#3313,.T.);
#2380=ORIENTED_EDGE('',*,*,#3303,.T.);
#2381=ORIENTED_EDGE('',*,*,#3308,.F.);
#2382=ORIENTED_EDGE('',*,*,#3166,.F.);
#2383=ORIENTED_EDGE('',*,*,#3314,.T.);
#2384=ORIENTED_EDGE('',*,*,#3315,.T.);
#2385=ORIENTED_EDGE('',*,*,#3316,.F.);
#2386=ORIENTED_EDGE('',*,*,#3167,.F.);
#2387=ORIENTED_EDGE('',*,*,#3316,.T.);
#2388=ORIENTED_EDGE('',*,*,#3317,.T.);
#2389=ORIENTED_EDGE('',*,*,#3318,.F.);
#2390=ORIENTED_EDGE('',*,*,#3168,.F.);
#2391=ORIENTED_EDGE('',*,*,#3318,.T.);
#2392=ORIENTED_EDGE('',*,*,#3319,.T.);
#2393=ORIENTED_EDGE('',*,*,#3320,.F.);
#2394=ORIENTED_EDGE('',*,*,#3169,.F.);
#2395=ORIENTED_EDGE('',*,*,#3320,.T.);
#2396=ORIENTED_EDGE('',*,*,#3321,.T.);
#2397=ORIENTED_EDGE('',*,*,#3322,.F.);
#2398=ORIENTED_EDGE('',*,*,#3170,.F.);
#2399=ORIENTED_EDGE('',*,*,#3322,.T.);
#2400=ORIENTED_EDGE('',*,*,#3323,.T.);
#2401=ORIENTED_EDGE('',*,*,#3324,.F.);
#2402=ORIENTED_EDGE('',*,*,#3165,.F.);
#2403=ORIENTED_EDGE('',*,*,#3324,.T.);
#2404=ORIENTED_EDGE('',*,*,#3325,.T.);
#2405=ORIENTED_EDGE('',*,*,#3314,.F.);
#2406=ORIENTED_EDGE('',*,*,#3277,.F.);
#2407=ORIENTED_EDGE('',*,*,#3204,.F.);
#2408=ORIENTED_EDGE('',*,*,#3275,.F.);
#2409=ORIENTED_EDGE('',*,*,#3315,.F.);
#2410=ORIENTED_EDGE('',*,*,#3325,.F.);
#2411=ORIENTED_EDGE('',*,*,#3323,.F.);
#2412=ORIENTED_EDGE('',*,*,#3321,.F.);
#2413=ORIENTED_EDGE('',*,*,#3319,.F.);
#2414=ORIENTED_EDGE('',*,*,#3317,.F.);
#2415=ORIENTED_EDGE('',*,*,#3326,.T.);
#2416=ORIENTED_EDGE('',*,*,#3198,.T.);
#2417=ORIENTED_EDGE('',*,*,#3194,.F.);
#2418=ORIENTED_EDGE('',*,*,#3327,.F.);
#2419=ORIENTED_EDGE('',*,*,#3328,.T.);
#2420=ORIENTED_EDGE('',*,*,#2660,.F.);
#2421=ORIENTED_EDGE('',*,*,#3329,.T.);
#2422=ORIENTED_EDGE('',*,*,#3327,.T.);
#2423=ORIENTED_EDGE('',*,*,#3193,.F.);
#2424=ORIENTED_EDGE('',*,*,#3330,.F.);
#2425=ORIENTED_EDGE('',*,*,#3163,.T.);
#2426=ORIENTED_EDGE('',*,*,#3162,.T.);
#2427=ORIENTED_EDGE('',*,*,#3109,.T.);
#2428=ORIENTED_EDGE('',*,*,#3331,.T.);
#2429=ORIENTED_EDGE('',*,*,#3178,.F.);
#2430=ORIENTED_EDGE('',*,*,#3332,.F.);
#2431=ORIENTED_EDGE('',*,*,#2653,.T.);
#2432=ORIENTED_EDGE('',*,*,#3333,.T.);
#2433=ORIENTED_EDGE('',*,*,#2651,.T.);
#2434=ORIENTED_EDGE('',*,*,#3334,.T.);
#2435=ORIENTED_EDGE('',*,*,#2649,.T.);
#2436=ORIENTED_EDGE('',*,*,#3328,.F.);
#2437=ORIENTED_EDGE('',*,*,#3329,.F.);
#2438=ORIENTED_EDGE('',*,*,#3335,.T.);
#2439=ORIENTED_EDGE('',*,*,#3119,.T.);
#2440=ORIENTED_EDGE('',*,*,#3118,.T.);
#2441=ORIENTED_EDGE('',*,*,#3115,.T.);
#2442=ORIENTED_EDGE('',*,*,#3336,.T.);
#2443=ORIENTED_EDGE('',*,*,#3337,.T.);
#2444=ORIENTED_EDGE('',*,*,#2654,.F.);
#2445=ORIENTED_EDGE('',*,*,#3332,.T.);
#2446=ORIENTED_EDGE('',*,*,#3180,.T.);
#2447=ORIENTED_EDGE('',*,*,#3173,.F.);
#2448=ORIENTED_EDGE('',*,*,#3176,.F.);
#2449=ORIENTED_EDGE('',*,*,#3175,.F.);
#2450=ORIENTED_EDGE('',*,*,#3338,.T.);
#2451=ORIENTED_EDGE('',*,*,#2663,.T.);
#2452=ORIENTED_EDGE('',*,*,#2655,.T.);
#2453=ORIENTED_EDGE('',*,*,#3337,.F.);
#2454=ORIENTED_EDGE('',*,*,#3326,.F.);
#2455=ORIENTED_EDGE('',*,*,#2659,.T.);
#2456=ORIENTED_EDGE('',*,*,#2674,.T.);
#2457=ORIENTED_EDGE('',*,*,#3339,.T.);
#2458=ORIENTED_EDGE('',*,*,#3196,.F.);
#2459=ORIENTED_EDGE('',*,*,#2792,.T.);
#2460=ORIENTED_EDGE('',*,*,#2801,.F.);
#2461=ORIENTED_EDGE('',*,*,#2803,.F.);
#2462=ORIENTED_EDGE('',*,*,#2799,.F.);
#2463=ORIENTED_EDGE('',*,*,#3046,.T.);
#2464=ORIENTED_EDGE('',*,*,#3340,.T.);
#2465=ORIENTED_EDGE('',*,*,#3341,.T.);
#2466=ORIENTED_EDGE('',*,*,#3036,.T.);
#2467=ORIENTED_EDGE('',*,*,#3034,.T.);
#2468=ORIENTED_EDGE('',*,*,#2993,.T.);
#2469=ORIENTED_EDGE('',*,*,#2995,.F.);
#2470=ORIENTED_EDGE('',*,*,#2910,.T.);
#2471=ORIENTED_EDGE('',*,*,#2904,.T.);
#2472=ORIENTED_EDGE('',*,*,#2997,.T.);
#2473=ORIENTED_EDGE('',*,*,#2998,.F.);
#2474=ORIENTED_EDGE('',*,*,#2897,.T.);
#2475=ORIENTED_EDGE('',*,*,#3030,.T.);
#2476=ORIENTED_EDGE('',*,*,#3072,.T.);
#2477=ORIENTED_EDGE('',*,*,#3027,.T.);
#2478=ORIENTED_EDGE('',*,*,#3060,.T.);
#2479=ORIENTED_EDGE('',*,*,#3056,.T.);
#2480=ORIENTED_EDGE('',*,*,#2986,.T.);
#2481=ORIENTED_EDGE('',*,*,#2988,.F.);
#2482=ORIENTED_EDGE('',*,*,#2980,.T.);
#2483=ORIENTED_EDGE('',*,*,#2976,.T.);
#2484=ORIENTED_EDGE('',*,*,#2990,.T.);
#2485=ORIENTED_EDGE('',*,*,#2991,.F.);
#2486=ORIENTED_EDGE('',*,*,#2888,.T.);
#2487=ORIENTED_EDGE('',*,*,#3052,.T.);
#2488=ORIENTED_EDGE('',*,*,#3049,.T.);
#2489=ORIENTED_EDGE('',*,*,#3123,.T.);
#2490=ORIENTED_EDGE('',*,*,#3153,.F.);
#2491=ORIENTED_EDGE('',*,*,#3151,.T.);
#2492=ORIENTED_EDGE('',*,*,#3157,.F.);
#2493=ORIENTED_EDGE('',*,*,#3155,.T.);
#2494=ORIENTED_EDGE('',*,*,#3160,.F.);
#2495=ORIENTED_EDGE('',*,*,#3159,.T.);
#2496=ORIENTED_EDGE('',*,*,#3125,.F.);
#2497=ORIENTED_EDGE('',*,*,#3091,.T.);
#2498=ORIENTED_EDGE('',*,*,#3097,.F.);
#2499=ORIENTED_EDGE('',*,*,#3095,.T.);
#2500=ORIENTED_EDGE('',*,*,#3105,.F.);
#2501=ORIENTED_EDGE('',*,*,#3104,.T.);
#2502=ORIENTED_EDGE('',*,*,#3088,.F.);
#2503=ORIENTED_EDGE('',*,*,#3086,.T.);
#2504=ORIENTED_EDGE('',*,*,#3093,.F.);
#2505=ORIENTED_EDGE('',*,*,#3144,.T.);
#2506=ORIENTED_EDGE('',*,*,#3149,.F.);
#2507=ORIENTED_EDGE('',*,*,#3148,.T.);
#2508=ORIENTED_EDGE('',*,*,#3137,.F.);
#2509=ORIENTED_EDGE('',*,*,#3135,.T.);
#2510=ORIENTED_EDGE('',*,*,#3142,.F.);
#2511=ORIENTED_EDGE('',*,*,#3140,.T.);
#2512=ORIENTED_EDGE('',*,*,#3146,.F.);
#2513=ORIENTED_EDGE('',*,*,#3074,.T.);
#2514=ORIENTED_EDGE('',*,*,#3081,.F.);
#2515=ORIENTED_EDGE('',*,*,#3079,.T.);
#2516=ORIENTED_EDGE('',*,*,#3084,.F.);
#2517=ORIENTED_EDGE('',*,*,#3083,.T.);
#2518=ORIENTED_EDGE('',*,*,#3076,.F.);
#2519=ORIENTED_EDGE('',*,*,#3339,.F.);
#2520=ORIENTED_EDGE('',*,*,#2673,.F.);
#2521=ORIENTED_EDGE('',*,*,#2782,.T.);
#2522=ORIENTED_EDGE('',*,*,#2780,.T.);
#2523=ORIENTED_EDGE('',*,*,#2778,.T.);
#2524=ORIENTED_EDGE('',*,*,#2776,.T.);
#2525=ORIENTED_EDGE('',*,*,#2774,.T.);
#2526=ORIENTED_EDGE('',*,*,#2772,.T.);
#2527=ORIENTED_EDGE('',*,*,#2741,.F.);
#2528=ORIENTED_EDGE('',*,*,#2665,.T.);
#2529=ORIENTED_EDGE('',*,*,#3342,.T.);
#2530=ORIENTED_EDGE('',*,*,#2664,.T.);
#2531=ORIENTED_EDGE('',*,*,#3338,.F.);
#2532=ORIENTED_EDGE('',*,*,#3177,.T.);
#2533=ORIENTED_EDGE('',*,*,#3171,.T.);
#2534=ORIENTED_EDGE('',*,*,#3179,.T.);
#2535=ORIENTED_EDGE('',*,*,#3331,.F.);
#2536=ORIENTED_EDGE('',*,*,#3108,.F.);
#2537=ORIENTED_EDGE('',*,*,#3107,.T.);
#2538=ORIENTED_EDGE('',*,*,#3101,.F.);
#2539=ORIENTED_EDGE('',*,*,#3099,.T.);
#2540=ORIENTED_EDGE('',*,*,#3164,.F.);
#2541=ORIENTED_EDGE('',*,*,#3336,.F.);
#2542=ORIENTED_EDGE('',*,*,#3114,.F.);
#2543=ORIENTED_EDGE('',*,*,#3112,.T.);
#2544=ORIENTED_EDGE('',*,*,#3133,.F.);
#2545=ORIENTED_EDGE('',*,*,#3132,.T.);
#2546=ORIENTED_EDGE('',*,*,#3129,.F.);
#2547=ORIENTED_EDGE('',*,*,#3128,.T.);
#2548=ORIENTED_EDGE('',*,*,#3120,.F.);
#2549=ORIENTED_EDGE('',*,*,#3335,.F.);
#2550=ORIENTED_EDGE('',*,*,#3330,.T.);
#2551=ORIENTED_EDGE('',*,*,#3192,.T.);
#2552=ORIENTED_EDGE('',*,*,#3197,.T.);
#2553=ORIENTED_EDGE('',*,*,#3343,.T.);
#2554=ORIENTED_EDGE('',*,*,#3342,.F.);
#2555=ORIENTED_EDGE('',*,*,#3343,.F.);
#2556=ORIENTED_EDGE('',*,*,#3341,.F.);
#2557=ORIENTED_EDGE('',*,*,#3344,.T.);
#2558=ORIENTED_EDGE('',*,*,#3257,.F.);
#2559=ORIENTED_EDGE('',*,*,#2762,.F.);
#2560=ORIENTED_EDGE('',*,*,#2751,.F.);
#2561=ORIENTED_EDGE('',*,*,#3037,.F.);
#2562=ORIENTED_EDGE('',*,*,#2676,.T.);
#2563=ORIENTED_EDGE('',*,*,#3270,.T.);
#2564=ORIENTED_EDGE('',*,*,#3261,.T.);
#2565=ORIENTED_EDGE('',*,*,#3271,.F.);
#2566=ORIENTED_EDGE('',*,*,#3265,.F.);
#2567=ORIENTED_EDGE('',*,*,#3268,.F.);
#2568=ORIENTED_EDGE('',*,*,#2737,.F.);
#2569=ORIENTED_EDGE('',*,*,#3345,.F.);
#2570=ORIENTED_EDGE('',*,*,#3346,.F.);
#2571=ORIENTED_EDGE('',*,*,#3266,.T.);
#2572=ORIENTED_EDGE('',*,*,#3345,.T.);
#2573=ORIENTED_EDGE('',*,*,#2736,.T.);
#2574=ORIENTED_EDGE('',*,*,#3267,.F.);
#2575=ORIENTED_EDGE('',*,*,#3346,.T.);
#2576=ORIENTED_EDGE('',*,*,#2735,.F.);
#2577=ORIENTED_EDGE('',*,*,#3256,.T.);
#2578=ORIENTED_EDGE('',*,*,#3347,.T.);
#2579=ORIENTED_EDGE('',*,*,#2652,.F.);
#2580=ORIENTED_EDGE('',*,*,#3348,.F.);
#2581=ORIENTED_EDGE('',*,*,#3349,.T.);
#2582=ORIENTED_EDGE('',*,*,#2633,.F.);
#2583=ORIENTED_EDGE('',*,*,#3350,.T.);
#2584=ORIENTED_EDGE('',*,*,#2634,.F.);
#2585=ORIENTED_EDGE('',*,*,#3351,.T.);
#2586=ORIENTED_EDGE('',*,*,#2650,.F.);
#2587=ORIENTED_EDGE('',*,*,#3352,.F.);
#2588=ORIENTED_EDGE('',*,*,#2833,.F.);
#2589=ORIENTED_EDGE('',*,*,#3350,.F.);
#2590=ORIENTED_EDGE('',*,*,#2811,.F.);
#2591=ORIENTED_EDGE('',*,*,#3347,.F.);
#2592=ORIENTED_EDGE('',*,*,#2826,.F.);
#2593=ORIENTED_EDGE('',*,*,#3349,.F.);
#2594=ORIENTED_EDGE('',*,*,#2804,.F.);
#2595=ORIENTED_EDGE('',*,*,#3351,.F.);
#2596=ORIENTED_EDGE('',*,*,#3045,.F.);
#2597=ORIENTED_EDGE('',*,*,#2756,.F.);
#2598=ORIENTED_EDGE('',*,*,#3254,.F.);
#2599=ORIENTED_EDGE('',*,*,#3260,.F.);
#2600=ORIENTED_EDGE('',*,*,#3258,.F.);
#2601=ORIENTED_EDGE('',*,*,#3344,.F.);
#2602=ORIENTED_EDGE('',*,*,#3340,.F.);
#2603=ORIENTED_EDGE('',*,*,#3040,.F.);
#2604=ORIENTED_EDGE('',*,*,#2748,.F.);
#2605=ORIENTED_EDGE('',*,*,#3006,.F.);
#2606=ORIENTED_EDGE('',*,*,#2930,.F.);
#2607=ORIENTED_EDGE('',*,*,#3044,.F.);
#2608=ORIENTED_EDGE('',*,*,#3009,.F.);
#2609=ORIENTED_EDGE('',*,*,#2753,.F.);
#2610=ORIENTED_EDGE('',*,*,#2761,.F.);
#2611=ORIENTED_EDGE('',*,*,#3063,.F.);
#2612=ORIENTED_EDGE('',*,*,#3042,.F.);
#2613=ORIENTED_EDGE('',*,*,#3053,.F.);
#2614=ORIENTED_EDGE('',*,*,#2920,.F.);
#2615=ORIENTED_EDGE('',*,*,#2875,.F.);
#2616=ORIENTED_EDGE('',*,*,#2877,.F.);
#2617=ORIENTED_EDGE('',*,*,#2864,.F.);
#2618=ORIENTED_EDGE('',*,*,#3252,.F.);
#2619=ORIENTED_EDGE('',*,*,#2866,.F.);
#2620=ORIENTED_EDGE('',*,*,#2878,.F.);
#2621=ORIENTED_EDGE('',*,*,#2873,.F.);
#2622=ORIENTED_EDGE('',*,*,#2635,.F.);
#2623=ORIENTED_EDGE('',*,*,#3353,.F.);
#2624=ORIENTED_EDGE('',*,*,#3353,.T.);
#2625=ORIENTED_EDGE('',*,*,#2784,.F.);
#2626=ORIENTED_EDGE('',*,*,#3354,.F.);
#2627=ORIENTED_EDGE('',*,*,#3354,.T.);
#2628=ORIENTED_EDGE('',*,*,#2783,.F.);
#2629=ORIENTED_EDGE('',*,*,#3352,.T.);
#2630=ORIENTED_EDGE('',*,*,#3334,.F.);
#2631=ORIENTED_EDGE('',*,*,#3348,.T.);
#2632=ORIENTED_EDGE('',*,*,#3333,.F.);
#2633=EDGE_CURVE('',#3355,#3355,#3839,.F.);
#2634=EDGE_CURVE('',#3356,#3356,#3840,.F.);
#2635=EDGE_CURVE('',#3357,#3358,#151,.T.);
#2636=EDGE_CURVE('',#3358,#3359,#152,.T.);
#2637=EDGE_CURVE('',#3359,#3360,#153,.T.);
#2638=EDGE_CURVE('',#3360,#3361,#154,.T.);
#2639=EDGE_CURVE('',#3361,#3362,#155,.T.);
#2640=EDGE_CURVE('',#3362,#3357,#156,.T.);
#2641=EDGE_CURVE('',#3363,#3364,#157,.T.);
#2642=EDGE_CURVE('',#3364,#3365,#158,.T.);
#2643=EDGE_CURVE('',#3365,#3366,#159,.T.);
#2644=EDGE_CURVE('',#3366,#3363,#3841,.T.);
#2645=EDGE_CURVE('',#3367,#3368,#160,.T.);
#2646=EDGE_CURVE('',#3368,#3369,#161,.T.);
#2647=EDGE_CURVE('',#3369,#3370,#162,.T.);
#2648=EDGE_CURVE('',#3370,#3367,#3842,.T.);
#2649=EDGE_CURVE('',#3371,#3372,#163,.T.);
#2650=EDGE_CURVE('',#3371,#3373,#3843,.F.);
#2651=EDGE_CURVE('',#3374,#3373,#164,.T.);
#2652=EDGE_CURVE('',#3374,#3375,#3844,.F.);
#2653=EDGE_CURVE('',#3376,#3375,#165,.T.);
#2654=EDGE_CURVE('',#3376,#3377,#3845,.T.);
#2655=EDGE_CURVE('',#3378,#3377,#166,.T.);
#2656=EDGE_CURVE('',#3378,#3379,#167,.T.);
#2657=EDGE_CURVE('',#3379,#3380,#168,.T.);
#2658=EDGE_CURVE('',#3381,#3380,#169,.T.);
#2659=EDGE_CURVE('',#3382,#3381,#170,.T.);
#2660=EDGE_CURVE('',#3382,#3372,#3846,.T.);
#2661=EDGE_CURVE('',#3383,#3384,#171,.T.);
#2662=EDGE_CURVE('',#3379,#3383,#172,.T.);
#2663=EDGE_CURVE('',#3385,#3378,#173,.T.);
#2664=EDGE_CURVE('',#3386,#3385,#174,.T.);
#2665=EDGE_CURVE('',#3387,#3386,#175,.T.);
#2666=EDGE_CURVE('',#3388,#3387,#176,.T.);
#2667=EDGE_CURVE('',#3384,#3388,#177,.T.);
#2668=EDGE_CURVE('',#3389,#3390,#178,.T.);
#2669=EDGE_CURVE('',#3390,#3391,#179,.T.);
#2670=EDGE_CURVE('',#3391,#3392,#180,.T.);
#2671=EDGE_CURVE('',#3393,#3392,#181,.T.);
#2672=EDGE_CURVE('',#3394,#3393,#182,.T.);
#2673=EDGE_CURVE('',#3394,#3395,#183,.T.);
#2674=EDGE_CURVE('',#3381,#3395,#184,.T.);
#2675=EDGE_CURVE('',#3380,#3389,#185,.T.);
#2676=EDGE_CURVE('',#3396,#3397,#186,.T.);
#2677=EDGE_CURVE('',#3396,#3398,#3847,.T.);
#2678=EDGE_CURVE('',#3398,#3397,#3848,.T.);
#2679=EDGE_CURVE('',#3399,#3400,#187,.T.);
#2680=EDGE_CURVE('',#3401,#3400,#3849,.T.);
#2681=EDGE_CURVE('',#3401,#3402,#188,.T.);
#2682=EDGE_CURVE('',#3403,#3402,#3850,.T.);
#2683=EDGE_CURVE('',#3403,#3404,#189,.T.);
#2684=EDGE_CURVE('',#3405,#3404,#3851,.T.);
#2685=EDGE_CURVE('',#3405,#3406,#190,.T.);
#2686=EDGE_CURVE('',#3399,#3406,#3852,.T.);
#2687=EDGE_CURVE('',#3407,#3408,#191,.T.);
#2688=EDGE_CURVE('',#3409,#3408,#3853,.T.);
#2689=EDGE_CURVE('',#3409,#3410,#192,.T.);
#2690=EDGE_CURVE('',#3411,#3410,#3854,.T.);
#2691=EDGE_CURVE('',#3411,#3412,#193,.T.);
#2692=EDGE_CURVE('',#3407,#3412,#3855,.T.);
#2693=EDGE_CURVE('',#3413,#3414,#194,.T.);
#2694=EDGE_CURVE('',#3415,#3414,#3856,.T.);
#2695=EDGE_CURVE('',#3415,#3416,#195,.T.);
#2696=EDGE_CURVE('',#3417,#3416,#3857,.T.);
#2697=EDGE_CURVE('',#3417,#3418,#196,.T.);
#2698=EDGE_CURVE('',#3419,#3418,#3858,.T.);
#2699=EDGE_CURVE('',#3419,#3420,#197,.T.);
#2700=EDGE_CURVE('',#3413,#3420,#3859,.T.);
#2701=EDGE_CURVE('',#3421,#3422,#198,.T.);
#2702=EDGE_CURVE('',#3423,#3422,#3860,.T.);
#2703=EDGE_CURVE('',#3423,#3424,#199,.T.);
#2704=EDGE_CURVE('',#3425,#3424,#3861,.T.);
#2705=EDGE_CURVE('',#3425,#3426,#200,.T.);
#2706=EDGE_CURVE('',#3427,#3426,#3862,.T.);
#2707=EDGE_CURVE('',#3427,#3428,#201,.T.);
#2708=EDGE_CURVE('',#3421,#3428,#3863,.T.);
#2709=EDGE_CURVE('',#3429,#3430,#202,.T.);
#2710=EDGE_CURVE('',#3431,#3430,#3864,.T.);
#2711=EDGE_CURVE('',#3431,#3432,#203,.T.);
#2712=EDGE_CURVE('',#3433,#3432,#3865,.T.);
#2713=EDGE_CURVE('',#3433,#3434,#204,.T.);
#2714=EDGE_CURVE('',#3435,#3434,#3866,.T.);
#2715=EDGE_CURVE('',#3435,#3436,#205,.T.);
#2716=EDGE_CURVE('',#3429,#3436,#3867,.T.);
#2717=EDGE_CURVE('',#3437,#3438,#206,.T.);
#2718=EDGE_CURVE('',#3439,#3438,#3868,.T.);
#2719=EDGE_CURVE('',#3439,#3440,#207,.T.);
#2720=EDGE_CURVE('',#3441,#3440,#3869,.T.);
#2721=EDGE_CURVE('',#3441,#3442,#208,.T.);
#2722=EDGE_CURVE('',#3437,#3442,#3870,.T.);
#2723=EDGE_CURVE('',#3443,#3444,#209,.T.);
#2724=EDGE_CURVE('',#3445,#3444,#210,.T.);
#2725=EDGE_CURVE('',#3445,#3446,#211,.T.);
#2726=EDGE_CURVE('',#3447,#3446,#212,.T.);
#2727=EDGE_CURVE('',#3448,#3447,#213,.T.);
#2728=EDGE_CURVE('',#3384,#3448,#214,.T.);
#2729=EDGE_CURVE('',#3388,#3391,#215,.T.);
#2730=EDGE_CURVE('',#3449,#3390,#216,.T.);
#2731=EDGE_CURVE('',#3449,#3450,#217,.T.);
#2732=EDGE_CURVE('',#3451,#3450,#218,.T.);
#2733=EDGE_CURVE('',#3452,#3451,#219,.T.);
#2734=EDGE_CURVE('',#3453,#3452,#220,.T.);
#2735=EDGE_CURVE('',#3453,#3454,#3871,.T.);
#2736=EDGE_CURVE('',#3455,#3454,#221,.T.);
#2737=EDGE_CURVE('',#3455,#3456,#3872,.T.);
#2738=EDGE_CURVE('',#3457,#3456,#222,.T.);
#2739=EDGE_CURVE('',#3457,#3458,#223,.T.);
#2740=EDGE_CURVE('',#3458,#3443,#224,.T.);
#2741=EDGE_CURVE('',#3387,#3459,#225,.T.);
#2742=EDGE_CURVE('',#3459,#3460,#226,.T.);
#2743=EDGE_CURVE('',#3392,#3460,#227,.T.);
#2744=EDGE_CURVE('',#3383,#3461,#228,.T.);
#2745=EDGE_CURVE('',#3461,#3462,#229,.T.);
#2746=EDGE_CURVE('',#3462,#3389,#230,.T.);
#2747=EDGE_CURVE('',#3463,#3464,#231,.T.);
#2748=EDGE_CURVE('',#3464,#3465,#232,.T.);
#2749=EDGE_CURVE('',#3466,#3465,#127,.T.);
#2750=EDGE_CURVE('',#3467,#3466,#233,.T.);
#2751=EDGE_CURVE('',#3467,#3468,#234,.T.);
#2752=EDGE_CURVE('',#3468,#3469,#235,.T.);
#2753=EDGE_CURVE('',#3469,#3470,#236,.T.);
#2754=EDGE_CURVE('',#3470,#3463,#237,.T.);
#2755=EDGE_CURVE('',#3471,#3472,#238,.T.);
#2756=EDGE_CURVE('',#3471,#3473,#239,.T.);
#2757=EDGE_CURVE('',#3458,#3473,#240,.T.);
#2758=EDGE_CURVE('',#3457,#3474,#241,.F.);
#2759=EDGE_CURVE('',#3474,#3472,#242,.T.);
#2760=EDGE_CURVE('',#3443,#3475,#243,.T.);
#2761=EDGE_CURVE('',#3475,#3469,#244,.T.);
#2762=EDGE_CURVE('',#3468,#3476,#245,.F.);
#2763=EDGE_CURVE('',#3476,#3477,#246,.T.);
#2764=EDGE_CURVE('',#3477,#3478,#247,.T.);
#2765=EDGE_CURVE('',#3444,#3478,#248,.T.);
#2766=EDGE_CURVE('',#3460,#3479,#249,.T.);
#2767=EDGE_CURVE('',#3479,#3480,#250,.T.);
#2768=EDGE_CURVE('',#3480,#3481,#251,.T.);
#2769=EDGE_CURVE('',#3481,#3482,#252,.T.);
#2770=EDGE_CURVE('',#3482,#3483,#253,.T.);
#2771=EDGE_CURVE('',#3483,#3393,#254,.T.);
#2772=EDGE_CURVE('',#3484,#3459,#255,.T.);
#2773=EDGE_CURVE('',#3484,#3479,#256,.T.);
#2774=EDGE_CURVE('',#3485,#3484,#257,.T.);
#2775=EDGE_CURVE('',#3485,#3480,#258,.T.);
#2776=EDGE_CURVE('',#3486,#3485,#259,.T.);
#2777=EDGE_CURVE('',#3486,#3481,#260,.T.);
#2778=EDGE_CURVE('',#3487,#3486,#261,.T.);
#2779=EDGE_CURVE('',#3487,#3482,#262,.T.);
#2780=EDGE_CURVE('',#3488,#3487,#263,.T.);
#2781=EDGE_CURVE('',#3488,#3483,#264,.T.);
#2782=EDGE_CURVE('',#3394,#3488,#265,.T.);
#2783=EDGE_CURVE('',#3489,#3489,#3873,.T.);
#2784=EDGE_CURVE('',#3490,#3490,#3874,.T.);
#2785=EDGE_CURVE('',#3491,#3492,#266,.T.);
#2786=EDGE_CURVE('',#3492,#3493,#267,.T.);
#2787=EDGE_CURVE('',#3493,#3494,#268,.T.);
#2788=EDGE_CURVE('',#3494,#3491,#269,.T.);
#2789=EDGE_CURVE('',#3495,#3496,#270,.T.);
#2790=EDGE_CURVE('',#3495,#3492,#271,.T.);
#2791=EDGE_CURVE('',#3496,#3491,#272,.T.);
#2792=EDGE_CURVE('',#3497,#3498,#273,.T.);
#2793=EDGE_CURVE('',#3499,#3497,#274,.T.);
#2794=EDGE_CURVE('',#3499,#3493,#275,.T.);
#2795=EDGE_CURVE('',#3498,#3495,#276,.T.);
#2796=EDGE_CURVE('',#3500,#3499,#277,.T.);
#2797=EDGE_CURVE('',#3500,#3494,#278,.T.);
#2798=EDGE_CURVE('',#3496,#3500,#279,.T.);
#2799=EDGE_CURVE('',#3497,#3501,#280,.T.);
#2800=EDGE_CURVE('',#3500,#3501,#281,.T.);
#2801=EDGE_CURVE('',#3502,#3498,#282,.T.);
#2802=EDGE_CURVE('',#3502,#3496,#283,.T.);
#2803=EDGE_CURVE('',#3501,#3502,#284,.T.);
#2804=EDGE_CURVE('',#3503,#3503,#3875,.F.);
#2805=EDGE_CURVE('',#3504,#3505,#3876,.T.);
#2806=EDGE_CURVE('',#3505,#3451,#285,.T.);
#2807=EDGE_CURVE('',#3450,#3504,#286,.T.);
#2808=EDGE_CURVE('',#3506,#3507,#128,.T.);
#2809=EDGE_CURVE('',#3507,#3504,#287,.T.);
#2810=EDGE_CURVE('',#3506,#3449,#288,.T.);
#2811=EDGE_CURVE('',#3508,#3508,#3877,.F.);
#2812=EDGE_CURVE('',#3509,#3510,#3878,.T.);
#2813=EDGE_CURVE('',#3510,#3447,#289,.T.);
#2814=EDGE_CURVE('',#3446,#3509,#290,.T.);
#2815=EDGE_CURVE('',#3511,#3512,#129,.T.);
#2816=EDGE_CURVE('',#3448,#3512,#291,.T.);
#2817=EDGE_CURVE('',#3511,#3510,#292,.T.);
#2818=EDGE_CURVE('',#3513,#3514,#130,.T.);
#2819=EDGE_CURVE('',#3515,#3514,#293,.T.);
#2820=EDGE_CURVE('',#3516,#3515,#294,.T.);
#2821=EDGE_CURVE('',#3513,#3516,#295,.T.);
#2822=EDGE_CURVE('',#3517,#3518,#131,.T.);
#2823=EDGE_CURVE('',#3519,#3518,#296,.T.);
#2824=EDGE_CURVE('',#3520,#3519,#297,.T.);
#2825=EDGE_CURVE('',#3517,#3520,#298,.T.);
#2826=EDGE_CURVE('',#3521,#3521,#3879,.F.);
#2827=EDGE_CURVE('',#3522,#3523,#299,.T.);
#2828=EDGE_CURVE('',#3522,#3523,#3880,.T.);
#2829=EDGE_CURVE('',#3524,#3522,#98,.T.);
#2830=EDGE_CURVE('',#3523,#3516,#99,.T.);
#2831=EDGE_CURVE('',#3525,#3515,#300,.T.);
#2832=EDGE_CURVE('',#3525,#3524,#301,.T.);
#2833=EDGE_CURVE('',#3526,#3526,#3881,.F.);
#2834=EDGE_CURVE('',#3527,#3528,#302,.T.);
#2835=EDGE_CURVE('',#3527,#3528,#3882,.T.);
#2836=EDGE_CURVE('',#3529,#3527,#100,.T.);
#2837=EDGE_CURVE('',#3528,#3520,#101,.T.);
#2838=EDGE_CURVE('',#3530,#3519,#303,.T.);
#2839=EDGE_CURVE('',#3530,#3529,#304,.T.);
#2840=EDGE_CURVE('',#3517,#3531,#3883,.T.);
#2841=EDGE_CURVE('',#3531,#3529,#305,.T.);
#2842=EDGE_CURVE('',#3532,#3531,#132,.T.);
#2843=EDGE_CURVE('',#3532,#3530,#306,.T.);
#2844=EDGE_CURVE('',#3532,#3461,#3884,.T.);
#2845=EDGE_CURVE('',#3461,#3518,#3885,.T.);
#2846=EDGE_CURVE('',#3511,#3533,#3886,.T.);
#2847=EDGE_CURVE('',#3533,#3509,#307,.T.);
#2848=EDGE_CURVE('',#3534,#3533,#133,.T.);
#2849=EDGE_CURVE('',#3534,#3445,#308,.T.);
#2850=EDGE_CURVE('',#3534,#3512,#3887,.T.);
#2851=EDGE_CURVE('',#3535,#3536,#134,.T.);
#2852=EDGE_CURVE('',#3452,#3536,#309,.T.);
#2853=EDGE_CURVE('',#3535,#3505,#310,.T.);
#2854=EDGE_CURVE('',#3535,#3507,#3888,.T.);
#2855=EDGE_CURVE('',#3506,#3536,#3889,.T.);
#2856=EDGE_CURVE('',#3513,#3537,#3890,.T.);
#2857=EDGE_CURVE('',#3537,#3524,#311,.T.);
#2858=EDGE_CURVE('',#3538,#3537,#135,.T.);
#2859=EDGE_CURVE('',#3538,#3525,#312,.T.);
#2860=EDGE_CURVE('',#3538,#3462,#3891,.T.);
#2861=EDGE_CURVE('',#3462,#3514,#3892,.T.);
#2862=EDGE_CURVE('',#3539,#3362,#313,.T.);
#2863=EDGE_CURVE('',#3540,#3539,#314,.T.);
#2864=EDGE_CURVE('',#3540,#3541,#315,.T.);
#2865=EDGE_CURVE('',#3541,#3542,#316,.T.);
#2866=EDGE_CURVE('',#3542,#3357,#317,.T.);
#2867=EDGE_CURVE('',#3543,#3361,#318,.T.);
#2868=EDGE_CURVE('',#3539,#3543,#319,.T.);
#2869=EDGE_CURVE('',#3544,#3360,#320,.T.);
#2870=EDGE_CURVE('',#3543,#3544,#321,.T.);
#2871=EDGE_CURVE('',#3545,#3359,#322,.T.);
#2872=EDGE_CURVE('',#3544,#3545,#323,.T.);
#2873=EDGE_CURVE('',#3358,#3546,#324,.T.);
#2874=EDGE_CURVE('',#3547,#3546,#325,.T.);
#2875=EDGE_CURVE('',#3547,#3548,#326,.T.);
#2876=EDGE_CURVE('',#3545,#3548,#327,.T.);
#2877=EDGE_CURVE('',#3541,#3547,#328,.T.);
#2878=EDGE_CURVE('',#3546,#3542,#329,.T.);
#2879=EDGE_CURVE('',#3549,#3550,#3893,.T.);
#2880=EDGE_CURVE('',#3549,#3551,#330,.T.);
#2881=EDGE_CURVE('',#3552,#3551,#102,.T.);
#2882=EDGE_CURVE('',#3553,#3552,#3894,.T.);
#2883=EDGE_CURVE('',#3550,#3553,#331,.T.);
#2884=EDGE_CURVE('',#3554,#3555,#136,.T.);
#2885=EDGE_CURVE('',#3555,#3556,#332,.T.);
#2886=EDGE_CURVE('',#3557,#3556,#333,.T.);
#2887=EDGE_CURVE('',#3558,#3557,#334,.T.);
#2888=EDGE_CURVE('',#3554,#3558,#335,.T.);
#2889=EDGE_CURVE('',#3559,#3555,#3895,.T.);
#2890=EDGE_CURVE('',#3559,#3560,#336,.T.);
#2891=EDGE_CURVE('',#3561,#3560,#3896,.T.);
#2892=EDGE_CURVE('',#3556,#3561,#103,.T.);
#2893=EDGE_CURVE('',#3562,#3563,#137,.T.);
#2894=EDGE_CURVE('',#3563,#3564,#337,.T.);
#2895=EDGE_CURVE('',#3565,#3564,#338,.T.);
#2896=EDGE_CURVE('',#3566,#3565,#339,.T.);
#2897=EDGE_CURVE('',#3562,#3566,#340,.T.);
#2898=EDGE_CURVE('',#3567,#3563,#3897,.T.);
#2899=EDGE_CURVE('',#3567,#3568,#341,.T.);
#2900=EDGE_CURVE('',#3569,#3568,#3898,.T.);
#2901=EDGE_CURVE('',#3564,#3569,#104,.T.);
#2902=EDGE_CURVE('',#3570,#3571,#342,.T.);
#2903=EDGE_CURVE('',#3572,#3570,#343,.T.);
#2904=EDGE_CURVE('',#3573,#3572,#344,.T.);
#2905=EDGE_CURVE('',#3573,#3571,#345,.T.);
#2906=EDGE_CURVE('',#3574,#3575,#138,.T.);
#2907=EDGE_CURVE('',#3575,#3576,#346,.T.);
#2908=EDGE_CURVE('',#3577,#3576,#347,.T.);
#2909=EDGE_CURVE('',#3571,#3577,#348,.T.);
#2910=EDGE_CURVE('',#3574,#3573,#349,.T.);
#2911=EDGE_CURVE('',#3578,#3575,#3899,.T.);
#2912=EDGE_CURVE('',#3578,#3579,#350,.T.);
#2913=EDGE_CURVE('',#3580,#3579,#105,.T.);
#2914=EDGE_CURVE('',#3576,#3580,#3900,.T.);
#2915=EDGE_CURVE('',#3581,#3581,#3901,.T.);
#2916=EDGE_CURVE('',#3582,#3582,#3902,.T.);
#2917=EDGE_CURVE('',#3583,#3583,#3903,.T.);
#2918=EDGE_CURVE('',#3584,#3584,#3904,.T.);
#2919=EDGE_CURVE('',#3585,#3586,#3905,.F.);
#2920=EDGE_CURVE('',#3586,#3587,#351,.T.);
#2921=EDGE_CURVE('',#3588,#3587,#3906,.T.);
#2922=EDGE_CURVE('',#3589,#3588,#352,.T.);
#2923=EDGE_CURVE('',#3590,#3589,#353,.T.);
#2924=EDGE_CURVE('',#3591,#3590,#3907,.T.);
#2925=EDGE_CURVE('',#3592,#3591,#354,.T.);
#2926=EDGE_CURVE('',#3593,#3592,#355,.T.);
#2927=EDGE_CURVE('',#3594,#3593,#3908,.T.);
#2928=EDGE_CURVE('',#3594,#3585,#356,.T.);
#2929=EDGE_CURVE('',#3595,#3596,#3909,.T.);
#2930=EDGE_CURVE('',#3595,#3597,#357,.T.);
#2931=EDGE_CURVE('',#3597,#3598,#3910,.F.);
#2932=EDGE_CURVE('',#3598,#3599,#358,.T.);
#2933=EDGE_CURVE('',#3600,#3599,#3911,.T.);
#2934=EDGE_CURVE('',#3601,#3600,#359,.T.);
#2935=EDGE_CURVE('',#3602,#3601,#360,.T.);
#2936=EDGE_CURVE('',#3603,#3602,#3912,.T.);
#2937=EDGE_CURVE('',#3604,#3603,#361,.T.);
#2938=EDGE_CURVE('',#3596,#3604,#362,.T.);
#2939=EDGE_CURVE('',#3605,#3606,#363,.T.);
#2940=EDGE_CURVE('',#3605,#3607,#364,.T.);
#2941=EDGE_CURVE('',#3607,#3592,#365,.T.);
#2942=EDGE_CURVE('',#3591,#3606,#366,.T.);
#2943=EDGE_CURVE('',#3551,#3608,#367,.T.);
#2944=EDGE_CURVE('',#3608,#3605,#368,.T.);
#2945=EDGE_CURVE('',#3606,#3609,#106,.T.);
#2946=EDGE_CURVE('',#3609,#3552,#369,.T.);
#2947=EDGE_CURVE('',#3610,#3611,#370,.T.);
#2948=EDGE_CURVE('',#3610,#3553,#371,.T.);
#2949=EDGE_CURVE('',#3609,#3612,#3913,.T.);
#2950=EDGE_CURVE('',#3561,#3612,#372,.T.);
#2951=EDGE_CURVE('',#3560,#3611,#373,.T.);
#2952=EDGE_CURVE('',#3612,#3613,#107,.T.);
#2953=EDGE_CURVE('',#3590,#3613,#374,.T.);
#2954=EDGE_CURVE('',#3613,#3614,#375,.T.);
#2955=EDGE_CURVE('',#3589,#3615,#376,.T.);
#2956=EDGE_CURVE('',#3615,#3614,#377,.T.);
#2957=EDGE_CURVE('',#3614,#3557,#378,.T.);
#2958=EDGE_CURVE('',#3616,#3617,#379,.T.);
#2959=EDGE_CURVE('',#3616,#3618,#380,.T.);
#2960=EDGE_CURVE('',#3618,#3604,#381,.T.);
#2961=EDGE_CURVE('',#3603,#3617,#382,.T.);
#2962=EDGE_CURVE('',#3579,#3619,#383,.T.);
#2963=EDGE_CURVE('',#3619,#3616,#384,.T.);
#2964=EDGE_CURVE('',#3617,#3620,#108,.T.);
#2965=EDGE_CURVE('',#3620,#3580,#385,.T.);
#2966=EDGE_CURVE('',#3621,#3622,#109,.T.);
#2967=EDGE_CURVE('',#3620,#3621,#3914,.T.);
#2968=EDGE_CURVE('',#3602,#3622,#386,.T.);
#2969=EDGE_CURVE('',#3622,#3623,#387,.T.);
#2970=EDGE_CURVE('',#3601,#3624,#388,.T.);
#2971=EDGE_CURVE('',#3624,#3623,#389,.T.);
#2972=EDGE_CURVE('',#3569,#3621,#390,.T.);
#2973=EDGE_CURVE('',#3623,#3565,#391,.T.);
#2974=EDGE_CURVE('',#3625,#3626,#392,.T.);
#2975=EDGE_CURVE('',#3627,#3625,#393,.T.);
#2976=EDGE_CURVE('',#3628,#3627,#394,.T.);
#2977=EDGE_CURVE('',#3628,#3626,#395,.T.);
#2978=EDGE_CURVE('',#3629,#3550,#139,.T.);
#2979=EDGE_CURVE('',#3626,#3610,#396,.T.);
#2980=EDGE_CURVE('',#3629,#3628,#397,.T.);
#2981=EDGE_CURVE('',#3611,#3625,#398,.T.);
#2982=EDGE_CURVE('',#3577,#3630,#399,.T.);
#2983=EDGE_CURVE('',#3568,#3630,#400,.T.);
#2984=EDGE_CURVE('',#3630,#3570,#401,.T.);
#2985=EDGE_CURVE('',#3549,#3631,#140,.T.);
#2986=EDGE_CURVE('',#3632,#3631,#402,.T.);
#2987=EDGE_CURVE('',#3632,#3608,#403,.T.);
#2988=EDGE_CURVE('',#3629,#3631,#3915,.T.);
#2989=EDGE_CURVE('',#3559,#3633,#141,.T.);
#2990=EDGE_CURVE('',#3627,#3633,#404,.T.);
#2991=EDGE_CURVE('',#3554,#3633,#3916,.T.);
#2992=EDGE_CURVE('',#3578,#3634,#142,.T.);
#2993=EDGE_CURVE('',#3635,#3634,#405,.T.);
#2994=EDGE_CURVE('',#3635,#3619,#406,.T.);
#2995=EDGE_CURVE('',#3574,#3634,#3917,.T.);
#2996=EDGE_CURVE('',#3567,#3636,#143,.T.);
#2997=EDGE_CURVE('',#3572,#3636,#407,.T.);
#2998=EDGE_CURVE('',#3562,#3636,#3918,.T.);
#2999=EDGE_CURVE('',#3637,#3638,#144,.T.);
#3000=EDGE_CURVE('',#3639,#3637,#408,.T.);
#3001=EDGE_CURVE('',#3639,#3599,#145,.T.);
#3002=EDGE_CURVE('',#3598,#3640,#409,.T.);
#3003=EDGE_CURVE('',#3638,#3640,#410,.T.);
#3004=EDGE_CURVE('',#3641,#3642,#110,.T.);
#3005=EDGE_CURVE('',#3640,#3641,#3919,.T.);
#3006=EDGE_CURVE('',#3597,#3464,#111,.F.);
#3007=EDGE_CURVE('',#3643,#3463,#3920,.T.);
#3008=EDGE_CURVE('',#3643,#3642,#411,.T.);
#3009=EDGE_CURVE('',#3470,#3644,#412,.T.);
#3010=EDGE_CURVE('',#3645,#3644,#413,.T.);
#3011=EDGE_CURVE('',#3645,#3646,#3921,.T.);
#3012=EDGE_CURVE('',#3646,#3647,#414,.T.);
#3013=EDGE_CURVE('',#3648,#3647,#3922,.T.);
#3014=EDGE_CURVE('',#3648,#3643,#415,.T.);
#3015=EDGE_CURVE('',#3649,#3650,#416,.T.);
#3016=EDGE_CURVE('',#3651,#3649,#417,.T.);
#3017=EDGE_CURVE('',#3651,#3647,#146,.T.);
#3018=EDGE_CURVE('',#3646,#3650,#418,.T.);
#3019=EDGE_CURVE('',#3652,#3653,#147,.T.);
#3020=EDGE_CURVE('',#3654,#3652,#419,.T.);
#3021=EDGE_CURVE('',#3585,#3654,#420,.T.);
#3022=EDGE_CURVE('',#3594,#3655,#148,.T.);
#3023=EDGE_CURVE('',#3655,#3653,#421,.T.);
#3024=EDGE_CURVE('',#3642,#3656,#422,.T.);
#3025=EDGE_CURVE('',#3648,#3657,#149,.T.);
#3026=EDGE_CURVE('',#3657,#3656,#423,.T.);
#3027=EDGE_CURVE('',#3657,#3651,#3923,.T.);
#3028=EDGE_CURVE('',#3658,#3624,#424,.T.);
#3029=EDGE_CURVE('',#3659,#3658,#425,.T.);
#3030=EDGE_CURVE('',#3566,#3659,#426,.T.);
#3031=EDGE_CURVE('',#3639,#3658,#3924,.T.);
#3032=EDGE_CURVE('',#3600,#3658,#112,.T.);
#3033=EDGE_CURVE('',#3618,#3660,#427,.T.);
#3034=EDGE_CURVE('',#3661,#3635,#428,.T.);
#3035=EDGE_CURVE('',#3661,#3660,#429,.T.);
#3036=EDGE_CURVE('',#3662,#3661,#3925,.T.);
#3037=EDGE_CURVE('',#3662,#3467,#113,.T.);
#3038=EDGE_CURVE('',#3660,#3466,#3926,.T.);
#3039=EDGE_CURVE('',#3596,#3660,#114,.T.);
#3040=EDGE_CURVE('',#3465,#3595,#14,.T.);
#3041=EDGE_CURVE('',#3663,#3664,#150,.T.);
#3042=EDGE_CURVE('',#3663,#3665,#430,.T.);
#3043=EDGE_CURVE('',#3665,#3645,#431,.T.);
#3044=EDGE_CURVE('',#3644,#3475,#432,.T.);
#3045=EDGE_CURVE('',#3473,#3666,#433,.T.);
#3046=EDGE_CURVE('',#3667,#3666,#434,.T.);
#3047=EDGE_CURVE('',#3667,#3664,#435,.T.);
#3048=EDGE_CURVE('',#3664,#3668,#3927,.T.);
#3049=EDGE_CURVE('',#3669,#3667,#3928,.T.);
#3050=EDGE_CURVE('',#3669,#3668,#436,.T.);
#3051=EDGE_CURVE('',#3668,#3615,#437,.T.);
#3052=EDGE_CURVE('',#3558,#3669,#438,.T.);
#3053=EDGE_CURVE('',#3587,#3663,#15,.T.);
#3054=EDGE_CURVE('',#3588,#3668,#115,.T.);
#3055=EDGE_CURVE('',#3607,#3670,#439,.T.);
#3056=EDGE_CURVE('',#3671,#3632,#440,.T.);
#3057=EDGE_CURVE('',#3671,#3670,#441,.T.);
#3058=EDGE_CURVE('',#3653,#3649,#3929,.T.);
#3059=EDGE_CURVE('',#3670,#3655,#3930,.T.);
#3060=EDGE_CURVE('',#3651,#3671,#3931,.T.);
#3061=EDGE_CURVE('',#3593,#3670,#116,.T.);
#3062=EDGE_CURVE('',#3650,#3672,#117,.T.);
#3063=EDGE_CURVE('',#3665,#3586,#118,.F.);
#3064=EDGE_CURVE('',#3672,#3654,#3932,.T.);
#3065=EDGE_CURVE('',#3638,#3673,#3933,.T.);
#3066=EDGE_CURVE('',#3673,#3641,#442,.T.);
#3067=EDGE_CURVE('',#3649,#3674,#16,.T.);
#3068=EDGE_CURVE('',#3672,#3674,#443,.T.);
#3069=EDGE_CURVE('',#3674,#3652,#3934,.T.);
#3070=EDGE_CURVE('',#3673,#3656,#17,.T.);
#3071=EDGE_CURVE('',#3656,#3637,#3935,.T.);
#3072=EDGE_CURVE('',#3659,#3657,#3936,.T.);
#3073=EDGE_CURVE('',#3675,#3437,#444,.T.);
#3074=EDGE_CURVE('',#3676,#3675,#445,.T.);
#3075=EDGE_CURVE('',#3438,#3676,#446,.T.);
#3076=EDGE_CURVE('',#3676,#3677,#3937,.T.);
#3077=EDGE_CURVE('',#3677,#3439,#447,.T.);
#3078=EDGE_CURVE('',#3678,#3441,#448,.T.);
#3079=EDGE_CURVE('',#3679,#3678,#449,.T.);
#3080=EDGE_CURVE('',#3442,#3679,#450,.T.);
#3081=EDGE_CURVE('',#3679,#3675,#3938,.T.);
#3082=EDGE_CURVE('',#3440,#3680,#451,.T.);
#3083=EDGE_CURVE('',#3680,#3677,#452,.T.);
#3084=EDGE_CURVE('',#3680,#3678,#3939,.T.);
#3085=EDGE_CURVE('',#3681,#3415,#453,.T.);
#3086=EDGE_CURVE('',#3682,#3681,#454,.T.);
#3087=EDGE_CURVE('',#3416,#3682,#455,.T.);
#3088=EDGE_CURVE('',#3682,#3683,#3940,.T.);
#3089=EDGE_CURVE('',#3683,#3417,#456,.T.);
#3090=EDGE_CURVE('',#3684,#3413,#457,.T.);
#3091=EDGE_CURVE('',#3685,#3684,#458,.T.);
#3092=EDGE_CURVE('',#3414,#3685,#459,.T.);
#3093=EDGE_CURVE('',#3685,#3681,#3941,.T.);
#3094=EDGE_CURVE('',#3686,#3419,#460,.T.);
#3095=EDGE_CURVE('',#3687,#3686,#461,.T.);
#3096=EDGE_CURVE('',#3420,#3687,#462,.T.);
#3097=EDGE_CURVE('',#3687,#3684,#3942,.T.);
#3098=EDGE_CURVE('',#3688,#3407,#463,.T.);
#3099=EDGE_CURVE('',#3689,#3688,#464,.T.);
#3100=EDGE_CURVE('',#3408,#3689,#465,.T.);
#3101=EDGE_CURVE('',#3689,#3690,#3943,.T.);
#3102=EDGE_CURVE('',#3690,#3409,#466,.T.);
#3103=EDGE_CURVE('',#3418,#3691,#467,.T.);
#3104=EDGE_CURVE('',#3691,#3683,#468,.T.);
#3105=EDGE_CURVE('',#3691,#3686,#3944,.T.);
#3106=EDGE_CURVE('',#3410,#3692,#469,.T.);
#3107=EDGE_CURVE('',#3692,#3690,#470,.T.);
#3108=EDGE_CURVE('',#3692,#3693,#3945,.T.);
#3109=EDGE_CURVE('',#3694,#3693,#119,.T.);
#3110=EDGE_CURVE('',#3694,#3411,#471,.T.);
#3111=EDGE_CURVE('',#3695,#3431,#472,.T.);
#3112=EDGE_CURVE('',#3696,#3695,#473,.T.);
#3113=EDGE_CURVE('',#3432,#3696,#474,.T.);
#3114=EDGE_CURVE('',#3696,#3697,#3946,.T.);
#3115=EDGE_CURVE('',#3698,#3697,#120,.T.);
#3116=EDGE_CURVE('',#3698,#3433,#475,.T.);
#3117=EDGE_CURVE('',#3434,#3699,#476,.T.);
#3118=EDGE_CURVE('',#3699,#3698,#477,.T.);
#3119=EDGE_CURVE('',#3700,#3699,#121,.T.);
#3120=EDGE_CURVE('',#3700,#3701,#3947,.T.);
#3121=EDGE_CURVE('',#3701,#3435,#478,.T.);
#3122=EDGE_CURVE('',#3702,#3399,#479,.T.);
#3123=EDGE_CURVE('',#3703,#3702,#480,.T.);
#3124=EDGE_CURVE('',#3400,#3703,#481,.T.);
#3125=EDGE_CURVE('',#3703,#3704,#3948,.T.);
#3126=EDGE_CURVE('',#3704,#3401,#482,.T.);
#3127=EDGE_CURVE('',#3436,#3705,#483,.T.);
#3128=EDGE_CURVE('',#3705,#3701,#484,.T.);
#3129=EDGE_CURVE('',#3705,#3706,#3949,.T.);
#3130=EDGE_CURVE('',#3706,#3429,#485,.T.);
#3131=EDGE_CURVE('',#3430,#3707,#486,.T.);
#3132=EDGE_CURVE('',#3707,#3706,#487,.T.);
#3133=EDGE_CURVE('',#3707,#3695,#3950,.T.);
#3134=EDGE_CURVE('',#3708,#3425,#488,.T.);
#3135=EDGE_CURVE('',#3709,#3708,#489,.T.);
#3136=EDGE_CURVE('',#3426,#3709,#490,.T.);
#3137=EDGE_CURVE('',#3709,#3710,#3951,.T.);
#3138=EDGE_CURVE('',#3710,#3427,#491,.T.);
#3139=EDGE_CURVE('',#3711,#3423,#492,.T.);
#3140=EDGE_CURVE('',#3712,#3711,#493,.T.);
#3141=EDGE_CURVE('',#3424,#3712,#494,.T.);
#3142=EDGE_CURVE('',#3712,#3708,#3952,.T.);
#3143=EDGE_CURVE('',#3713,#3421,#495,.T.);
#3144=EDGE_CURVE('',#3714,#3713,#496,.T.);
#3145=EDGE_CURVE('',#3422,#3714,#497,.T.);
#3146=EDGE_CURVE('',#3714,#3711,#3953,.T.);
#3147=EDGE_CURVE('',#3428,#3715,#498,.T.);
#3148=EDGE_CURVE('',#3715,#3710,#499,.T.);
#3149=EDGE_CURVE('',#3715,#3713,#3954,.T.);
#3150=EDGE_CURVE('',#3716,#3405,#500,.T.);
#3151=EDGE_CURVE('',#3717,#3716,#501,.T.);
#3152=EDGE_CURVE('',#3406,#3717,#502,.T.);
#3153=EDGE_CURVE('',#3717,#3702,#3955,.T.);
#3154=EDGE_CURVE('',#3718,#3403,#503,.T.);
#3155=EDGE_CURVE('',#3719,#3718,#504,.T.);
#3156=EDGE_CURVE('',#3404,#3719,#505,.T.);
#3157=EDGE_CURVE('',#3719,#3716,#3956,.T.);
#3158=EDGE_CURVE('',#3402,#3720,#506,.T.);
#3159=EDGE_CURVE('',#3720,#3704,#507,.T.);
#3160=EDGE_CURVE('',#3720,#3718,#3957,.T.);
#3161=EDGE_CURVE('',#3412,#3721,#508,.T.);
#3162=EDGE_CURVE('',#3721,#3694,#509,.T.);
#3163=EDGE_CURVE('',#3722,#3721,#122,.T.);
#3164=EDGE_CURVE('',#3722,#3688,#3958,.T.);
#3165=EDGE_CURVE('',#3723,#3724,#510,.T.);
#3166=EDGE_CURVE('',#3724,#3725,#511,.T.);
#3167=EDGE_CURVE('',#3725,#3726,#512,.T.);
#3168=EDGE_CURVE('',#3726,#3727,#513,.T.);
#3169=EDGE_CURVE('',#3727,#3728,#514,.T.);
#3170=EDGE_CURVE('',#3728,#3723,#515,.T.);
#3171=EDGE_CURVE('',#3729,#3730,#516,.T.);
#3172=EDGE_CURVE('',#3729,#3731,#517,.T.);
#3173=EDGE_CURVE('',#3731,#3732,#3959,.T.);
#3174=EDGE_CURVE('',#3732,#3730,#518,.T.);
#3175=EDGE_CURVE('',#3733,#3734,#519,.T.);
#3176=EDGE_CURVE('',#3734,#3731,#520,.T.);
#3177=EDGE_CURVE('',#3733,#3729,#521,.T.);
#3178=EDGE_CURVE('',#3735,#3736,#522,.T.);
#3179=EDGE_CURVE('',#3730,#3736,#523,.T.);
#3180=EDGE_CURVE('',#3735,#3732,#524,.T.);
#3181=EDGE_CURVE('',#3366,#3737,#525,.T.);
#3182=EDGE_CURVE('',#3738,#3737,#3960,.T.);
#3183=EDGE_CURVE('',#3363,#3738,#526,.T.);
#3184=EDGE_CURVE('',#3739,#3365,#527,.T.);
#3185=EDGE_CURVE('',#3737,#3739,#528,.T.);
#3186=EDGE_CURVE('',#3740,#3741,#529,.T.);
#3187=EDGE_CURVE('',#3741,#3742,#530,.T.);
#3188=EDGE_CURVE('',#3742,#3743,#531,.T.);
#3189=EDGE_CURVE('',#3743,#3744,#532,.T.);
#3190=EDGE_CURVE('',#3744,#3745,#533,.T.);
#3191=EDGE_CURVE('',#3745,#3740,#534,.T.);
#3192=EDGE_CURVE('',#3746,#3747,#535,.T.);
#3193=EDGE_CURVE('',#3746,#3748,#536,.T.);
#3194=EDGE_CURVE('',#3748,#3749,#3961,.T.);
#3195=EDGE_CURVE('',#3749,#3747,#537,.T.);
#3196=EDGE_CURVE('',#3750,#3751,#538,.T.);
#3197=EDGE_CURVE('',#3747,#3751,#539,.T.);
#3198=EDGE_CURVE('',#3750,#3749,#540,.T.);
#3199=EDGE_CURVE('',#3370,#3752,#541,.T.);
#3200=EDGE_CURVE('',#3753,#3752,#3962,.T.);
#3201=EDGE_CURVE('',#3367,#3753,#542,.T.);
#3202=EDGE_CURVE('',#3754,#3369,#543,.T.);
#3203=EDGE_CURVE('',#3752,#3754,#544,.T.);
#3204=EDGE_CURVE('',#3755,#3756,#3963,.T.);
#3205=EDGE_CURVE('',#3757,#3756,#545,.T.);
#3206=EDGE_CURVE('',#3758,#3757,#3964,.T.);
#3207=EDGE_CURVE('',#3758,#3755,#546,.T.);
#3208=EDGE_CURVE('',#3759,#3760,#547,.T.);
#3209=EDGE_CURVE('',#3761,#3760,#548,.T.);
#3210=EDGE_CURVE('',#3762,#3761,#549,.T.);
#3211=EDGE_CURVE('',#3762,#3759,#550,.T.);
#3212=EDGE_CURVE('',#3760,#3763,#551,.T.);
#3213=EDGE_CURVE('',#3764,#3763,#552,.T.);
#3214=EDGE_CURVE('',#3761,#3764,#553,.T.);
#3215=EDGE_CURVE('',#3765,#3766,#554,.T.);
#3216=EDGE_CURVE('',#3767,#3766,#555,.T.);
#3217=EDGE_CURVE('',#3768,#3767,#556,.T.);
#3218=EDGE_CURVE('',#3768,#3765,#557,.T.);
#3219=EDGE_CURVE('',#3769,#3765,#558,.T.);
#3220=EDGE_CURVE('',#3770,#3768,#559,.T.);
#3221=EDGE_CURVE('',#3770,#3769,#560,.T.);
#3222=EDGE_CURVE('',#3771,#3772,#561,.T.);
#3223=EDGE_CURVE('',#3773,#3772,#562,.T.);
#3224=EDGE_CURVE('',#3774,#3773,#563,.T.);
#3225=EDGE_CURVE('',#3774,#3771,#564,.T.);
#3226=EDGE_CURVE('',#3775,#3771,#565,.T.);
#3227=EDGE_CURVE('',#3776,#3774,#566,.T.);
#3228=EDGE_CURVE('',#3776,#3775,#567,.T.);
#3229=EDGE_CURVE('',#3364,#3777,#568,.T.);
#3230=EDGE_CURVE('',#3777,#3738,#569,.T.);
#3231=EDGE_CURVE('',#3778,#3779,#570,.T.);
#3232=EDGE_CURVE('',#3779,#3780,#571,.T.);
#3233=EDGE_CURVE('',#3780,#3781,#572,.T.);
#3234=EDGE_CURVE('',#3781,#3782,#573,.T.);
#3235=EDGE_CURVE('',#3782,#3783,#574,.T.);
#3236=EDGE_CURVE('',#3783,#3778,#575,.T.);
#3237=EDGE_CURVE('',#3777,#3739,#576,.T.);
#3238=EDGE_CURVE('',#3368,#3784,#577,.T.);
#3239=EDGE_CURVE('',#3784,#3753,#578,.T.);
#3240=EDGE_CURVE('',#3785,#3786,#579,.T.);
#3241=EDGE_CURVE('',#3786,#3787,#580,.T.);
#3242=EDGE_CURVE('',#3787,#3788,#581,.T.);
#3243=EDGE_CURVE('',#3788,#3789,#582,.T.);
#3244=EDGE_CURVE('',#3789,#3790,#583,.T.);
#3245=EDGE_CURVE('',#3790,#3785,#584,.T.);
#3246=EDGE_CURVE('',#3784,#3754,#585,.T.);
#3247=EDGE_CURVE('',#3773,#3776,#3965,.T.);
#3248=EDGE_CURVE('',#3767,#3770,#3966,.T.);
#3249=EDGE_CURVE('',#3764,#3762,#3967,.T.);
#3250=EDGE_CURVE('',#3757,#3791,#586,.T.);
#3251=EDGE_CURVE('',#3791,#3758,#587,.T.);
#3252=EDGE_CURVE('',#3548,#3540,#588,.T.);
#3253=EDGE_CURVE('',#3792,#3478,#589,.T.);
#3254=EDGE_CURVE('',#3792,#3471,#590,.T.);
#3255=EDGE_CURVE('',#3793,#3472,#591,.T.);
#3256=EDGE_CURVE('',#3453,#3793,#592,.T.);
#3257=EDGE_CURVE('',#3476,#3794,#593,.T.);
#3258=EDGE_CURVE('',#3794,#3795,#594,.T.);
#3259=EDGE_CURVE('',#3477,#3795,#595,.T.);
#3260=EDGE_CURVE('',#3795,#3792,#596,.T.);
#3261=EDGE_CURVE('',#3796,#3797,#597,.T.);
#3262=EDGE_CURVE('',#3796,#3798,#3968,.T.);
#3263=EDGE_CURVE('',#3798,#3797,#3969,.T.);
#3264=EDGE_CURVE('',#3474,#3799,#598,.T.);
#3265=EDGE_CURVE('',#3799,#3800,#3970,.F.);
#3266=EDGE_CURVE('',#3801,#3800,#599,.T.);
#3267=EDGE_CURVE('',#3801,#3793,#3971,.F.);
#3268=EDGE_CURVE('',#3456,#3799,#600,.T.);
#3269=EDGE_CURVE('',#3398,#3798,#601,.T.);
#3270=EDGE_CURVE('',#3397,#3796,#602,.T.);
#3271=EDGE_CURVE('',#3396,#3797,#603,.T.);
#3272=EDGE_CURVE('',#3763,#3759,#3972,.T.);
#3273=EDGE_CURVE('',#3766,#3769,#3973,.T.);
#3274=EDGE_CURVE('',#3772,#3775,#3974,.T.);
#3275=EDGE_CURVE('',#3802,#3755,#604,.T.);
#3276=EDGE_CURVE('',#3791,#3802,#605,.T.);
#3277=EDGE_CURVE('',#3756,#3802,#606,.T.);
#3278=EDGE_CURVE('',#3803,#3804,#607,.T.);
#3279=EDGE_CURVE('',#3805,#3803,#608,.T.);
#3280=EDGE_CURVE('',#3806,#3805,#609,.T.);
#3281=EDGE_CURVE('',#3807,#3806,#610,.T.);
#3282=EDGE_CURVE('',#3808,#3807,#611,.T.);
#3283=EDGE_CURVE('',#3804,#3808,#612,.T.);
#3284=EDGE_CURVE('',#3741,#3803,#613,.T.);
#3285=EDGE_CURVE('',#3742,#3804,#614,.T.);
#3286=EDGE_CURVE('',#3743,#3808,#615,.T.);
#3287=EDGE_CURVE('',#3744,#3807,#616,.T.);
#3288=EDGE_CURVE('',#3745,#3806,#617,.T.);
#3289=EDGE_CURVE('',#3740,#3805,#618,.T.);
#3290=EDGE_CURVE('',#3809,#3810,#619,.T.);
#3291=EDGE_CURVE('',#3811,#3809,#620,.T.);
#3292=EDGE_CURVE('',#3812,#3811,#621,.T.);
#3293=EDGE_CURVE('',#3813,#3812,#622,.T.);
#3294=EDGE_CURVE('',#3814,#3813,#623,.T.);
#3295=EDGE_CURVE('',#3810,#3814,#624,.T.);
#3296=EDGE_CURVE('',#3786,#3809,#625,.T.);
#3297=EDGE_CURVE('',#3787,#3810,#626,.T.);
#3298=EDGE_CURVE('',#3788,#3814,#627,.T.);
#3299=EDGE_CURVE('',#3789,#3813,#628,.T.);
#3300=EDGE_CURVE('',#3790,#3812,#629,.T.);
#3301=EDGE_CURVE('',#3785,#3811,#630,.T.);
#3302=EDGE_CURVE('',#3815,#3816,#631,.T.);
#3303=EDGE_CURVE('',#3817,#3815,#632,.T.);
#3304=EDGE_CURVE('',#3818,#3817,#633,.T.);
#3305=EDGE_CURVE('',#3819,#3818,#634,.T.);
#3306=EDGE_CURVE('',#3820,#3819,#635,.T.);
#3307=EDGE_CURVE('',#3816,#3820,#636,.T.);
#3308=EDGE_CURVE('',#3779,#3815,#637,.T.);
#3309=EDGE_CURVE('',#3780,#3816,#638,.T.);
#3310=EDGE_CURVE('',#3781,#3820,#639,.T.);
#3311=EDGE_CURVE('',#3782,#3819,#640,.T.);
#3312=EDGE_CURVE('',#3783,#3818,#641,.T.);
#3313=EDGE_CURVE('',#3778,#3817,#642,.T.);
#3314=EDGE_CURVE('',#3724,#3821,#643,.T.);
#3315=EDGE_CURVE('',#3821,#3822,#644,.T.);
#3316=EDGE_CURVE('',#3725,#3822,#645,.T.);
#3317=EDGE_CURVE('',#3822,#3823,#646,.T.);
#3318=EDGE_CURVE('',#3726,#3823,#647,.T.);
#3319=EDGE_CURVE('',#3823,#3824,#648,.T.);
#3320=EDGE_CURVE('',#3727,#3824,#649,.T.);
#3321=EDGE_CURVE('',#3824,#3825,#650,.T.);
#3322=EDGE_CURVE('',#3728,#3825,#651,.T.);
#3323=EDGE_CURVE('',#3825,#3826,#652,.T.);
#3324=EDGE_CURVE('',#3723,#3826,#653,.T.);
#3325=EDGE_CURVE('',#3826,#3821,#654,.T.);
#3326=EDGE_CURVE('',#3382,#3750,#123,.T.);
#3327=EDGE_CURVE('',#3827,#3748,#655,.T.);
#3328=EDGE_CURVE('',#3827,#3372,#124,.T.);
#3329=EDGE_CURVE('',#3828,#3827,#656,.T.);
#3330=EDGE_CURVE('',#3828,#3746,#657,.T.);
#3331=EDGE_CURVE('',#3693,#3736,#658,.T.);
#3332=EDGE_CURVE('',#3376,#3735,#125,.T.);
#3333=EDGE_CURVE('',#3375,#3374,#659,.T.);
#3334=EDGE_CURVE('',#3373,#3371,#660,.T.);
#3335=EDGE_CURVE('',#3828,#3700,#661,.T.);
#3336=EDGE_CURVE('',#3697,#3722,#662,.T.);
#3337=EDGE_CURVE('',#3734,#3377,#126,.T.);
#3338=EDGE_CURVE('',#3733,#3385,#663,.T.);
#3339=EDGE_CURVE('',#3395,#3751,#664,.T.);
#3340=EDGE_CURVE('',#3666,#3829,#665,.T.);
#3341=EDGE_CURVE('',#3829,#3662,#666,.F.);
#3342=EDGE_CURVE('',#3386,#3386,#3975,.T.);
#3343=EDGE_CURVE('',#3830,#3830,#3976,.T.);
#3344=EDGE_CURVE('',#3829,#3794,#667,.F.);
#3345=EDGE_CURVE('',#3800,#3455,#668,.T.);
#3346=EDGE_CURVE('',#3801,#3454,#669,.T.);
#3347=EDGE_CURVE('',#3831,#3831,#3977,.T.);
#3348=EDGE_CURVE('',#3375,#3374,#3978,.F.);
#3349=EDGE_CURVE('',#3832,#3832,#3979,.T.);
#3350=EDGE_CURVE('',#3833,#3833,#3980,.T.);
#3351=EDGE_CURVE('',#3834,#3834,#3981,.T.);
#3352=EDGE_CURVE('',#3373,#3371,#3982,.F.);
#3353=EDGE_CURVE('',#3836,#3836,#3983,.T.);
#3354=EDGE_CURVE('',#3838,#3838,#3984,.T.);
#3355=VERTEX_POINT('',#6902);
#3356=VERTEX_POINT('',#6904);
#3357=VERTEX_POINT('',#6906);
#3358=VERTEX_POINT('',#6907);
#3359=VERTEX_POINT('',#6909);
#3360=VERTEX_POINT('',#6911);
#3361=VERTEX_POINT('',#6913);
#3362=VERTEX_POINT('',#6915);
#3363=VERTEX_POINT('',#6918);
#3364=VERTEX_POINT('',#6919);
#3365=VERTEX_POINT('',#6921);
#3366=VERTEX_POINT('',#6923);
#3367=VERTEX_POINT('',#6926);
#3368=VERTEX_POINT('',#6927);
#3369=VERTEX_POINT('',#6929);
#3370=VERTEX_POINT('',#6931);
#3371=VERTEX_POINT('',#6934);
#3372=VERTEX_POINT('',#6935);
#3373=VERTEX_POINT('',#6937);
#3374=VERTEX_POINT('',#6939);
#3375=VERTEX_POINT('',#6941);
#3376=VERTEX_POINT('',#6943);
#3377=VERTEX_POINT('',#6945);
#3378=VERTEX_POINT('',#6947);
#3379=VERTEX_POINT('',#6949);
#3380=VERTEX_POINT('',#6951);
#3381=VERTEX_POINT('',#6953);
#3382=VERTEX_POINT('',#6955);
#3383=VERTEX_POINT('',#6959);
#3384=VERTEX_POINT('',#6960);
#3385=VERTEX_POINT('',#6963);
#3386=VERTEX_POINT('',#6965);
#3387=VERTEX_POINT('',#6967);
#3388=VERTEX_POINT('',#6969);
#3389=VERTEX_POINT('',#6973);
#3390=VERTEX_POINT('',#6974);
#3391=VERTEX_POINT('',#6976);
#3392=VERTEX_POINT('',#6978);
#3393=VERTEX_POINT('',#6980);
#3394=VERTEX_POINT('',#6982);
#3395=VERTEX_POINT('',#6984);
#3396=VERTEX_POINT('',#6989);
#3397=VERTEX_POINT('',#6990);
#3398=VERTEX_POINT('',#6992);
#3399=VERTEX_POINT('',#6995);
#3400=VERTEX_POINT('',#6996);
#3401=VERTEX_POINT('',#6998);
#3402=VERTEX_POINT('',#7000);
#3403=VERTEX_POINT('',#7002);
#3404=VERTEX_POINT('',#7004);
#3405=VERTEX_POINT('',#7006);
#3406=VERTEX_POINT('',#7008);
#3407=VERTEX_POINT('',#7011);
#3408=VERTEX_POINT('',#7012);
#3409=VERTEX_POINT('',#7014);
#3410=VERTEX_POINT('',#7016);
#3411=VERTEX_POINT('',#7018);
#3412=VERTEX_POINT('',#7020);
#3413=VERTEX_POINT('',#7023);
#3414=VERTEX_POINT('',#7024);
#3415=VERTEX_POINT('',#7026);
#3416=VERTEX_POINT('',#7028);
#3417=VERTEX_POINT('',#7030);
#3418=VERTEX_POINT('',#7032);
#3419=VERTEX_POINT('',#7034);
#3420=VERTEX_POINT('',#7036);
#3421=VERTEX_POINT('',#7039);
#3422=VERTEX_POINT('',#7040);
#3423=VERTEX_POINT('',#7042);
#3424=VERTEX_POINT('',#7044);
#3425=VERTEX_POINT('',#7046);
#3426=VERTEX_POINT('',#7048);
#3427=VERTEX_POINT('',#7050);
#3428=VERTEX_POINT('',#7052);
#3429=VERTEX_POINT('',#7055);
#3430=VERTEX_POINT('',#7056);
#3431=VERTEX_POINT('',#7058);
#3432=VERTEX_POINT('',#7060);
#3433=VERTEX_POINT('',#7062);
#3434=VERTEX_POINT('',#7064);
#3435=VERTEX_POINT('',#7066);
#3436=VERTEX_POINT('',#7068);
#3437=VERTEX_POINT('',#7071);
#3438=VERTEX_POINT('',#7072);
#3439=VERTEX_POINT('',#7074);
#3440=VERTEX_POINT('',#7076);
#3441=VERTEX_POINT('',#7078);
#3442=VERTEX_POINT('',#7080);
#3443=VERTEX_POINT('',#7083);
#3444=VERTEX_POINT('',#7084);
#3445=VERTEX_POINT('',#7086);
#3446=VERTEX_POINT('',#7088);
#3447=VERTEX_POINT('',#7090);
#3448=VERTEX_POINT('',#7092);
#3449=VERTEX_POINT('',#7096);
#3450=VERTEX_POINT('',#7098);
#3451=VERTEX_POINT('',#7100);
#3452=VERTEX_POINT('',#7102);
#3453=VERTEX_POINT('',#7104);
#3454=VERTEX_POINT('',#7106);
#3455=VERTEX_POINT('',#7108);
#3456=VERTEX_POINT('',#7110);
#3457=VERTEX_POINT('',#7112);
#3458=VERTEX_POINT('',#7114);
#3459=VERTEX_POINT('',#7118);
#3460=VERTEX_POINT('',#7120);
#3461=VERTEX_POINT('',#7124);
#3462=VERTEX_POINT('',#7126);
#3463=VERTEX_POINT('',#7130);
#3464=VERTEX_POINT('',#7131);
#3465=VERTEX_POINT('',#7133);
#3466=VERTEX_POINT('',#7137);
#3467=VERTEX_POINT('',#7139);
#3468=VERTEX_POINT('',#7141);
#3469=VERTEX_POINT('',#7143);
#3470=VERTEX_POINT('',#7145);
#3471=VERTEX_POINT('',#7149);
#3472=VERTEX_POINT('',#7150);
#3473=VERTEX_POINT('',#7152);
#3474=VERTEX_POINT('',#7155);
#3475=VERTEX_POINT('',#7159);
#3476=VERTEX_POINT('',#7162);
#3477=VERTEX_POINT('',#7164);
#3478=VERTEX_POINT('',#7166);
#3479=VERTEX_POINT('',#7170);
#3480=VERTEX_POINT('',#7172);
#3481=VERTEX_POINT('',#7174);
#3482=VERTEX_POINT('',#7176);
#3483=VERTEX_POINT('',#7178);
#3484=VERTEX_POINT('',#7182);
#3485=VERTEX_POINT('',#7186);
#3486=VERTEX_POINT('',#7190);
#3487=VERTEX_POINT('',#7194);
#3488=VERTEX_POINT('',#7198);
#3489=VERTEX_POINT('',#7204);
#3490=VERTEX_POINT('',#7206);
#3491=VERTEX_POINT('',#7208);
#3492=VERTEX_POINT('',#7209);
#3493=VERTEX_POINT('',#7211);
#3494=VERTEX_POINT('',#7213);
#3495=VERTEX_POINT('',#7217);
#3496=VERTEX_POINT('',#7218);
#3497=VERTEX_POINT('',#7223);
#3498=VERTEX_POINT('',#7224);
#3499=VERTEX_POINT('',#7226);
#3500=VERTEX_POINT('',#7231);
#3501=VERTEX_POINT('',#7237);
#3502=VERTEX_POINT('',#7241);
#3503=VERTEX_POINT('',#7247);
#3504=VERTEX_POINT('',#7249);
#3505=VERTEX_POINT('',#7250);
#3506=VERTEX_POINT('',#7257);
#3507=VERTEX_POINT('',#7258);
#3508=VERTEX_POINT('',#7263);
#3509=VERTEX_POINT('',#7265);
#3510=VERTEX_POINT('',#7266);
#3511=VERTEX_POINT('',#7273);
#3512=VERTEX_POINT('',#7274);
#3513=VERTEX_POINT('',#7281);
#3514=VERTEX_POINT('',#7282);
#3515=VERTEX_POINT('',#7284);
#3516=VERTEX_POINT('',#7286);
#3517=VERTEX_POINT('',#7292);
#3518=VERTEX_POINT('',#7293);
#3519=VERTEX_POINT('',#7295);
#3520=VERTEX_POINT('',#7297);
#3521=VERTEX_POINT('',#7301);
#3522=VERTEX_POINT('',#7303);
#3523=VERTEX_POINT('',#7304);
#3524=VERTEX_POINT('',#7308);
#3525=VERTEX_POINT('',#7311);
#3526=VERTEX_POINT('',#7315);
#3527=VERTEX_POINT('',#7317);
#3528=VERTEX_POINT('',#7318);
#3529=VERTEX_POINT('',#7322);
#3530=VERTEX_POINT('',#7325);
#3531=VERTEX_POINT('',#7329);
#3532=VERTEX_POINT('',#7335);
#3533=VERTEX_POINT('',#7342);
#3534=VERTEX_POINT('',#7348);
#3535=VERTEX_POINT('',#7356);
#3536=VERTEX_POINT('',#7357);
#3537=VERTEX_POINT('',#7366);
#3538=VERTEX_POINT('',#7372);
#3539=VERTEX_POINT('',#7379);
#3540=VERTEX_POINT('',#7381);
#3541=VERTEX_POINT('',#7383);
#3542=VERTEX_POINT('',#7385);
#3543=VERTEX_POINT('',#7389);
#3544=VERTEX_POINT('',#7393);
#3545=VERTEX_POINT('',#7397);
#3546=VERTEX_POINT('',#7401);
#3547=VERTEX_POINT('',#7403);
#3548=VERTEX_POINT('',#7405);
#3549=VERTEX_POINT('',#7412);
#3550=VERTEX_POINT('',#7413);
#3551=VERTEX_POINT('',#7415);
#3552=VERTEX_POINT('',#7417);
#3553=VERTEX_POINT('',#7419);
#3554=VERTEX_POINT('',#7425);
#3555=VERTEX_POINT('',#7426);
#3556=VERTEX_POINT('',#7428);
#3557=VERTEX_POINT('',#7430);
#3558=VERTEX_POINT('',#7432);
#3559=VERTEX_POINT('',#7436);
#3560=VERTEX_POINT('',#7438);
#3561=VERTEX_POINT('',#7440);
#3562=VERTEX_POINT('',#7446);
#3563=VERTEX_POINT('',#7447);
#3564=VERTEX_POINT('',#7449);
#3565=VERTEX_POINT('',#7451);
#3566=VERTEX_POINT('',#7453);
#3567=VERTEX_POINT('',#7457);
#3568=VERTEX_POINT('',#7459);
#3569=VERTEX_POINT('',#7461);
#3570=VERTEX_POINT('',#7465);
#3571=VERTEX_POINT('',#7466);
#3572=VERTEX_POINT('',#7468);
#3573=VERTEX_POINT('',#7470);
#3574=VERTEX_POINT('',#7476);
#3575=VERTEX_POINT('',#7477);
#3576=VERTEX_POINT('',#7479);
#3577=VERTEX_POINT('',#7481);
#3578=VERTEX_POINT('',#7486);
#3579=VERTEX_POINT('',#7488);
#3580=VERTEX_POINT('',#7490);
#3581=VERTEX_POINT('',#7494);
#3582=VERTEX_POINT('',#7497);
#3583=VERTEX_POINT('',#7500);
#3584=VERTEX_POINT('',#7503);
#3585=VERTEX_POINT('',#7506);
#3586=VERTEX_POINT('',#7507);
#3587=VERTEX_POINT('',#7509);
#3588=VERTEX_POINT('',#7511);
#3589=VERTEX_POINT('',#7513);
#3590=VERTEX_POINT('',#7515);
#3591=VERTEX_POINT('',#7517);
#3592=VERTEX_POINT('',#7519);
#3593=VERTEX_POINT('',#7521);
#3594=VERTEX_POINT('',#7523);
#3595=VERTEX_POINT('',#7527);
#3596=VERTEX_POINT('',#7528);
#3597=VERTEX_POINT('',#7530);
#3598=VERTEX_POINT('',#7532);
#3599=VERTEX_POINT('',#7534);
#3600=VERTEX_POINT('',#7536);
#3601=VERTEX_POINT('',#7538);
#3602=VERTEX_POINT('',#7540);
#3603=VERTEX_POINT('',#7542);
#3604=VERTEX_POINT('',#7544);
#3605=VERTEX_POINT('',#7548);
#3606=VERTEX_POINT('',#7549);
#3607=VERTEX_POINT('',#7551);
#3608=VERTEX_POINT('',#7556);
#3609=VERTEX_POINT('',#7559);
#3610=VERTEX_POINT('',#7563);
#3611=VERTEX_POINT('',#7564);
#3612=VERTEX_POINT('',#7567);
#3613=VERTEX_POINT('',#7572);
#3614=VERTEX_POINT('',#7576);
#3615=VERTEX_POINT('',#7578);
#3616=VERTEX_POINT('',#7584);
#3617=VERTEX_POINT('',#7585);
#3618=VERTEX_POINT('',#7587);
#3619=VERTEX_POINT('',#7592);
#3620=VERTEX_POINT('',#7595);
#3621=VERTEX_POINT('',#7599);
#3622=VERTEX_POINT('',#7600);
#3623=VERTEX_POINT('',#7605);
#3624=VERTEX_POINT('',#7607);
#3625=VERTEX_POINT('',#7614);
#3626=VERTEX_POINT('',#7615);
#3627=VERTEX_POINT('',#7617);
#3628=VERTEX_POINT('',#7619);
#3629=VERTEX_POINT('',#7625);
#3630=VERTEX_POINT('',#7632);
#3631=VERTEX_POINT('',#7640);
#3632=VERTEX_POINT('',#7642);
#3633=VERTEX_POINT('',#7650);
#3634=VERTEX_POINT('',#7658);
#3635=VERTEX_POINT('',#7660);
#3636=VERTEX_POINT('',#7668);
#3637=VERTEX_POINT('',#7676);
#3638=VERTEX_POINT('',#7677);
#3639=VERTEX_POINT('',#7679);
#3640=VERTEX_POINT('',#7684);
#3641=VERTEX_POINT('',#7688);
#3642=VERTEX_POINT('',#7689);
#3643=VERTEX_POINT('',#7693);
#3644=VERTEX_POINT('',#7697);
#3645=VERTEX_POINT('',#7699);
#3646=VERTEX_POINT('',#7701);
#3647=VERTEX_POINT('',#7703);
#3648=VERTEX_POINT('',#7705);
#3649=VERTEX_POINT('',#7709);
#3650=VERTEX_POINT('',#7710);
#3651=VERTEX_POINT('',#7712);
#3652=VERTEX_POINT('',#7721);
#3653=VERTEX_POINT('',#7722);
#3654=VERTEX_POINT('',#7724);
#3655=VERTEX_POINT('',#7729);
#3656=VERTEX_POINT('',#7733);
#3657=VERTEX_POINT('',#7737);
#3658=VERTEX_POINT('',#7743);
#3659=VERTEX_POINT('',#7745);
#3660=VERTEX_POINT('',#7753);
#3661=VERTEX_POINT('',#7755);
#3662=VERTEX_POINT('',#7759);
#3663=VERTEX_POINT('',#7773);
#3664=VERTEX_POINT('',#7774);
#3665=VERTEX_POINT('',#7776);
#3666=VERTEX_POINT('',#7780);
#3667=VERTEX_POINT('',#7782);
#3668=VERTEX_POINT('',#7786);
#3669=VERTEX_POINT('',#7788);
#3670=VERTEX_POINT('',#7802);
#3671=VERTEX_POINT('',#7804);
#3672=VERTEX_POINT('',#7815);
#3673=VERTEX_POINT('',#7820);
#3674=VERTEX_POINT('',#7826);
#3675=VERTEX_POINT('',#7841);
#3676=VERTEX_POINT('',#7843);
#3677=VERTEX_POINT('',#7847);
#3678=VERTEX_POINT('',#7851);
#3679=VERTEX_POINT('',#7853);
#3680=VERTEX_POINT('',#7859);
#3681=VERTEX_POINT('',#7865);
#3682=VERTEX_POINT('',#7867);
#3683=VERTEX_POINT('',#7871);
#3684=VERTEX_POINT('',#7875);
#3685=VERTEX_POINT('',#7877);
#3686=VERTEX_POINT('',#7883);
#3687=VERTEX_POINT('',#7885);
#3688=VERTEX_POINT('',#7891);
#3689=VERTEX_POINT('',#7893);
#3690=VERTEX_POINT('',#7897);
#3691=VERTEX_POINT('',#7901);
#3692=VERTEX_POINT('',#7907);
#3693=VERTEX_POINT('',#7911);
#3694=VERTEX_POINT('',#7913);
#3695=VERTEX_POINT('',#7917);
#3696=VERTEX_POINT('',#7919);
#3697=VERTEX_POINT('',#7923);
#3698=VERTEX_POINT('',#7925);
#3699=VERTEX_POINT('',#7929);
#3700=VERTEX_POINT('',#7933);
#3701=VERTEX_POINT('',#7935);
#3702=VERTEX_POINT('',#7939);
#3703=VERTEX_POINT('',#7941);
#3704=VERTEX_POINT('',#7945);
#3705=VERTEX_POINT('',#7949);
#3706=VERTEX_POINT('',#7953);
#3707=VERTEX_POINT('',#7957);
#3708=VERTEX_POINT('',#7963);
#3709=VERTEX_POINT('',#7965);
#3710=VERTEX_POINT('',#7969);
#3711=VERTEX_POINT('',#7973);
#3712=VERTEX_POINT('',#7975);
#3713=VERTEX_POINT('',#7981);
#3714=VERTEX_POINT('',#7983);
#3715=VERTEX_POINT('',#7989);
#3716=VERTEX_POINT('',#7995);
#3717=VERTEX_POINT('',#7997);
#3718=VERTEX_POINT('',#8003);
#3719=VERTEX_POINT('',#8005);
#3720=VERTEX_POINT('',#8011);
#3721=VERTEX_POINT('',#8017);
#3722=VERTEX_POINT('',#8021);
#3723=VERTEX_POINT('',#8025);
#3724=VERTEX_POINT('',#8026);
#3725=VERTEX_POINT('',#8028);
#3726=VERTEX_POINT('',#8030);
#3727=VERTEX_POINT('',#8032);
#3728=VERTEX_POINT('',#8034);
#3729=VERTEX_POINT('',#8037);
#3730=VERTEX_POINT('',#8038);
#3731=VERTEX_POINT('',#8040);
#3732=VERTEX_POINT('',#8042);
#3733=VERTEX_POINT('',#8046);
#3734=VERTEX_POINT('',#8047);
#3735=VERTEX_POINT('',#8052);
#3736=VERTEX_POINT('',#8053);
#3737=VERTEX_POINT('',#8058);
#3738=VERTEX_POINT('',#8060);
#3739=VERTEX_POINT('',#8064);
#3740=VERTEX_POINT('',#8068);
#3741=VERTEX_POINT('',#8069);
#3742=VERTEX_POINT('',#8071);
#3743=VERTEX_POINT('',#8073);
#3744=VERTEX_POINT('',#8075);
#3745=VERTEX_POINT('',#8077);
#3746=VERTEX_POINT('',#8080);
#3747=VERTEX_POINT('',#8081);
#3748=VERTEX_POINT('',#8083);
#3749=VERTEX_POINT('',#8085);
#3750=VERTEX_POINT('',#8089);
#3751=VERTEX_POINT('',#8090);
#3752=VERTEX_POINT('',#8095);
#3753=VERTEX_POINT('',#8097);
#3754=VERTEX_POINT('',#8101);
#3755=VERTEX_POINT('',#8105);
#3756=VERTEX_POINT('',#8106);
#3757=VERTEX_POINT('',#8108);
#3758=VERTEX_POINT('',#8110);
#3759=VERTEX_POINT('',#8114);
#3760=VERTEX_POINT('',#8115);
#3761=VERTEX_POINT('',#8117);
#3762=VERTEX_POINT('',#8119);
#3763=VERTEX_POINT('',#8123);
#3764=VERTEX_POINT('',#8125);
#3765=VERTEX_POINT('',#8129);
#3766=VERTEX_POINT('',#8130);
#3767=VERTEX_POINT('',#8132);
#3768=VERTEX_POINT('',#8134);
#3769=VERTEX_POINT('',#8138);
#3770=VERTEX_POINT('',#8140);
#3771=VERTEX_POINT('',#8144);
#3772=VERTEX_POINT('',#8145);
#3773=VERTEX_POINT('',#8147);
#3774=VERTEX_POINT('',#8149);
#3775=VERTEX_POINT('',#8153);
#3776=VERTEX_POINT('',#8155);
#3777=VERTEX_POINT('',#8159);
#3778=VERTEX_POINT('',#8163);
#3779=VERTEX_POINT('',#8164);
#3780=VERTEX_POINT('',#8166);
#3781=VERTEX_POINT('',#8168);
#3782=VERTEX_POINT('',#8170);
#3783=VERTEX_POINT('',#8172);
#3784=VERTEX_POINT('',#8178);
#3785=VERTEX_POINT('',#8182);
#3786=VERTEX_POINT('',#8183);
#3787=VERTEX_POINT('',#8185);
#3788=VERTEX_POINT('',#8187);
#3789=VERTEX_POINT('',#8189);
#3790=VERTEX_POINT('',#8191);
#3791=VERTEX_POINT('',#8200);
#3792=VERTEX_POINT('',#8204);
#3793=VERTEX_POINT('',#8207);
#3794=VERTEX_POINT('',#8211);
#3795=VERTEX_POINT('',#8213);
#3796=VERTEX_POINT('',#8219);
#3797=VERTEX_POINT('',#8220);
#3798=VERTEX_POINT('',#8222);
#3799=VERTEX_POINT('',#8225);
#3800=VERTEX_POINT('',#8227);
#3801=VERTEX_POINT('',#8229);
#3802=VERTEX_POINT('',#8246);
#3803=VERTEX_POINT('',#8252);
#3804=VERTEX_POINT('',#8253);
#3805=VERTEX_POINT('',#8255);
#3806=VERTEX_POINT('',#8257);
#3807=VERTEX_POINT('',#8259);
#3808=VERTEX_POINT('',#8261);
#3809=VERTEX_POINT('',#8277);
#3810=VERTEX_POINT('',#8278);
#3811=VERTEX_POINT('',#8280);
#3812=VERTEX_POINT('',#8282);
#3813=VERTEX_POINT('',#8284);
#3814=VERTEX_POINT('',#8286);
#3815=VERTEX_POINT('',#8302);
#3816=VERTEX_POINT('',#8303);
#3817=VERTEX_POINT('',#8305);
#3818=VERTEX_POINT('',#8307);
#3819=VERTEX_POINT('',#8309);
#3820=VERTEX_POINT('',#8311);
#3821=VERTEX_POINT('',#8327);
#3822=VERTEX_POINT('',#8329);
#3823=VERTEX_POINT('',#8333);
#3824=VERTEX_POINT('',#8337);
#3825=VERTEX_POINT('',#8341);
#3826=VERTEX_POINT('',#8345);
#3827=VERTEX_POINT('',#8353);
#3828=VERTEX_POINT('',#8357);
#3829=VERTEX_POINT('',#8374);
#3830=VERTEX_POINT('',#8379);
#3831=VERTEX_POINT('',#8391);
#3832=VERTEX_POINT('',#8395);
#3833=VERTEX_POINT('',#8398);
#3834=VERTEX_POINT('',#8401);
#3835=VERTEX_POINT('',#8414);
#3836=VERTEX_POINT('',#8416);
#3837=VERTEX_POINT('',#8419);
#3838=VERTEX_POINT('',#8421);
#3839=CIRCLE('',#5071,0.0014);
#3840=CIRCLE('',#5072,0.0014);
#3841=CIRCLE('',#5073,0.00565);
#3842=CIRCLE('',#5074,0.00565);
#3843=CIRCLE('',#5075,0.0014);
#3844=CIRCLE('',#5076,0.0014);
#3845=CIRCLE('',#5077,0.00565);
#3846=CIRCLE('',#5078,0.00565);
#3847=CIRCLE('',#5082,0.0035);
#3848=CIRCLE('',#5083,0.014);
#3849=CIRCLE('',#5084,0.003);
#3850=CIRCLE('',#5085,0.003);
#3851=CIRCLE('',#5086,0.003);
#3852=CIRCLE('',#5087,0.003);
#3853=CIRCLE('',#5088,0.003);
#3854=CIRCLE('',#5089,0.003);
#3855=CIRCLE('',#5090,0.003);
#3856=CIRCLE('',#5091,0.003);
#3857=CIRCLE('',#5092,0.003);
#3858=CIRCLE('',#5093,0.003);
#3859=CIRCLE('',#5094,0.003);
#3860=CIRCLE('',#5095,0.003);
#3861=CIRCLE('',#5096,0.003);
#3862=CIRCLE('',#5097,0.003);
#3863=CIRCLE('',#5098,0.003);
#3864=CIRCLE('',#5099,0.003);
#3865=CIRCLE('',#5100,0.003);
#3866=CIRCLE('',#5101,0.003);
#3867=CIRCLE('',#5102,0.003);
#3868=CIRCLE('',#5103,0.003);
#3869=CIRCLE('',#5104,0.003);
#3870=CIRCLE('',#5105,0.003);
#3871=CIRCLE('',#5106,0.00100000000000003);
#3872=CIRCLE('',#5107,0.001);
#3873=CIRCLE('',#5121,0.0009);
#3874=CIRCLE('',#5122,0.0009);
#3875=CIRCLE('',#5131,0.0016);
#3876=CIRCLE('',#5132,0.0035);
#3877=CIRCLE('',#5135,0.0016);
#3878=CIRCLE('',#5136,0.0035);
#3879=CIRCLE('',#5141,0.0016);
#3880=CIRCLE('',#5142,0.0035);
#3881=CIRCLE('',#5147,0.0016);
#3882=CIRCLE('',#5148,0.0035);
#3883=CIRCLE('',#5153,0.0035);
#3884=CIRCLE('',#5156,0.0045);
#3885=CIRCLE('',#5157,0.0045);
#3886=CIRCLE('',#5159,0.0035);
#3887=CIRCLE('',#5162,0.0045);
#3888=CIRCLE('',#5165,0.0035);
#3889=CIRCLE('',#5167,0.0045);
#3890=CIRCLE('',#5169,0.0035);
#3891=CIRCLE('',#5172,0.0045);
#3892=CIRCLE('',#5173,0.0045);
#3893=CIRCLE('',#5181,0.0035);
#3894=CIRCLE('',#5183,0.0035);
#3895=CIRCLE('',#5186,0.0035);
#3896=CIRCLE('',#5187,0.0035);
#3897=CIRCLE('',#5191,0.0035);
#3898=CIRCLE('',#5192,0.0035);
#3899=CIRCLE('',#5197,0.0035);
#3900=CIRCLE('',#5199,0.0035);
#3901=CIRCLE('',#5201,0.0019);
#3902=CIRCLE('',#5203,0.0019);
#3903=CIRCLE('',#5205,0.0019);
#3904=CIRCLE('',#5207,0.0019);
#3905=CIRCLE('',#5209,0.011);
#3906=CIRCLE('',#5210,0.013);
#3907=CIRCLE('',#5211,0.0035);
#3908=CIRCLE('',#5212,0.013);
#3909=CIRCLE('',#5214,0.013);
#3910=CIRCLE('',#5215,0.011);
#3911=CIRCLE('',#5216,0.013);
#3912=CIRCLE('',#5217,0.0035);
#3913=CIRCLE('',#5222,0.0035);
#3914=CIRCLE('',#5232,0.0035);
#3915=CIRCLE('',#5242,0.00625);
#3916=CIRCLE('',#5245,0.00625);
#3917=CIRCLE('',#5248,0.00625);
#3918=CIRCLE('',#5251,0.00625);
#3919=CIRCLE('',#5255,0.011);
#3920=CIRCLE('',#5257,0.011);
#3921=CIRCLE('',#5259,0.011);
#3922=CIRCLE('',#5260,0.0126);
#3923=CIRCLE('',#5265,0.014);
#3924=CIRCLE('',#5268,0.014);
#3925=CIRCLE('',#5273,0.014);
#3926=CIRCLE('',#5275,0.014);
#3927=CIRCLE('',#5281,0.014);
#3928=CIRCLE('',#5282,0.014);
#3929=CIRCLE('',#5289,0.014);
#3930=CIRCLE('',#5290,0.014);
#3931=CIRCLE('',#5291,0.014);
#3932=CIRCLE('',#5298,0.011);
#3933=CIRCLE('',#5300,0.013);
#3934=CIRCLE('',#5303,0.013);
#3935=CIRCLE('',#5307,0.014);
#3936=CIRCLE('',#5308,0.014);
#3937=CIRCLE('',#5312,0.003);
#3938=CIRCLE('',#5315,0.003);
#3939=CIRCLE('',#5318,0.003);
#3940=CIRCLE('',#5321,0.003);
#3941=CIRCLE('',#5324,0.003);
#3942=CIRCLE('',#5327,0.003);
#3943=CIRCLE('',#5330,0.003);
#3944=CIRCLE('',#5333,0.003);
#3945=CIRCLE('',#5336,0.003);
#3946=CIRCLE('',#5340,0.003);
#3947=CIRCLE('',#5345,0.003);
#3948=CIRCLE('',#5348,0.003);
#3949=CIRCLE('',#5351,0.003);
#3950=CIRCLE('',#5354,0.003);
#3951=CIRCLE('',#5357,0.003);
#3952=CIRCLE('',#5360,0.003);
#3953=CIRCLE('',#5363,0.003);
#3954=CIRCLE('',#5366,0.003);
#3955=CIRCLE('',#5369,0.003);
#3956=CIRCLE('',#5372,0.003);
#3957=CIRCLE('',#5375,0.003);
#3958=CIRCLE('',#5379,0.003);
#3959=CIRCLE('',#5381,0.00565);
#3960=CIRCLE('',#5385,0.00565);
#3961=CIRCLE('',#5388,0.00565);
#3962=CIRCLE('',#5391,0.00565);
#3963=CIRCLE('',#5394,0.00165);
#3964=CIRCLE('',#5395,0.00165);
#3965=CIRCLE('',#5409,0.00165);
#3966=CIRCLE('',#5410,0.00165);
#3967=CIRCLE('',#5411,0.00165);
#3968=CIRCLE('',#5415,0.014);
#3969=CIRCLE('',#5416,0.0035);
#3970=CIRCLE('',#5417,0.001);
#3971=CIRCLE('',#5418,0.00100000000000003);
#3972=CIRCLE('',#5423,0.00165);
#3973=CIRCLE('',#5425,0.00165);
#3974=CIRCLE('',#5427,0.00165);
#3975=CIRCLE('',#5469,0.004);
#3976=CIRCLE('',#5471,0.004);
#3977=CIRCLE('',#5479,0.0014);
#3978=CIRCLE('',#5480,0.0014);
#3979=CIRCLE('',#5482,0.0014);
#3980=CIRCLE('',#5484,0.0014);
#3981=CIRCLE('',#5486,0.0014);
#3982=CIRCLE('',#5487,0.0014);
#3983=CIRCLE('',#5499,0.0009);
#3984=CIRCLE('',#5502,0.0009);
#3985=EDGE_LOOP('',(#1189));
#3986=EDGE_LOOP('',(#1190));
#3987=EDGE_LOOP('',(#1191,#1192,#1193,#1194,#1195,#1196));
#3988=EDGE_LOOP('',(#1197,#1198,#1199,#1200));
#3989=EDGE_LOOP('',(#1201,#1202,#1203,#1204));
#3990=EDGE_LOOP('',(#1205,#1206,#1207,#1208,#1209,#1210,#1211,#1212,#1213,
#1214,#1215,#1216));
#3991=EDGE_LOOP('',(#1217,#1218,#1219,#1220,#1221,#1222,#1223,#1224));
#3992=EDGE_LOOP('',(#1225,#1226,#1227,#1228,#1229,#1230,#1231,#1232,#1233));
#3993=EDGE_LOOP('',(#1234,#1235,#1236));
#3994=EDGE_LOOP('',(#1237,#1238,#1239,#1240,#1241,#1242,#1243,#1244));
#3995=EDGE_LOOP('',(#1245,#1246,#1247,#1248,#1249,#1250));
#3996=EDGE_LOOP('',(#1251,#1252,#1253,#1254,#1255,#1256,#1257,#1258));
#3997=EDGE_LOOP('',(#1259,#1260,#1261,#1262,#1263,#1264,#1265,#1266));
#3998=EDGE_LOOP('',(#1267,#1268,#1269,#1270,#1271,#1272,#1273,#1274));
#3999=EDGE_LOOP('',(#1275,#1276,#1277,#1278,#1279,#1280));
#4000=EDGE_LOOP('',(#1281,#1282,#1283,#1284,#1285,#1286,#1287,#1288,#1289,
#1290,#1291,#1292,#1293,#1294,#1295,#1296,#1297,#1298,#1299,#1300));
#4001=EDGE_LOOP('',(#1301,#1302,#1303,#1304,#1305,#1306));
#4002=EDGE_LOOP('',(#1307,#1308,#1309,#1310,#1311,#1312));
#4003=EDGE_LOOP('',(#1313,#1314,#1315,#1316,#1317,#1318,#1319,#1320));
#4004=EDGE_LOOP('',(#1321,#1322,#1323,#1324,#1325,#1326));
#4005=EDGE_LOOP('',(#1327,#1328,#1329,#1330,#1331,#1332,#1333,#1334));
#4006=EDGE_LOOP('',(#1335,#1336,#1337,#1338,#1339,#1340,#1341,#1342));
#4007=EDGE_LOOP('',(#1343,#1344,#1345,#1346));
#4008=EDGE_LOOP('',(#1347,#1348,#1349,#1350));
#4009=EDGE_LOOP('',(#1351,#1352,#1353,#1354));
#4010=EDGE_LOOP('',(#1355,#1356,#1357,#1358));
#4011=EDGE_LOOP('',(#1359,#1360,#1361,#1362));
#4012=EDGE_LOOP('',(#1363,#1364,#1365,#1366));
#4013=EDGE_LOOP('',(#1367));
#4014=EDGE_LOOP('',(#1368));
#4015=EDGE_LOOP('',(#1369,#1370,#1371,#1372));
#4016=EDGE_LOOP('',(#1373,#1374,#1375,#1376));
#4017=EDGE_LOOP('',(#1377,#1378,#1379,#1380,#1381,#1382));
#4018=EDGE_LOOP('',(#1383,#1384,#1385,#1386));
#4019=EDGE_LOOP('',(#1387,#1388,#1389,#1390));
#4020=EDGE_LOOP('',(#1391,#1392,#1393,#1394));
#4021=EDGE_LOOP('',(#1395,#1396,#1397,#1398));
#4022=EDGE_LOOP('',(#1399,#1400,#1401,#1402));
#4023=EDGE_LOOP('',(#1403));
#4024=EDGE_LOOP('',(#1404,#1405,#1406,#1407));
#4025=EDGE_LOOP('',(#1408,#1409,#1410,#1411,#1412));
#4026=EDGE_LOOP('',(#1413));
#4027=EDGE_LOOP('',(#1414,#1415,#1416,#1417));
#4028=EDGE_LOOP('',(#1418,#1419,#1420,#1421,#1422));
#4029=EDGE_LOOP('',(#1423,#1424,#1425,#1426));
#4030=EDGE_LOOP('',(#1427,#1428,#1429,#1430));
#4031=EDGE_LOOP('',(#1431));
#4032=EDGE_LOOP('',(#1432,#1433));
#4033=EDGE_LOOP('',(#1434,#1435,#1436,#1437,#1438,#1439));
#4034=EDGE_LOOP('',(#1440));
#4035=EDGE_LOOP('',(#1441,#1442));
#4036=EDGE_LOOP('',(#1443,#1444,#1445,#1446,#1447,#1448));
#4037=EDGE_LOOP('',(#1449,#1450,#1451,#1452,#1453,#1454));
#4038=EDGE_LOOP('',(#1455,#1456,#1457,#1458));
#4039=EDGE_LOOP('',(#1459,#1460,#1461,#1462,#1463));
#4040=EDGE_LOOP('',(#1464,#1465,#1466,#1467));
#4041=EDGE_LOOP('',(#1468,#1469,#1470,#1471,#1472));
#4042=EDGE_LOOP('',(#1473,#1474,#1475,#1476));
#4043=EDGE_LOOP('',(#1477,#1478,#1479,#1480,#1481));
#4044=EDGE_LOOP('',(#1482,#1483,#1484,#1485));
#4045=EDGE_LOOP('',(#1486,#1487,#1488,#1489));
#4046=EDGE_LOOP('',(#1490,#1491,#1492,#1493,#1494,#1495));
#4047=EDGE_LOOP('',(#1496,#1497,#1498,#1499));
#4048=EDGE_LOOP('',(#1500,#1501,#1502,#1503,#1504));
#4049=EDGE_LOOP('',(#1505,#1506,#1507,#1508,#1509,#1510));
#4050=EDGE_LOOP('',(#1511,#1512,#1513,#1514));
#4051=EDGE_LOOP('',(#1515,#1516,#1517,#1518));
#4052=EDGE_LOOP('',(#1519,#1520,#1521,#1522));
#4053=EDGE_LOOP('',(#1523,#1524,#1525,#1526,#1527,#1528));
#4054=EDGE_LOOP('',(#1529,#1530,#1531,#1532));
#4055=EDGE_LOOP('',(#1533,#1534,#1535,#1536,#1537));
#4056=EDGE_LOOP('',(#1538,#1539,#1540,#1541,#1542));
#4057=EDGE_LOOP('',(#1543,#1544,#1545,#1546,#1547));
#4058=EDGE_LOOP('',(#1548,#1549,#1550,#1551,#1552));
#4059=EDGE_LOOP('',(#1553,#1554,#1555,#1556,#1557));
#4060=EDGE_LOOP('',(#1558,#1559,#1560,#1561));
#4061=EDGE_LOOP('',(#1562,#1563,#1564,#1565,#1566,#1567));
#4062=EDGE_LOOP('',(#1568,#1569,#1570,#1571,#1572));
#4063=EDGE_LOOP('',(#1573));
#4064=EDGE_LOOP('',(#1574));
#4065=EDGE_LOOP('',(#1575));
#4066=EDGE_LOOP('',(#1576));
#4067=EDGE_LOOP('',(#1577));
#4068=EDGE_LOOP('',(#1578));
#4069=EDGE_LOOP('',(#1579,#1580,#1581,#1582,#1583,#1584,#1585,#1586,#1587,
#1588));
#4070=EDGE_LOOP('',(#1589,#1590,#1591,#1592,#1593,#1594,#1595,#1596,#1597,
#1598));
#4071=EDGE_LOOP('',(#1599,#1600,#1601,#1602,#1603));
#4072=EDGE_LOOP('',(#1604,#1605,#1606,#1607,#1608,#1609));
#4073=EDGE_LOOP('',(#1610));
#4074=EDGE_LOOP('',(#1611,#1612,#1613,#1614,#1615,#1616,#1617,#1618));
#4075=EDGE_LOOP('',(#1619,#1620,#1621,#1622,#1623,#1624));
#4076=EDGE_LOOP('',(#1625,#1626,#1627,#1628,#1629));
#4077=EDGE_LOOP('',(#1630,#1631,#1632,#1633,#1634,#1635));
#4078=EDGE_LOOP('',(#1636,#1637,#1638,#1639,#1640));
#4079=EDGE_LOOP('',(#1641,#1642,#1643,#1644,#1645,#1646));
#4080=EDGE_LOOP('',(#1647,#1648,#1649,#1650,#1651,#1652));
#4081=EDGE_LOOP('',(#1653,#1654,#1655,#1656,#1657));
#4082=EDGE_LOOP('',(#1658,#1659,#1660,#1661,#1662,#1663));
#4083=EDGE_LOOP('',(#1664,#1665,#1666,#1667));
#4084=EDGE_LOOP('',(#1668,#1669,#1670,#1671,#1672,#1673));
#4085=EDGE_LOOP('',(#1674,#1675,#1676,#1677));
#4086=EDGE_LOOP('',(#1678));
#4087=EDGE_LOOP('',(#1679,#1680,#1681,#1682,#1683,#1684,#1685,#1686));
#4088=EDGE_LOOP('',(#1687,#1688,#1689,#1690));
#4089=EDGE_LOOP('',(#1691,#1692,#1693,#1694,#1695));
#4090=EDGE_LOOP('',(#1696,#1697,#1698,#1699));
#4091=EDGE_LOOP('',(#1700,#1701,#1702,#1703,#1704,#1705));
#4092=EDGE_LOOP('',(#1706,#1707,#1708,#1709));
#4093=EDGE_LOOP('',(#1710,#1711,#1712,#1713,#1714));
#4094=EDGE_LOOP('',(#1715,#1716,#1717,#1718));
#4095=EDGE_LOOP('',(#1719,#1720,#1721,#1722,#1723,#1724));
#4096=EDGE_LOOP('',(#1725,#1726,#1727,#1728));
#4097=EDGE_LOOP('',(#1729,#1730,#1731,#1732,#1733,#1734));
#4098=EDGE_LOOP('',(#1735,#1736,#1737,#1738,#1739,#1740,#1741,#1742));
#4099=EDGE_LOOP('',(#1743,#1744,#1745,#1746,#1747,#1748,#1749,#1750));
#4100=EDGE_LOOP('',(#1751,#1752,#1753,#1754,#1755));
#4101=EDGE_LOOP('',(#1756,#1757,#1758,#1759,#1760,#1761));
#4102=EDGE_LOOP('',(#1762,#1763,#1764,#1765,#1766));
#4103=EDGE_LOOP('',(#1767,#1768,#1769,#1770));
#4104=EDGE_LOOP('',(#1771,#1772,#1773,#1774,#1775,#1776));
#4105=EDGE_LOOP('',(#1777,#1778,#1779,#1780));
#4106=EDGE_LOOP('',(#1781,#1782,#1783,#1784));
#4107=EDGE_LOOP('',(#1785,#1786,#1787,#1788,#1789,#1790));
#4108=EDGE_LOOP('',(#1791,#1792,#1793,#1794,#1795));
#4109=EDGE_LOOP('',(#1796,#1797,#1798,#1799));
#4110=EDGE_LOOP('',(#1800,#1801,#1802,#1803,#1804));
#4111=EDGE_LOOP('',(#1805,#1806,#1807,#1808,#1809,#1810,#1811,#1812,#1813,
#1814,#1815));
#4112=EDGE_LOOP('',(#1816,#1817,#1818,#1819));
#4113=EDGE_LOOP('',(#1820,#1821,#1822,#1823,#1824,#1825));
#4114=EDGE_LOOP('',(#1826,#1827,#1828,#1829,#1830));
#4115=EDGE_LOOP('',(#1831,#1832,#1833,#1834));
#4116=EDGE_LOOP('',(#1835,#1836,#1837,#1838,#1839,#1840));
#4117=EDGE_LOOP('',(#1841,#1842,#1843,#1844,#1845,#1846));
#4118=EDGE_LOOP('',(#1847,#1848,#1849,#1850));
#4119=EDGE_LOOP('',(#1851,#1852,#1853,#1854));
#4120=EDGE_LOOP('',(#1855,#1856,#1857,#1858,#1859,#1860,#1861,#1862));
#4121=EDGE_LOOP('',(#1863,#1864,#1865,#1866));
#4122=EDGE_LOOP('',(#1867,#1868,#1869,#1870));
#4123=EDGE_LOOP('',(#1871,#1872,#1873,#1874));
#4124=EDGE_LOOP('',(#1875,#1876,#1877,#1878));
#4125=EDGE_LOOP('',(#1879,#1880,#1881,#1882));
#4126=EDGE_LOOP('',(#1883,#1884,#1885,#1886,#1887,#1888));
#4127=EDGE_LOOP('',(#1889,#1890,#1891,#1892));
#4128=EDGE_LOOP('',(#1893,#1894,#1895,#1896));
#4129=EDGE_LOOP('',(#1897,#1898,#1899,#1900));
#4130=EDGE_LOOP('',(#1901,#1902,#1903,#1904));
#4131=EDGE_LOOP('',(#1905,#1906,#1907,#1908));
#4132=EDGE_LOOP('',(#1909,#1910,#1911,#1912));
#4133=EDGE_LOOP('',(#1913,#1914,#1915,#1916));
#4134=EDGE_LOOP('',(#1917,#1918,#1919,#1920));
#4135=EDGE_LOOP('',(#1921,#1922,#1923,#1924));
#4136=EDGE_LOOP('',(#1925,#1926,#1927,#1928));
#4137=EDGE_LOOP('',(#1929,#1930,#1931,#1932));
#4138=EDGE_LOOP('',(#1933,#1934,#1935,#1936));
#4139=EDGE_LOOP('',(#1937,#1938,#1939,#1940));
#4140=EDGE_LOOP('',(#1941,#1942,#1943,#1944));
#4141=EDGE_LOOP('',(#1945,#1946,#1947,#1948));
#4142=EDGE_LOOP('',(#1949,#1950,#1951,#1952));
#4143=EDGE_LOOP('',(#1953,#1954,#1955,#1956));
#4144=EDGE_LOOP('',(#1957,#1958,#1959,#1960));
#4145=EDGE_LOOP('',(#1961,#1962,#1963,#1964,#1965));
#4146=EDGE_LOOP('',(#1966,#1967,#1968,#1969));
#4147=EDGE_LOOP('',(#1970,#1971,#1972,#1973,#1974));
#4148=EDGE_LOOP('',(#1975,#1976,#1977,#1978));
#4149=EDGE_LOOP('',(#1979,#1980,#1981,#1982,#1983));
#4150=EDGE_LOOP('',(#1984,#1985,#1986,#1987));
#4151=EDGE_LOOP('',(#1988,#1989,#1990,#1991));
#4152=EDGE_LOOP('',(#1992,#1993,#1994,#1995));
#4153=EDGE_LOOP('',(#1996,#1997,#1998,#1999));
#4154=EDGE_LOOP('',(#2000,#2001,#2002,#2003));
#4155=EDGE_LOOP('',(#2004,#2005,#2006,#2007));
#4156=EDGE_LOOP('',(#2008,#2009,#2010,#2011));
#4157=EDGE_LOOP('',(#2012,#2013,#2014,#2015));
#4158=EDGE_LOOP('',(#2016,#2017,#2018,#2019));
#4159=EDGE_LOOP('',(#2020,#2021,#2022,#2023));
#4160=EDGE_LOOP('',(#2024,#2025,#2026,#2027));
#4161=EDGE_LOOP('',(#2028,#2029,#2030,#2031));
#4162=EDGE_LOOP('',(#2032,#2033,#2034,#2035));
#4163=EDGE_LOOP('',(#2036,#2037,#2038,#2039));
#4164=EDGE_LOOP('',(#2040,#2041,#2042,#2043));
#4165=EDGE_LOOP('',(#2044,#2045,#2046,#2047));
#4166=EDGE_LOOP('',(#2048,#2049,#2050,#2051));
#4167=EDGE_LOOP('',(#2052,#2053,#2054,#2055));
#4168=EDGE_LOOP('',(#2056,#2057,#2058,#2059));
#4169=EDGE_LOOP('',(#2060,#2061,#2062,#2063));
#4170=EDGE_LOOP('',(#2064,#2065,#2066,#2067));
#4171=EDGE_LOOP('',(#2068,#2069,#2070,#2071,#2072));
#4172=EDGE_LOOP('',(#2073,#2074,#2075,#2076,#2077,#2078));
#4173=EDGE_LOOP('',(#2079,#2080,#2081,#2082));
#4174=EDGE_LOOP('',(#2083,#2084,#2085,#2086));
#4175=EDGE_LOOP('',(#2087,#2088,#2089,#2090));
#4176=EDGE_LOOP('',(#2091,#2092,#2093,#2094));
#4177=EDGE_LOOP('',(#2095,#2096,#2097,#2098));
#4178=EDGE_LOOP('',(#2099,#2100,#2101,#2102,#2103,#2104));
#4179=EDGE_LOOP('',(#2105,#2106,#2107,#2108));
#4180=EDGE_LOOP('',(#2109,#2110,#2111,#2112));
#4181=EDGE_LOOP('',(#2113,#2114,#2115,#2116));
#4182=EDGE_LOOP('',(#2117,#2118,#2119,#2120));
#4183=EDGE_LOOP('',(#2121,#2122,#2123,#2124));
#4184=EDGE_LOOP('',(#2125,#2126,#2127,#2128));
#4185=EDGE_LOOP('',(#2129,#2130,#2131,#2132));
#4186=EDGE_LOOP('',(#2133,#2134,#2135,#2136));
#4187=EDGE_LOOP('',(#2137,#2138,#2139,#2140));
#4188=EDGE_LOOP('',(#2141,#2142,#2143,#2144));
#4189=EDGE_LOOP('',(#2145,#2146,#2147,#2148));
#4190=EDGE_LOOP('',(#2149,#2150,#2151,#2152));
#4191=EDGE_LOOP('',(#2153,#2154,#2155,#2156,#2157,#2158));
#4192=EDGE_LOOP('',(#2159,#2160,#2161,#2162));
#4193=EDGE_LOOP('',(#2163,#2164,#2165,#2166));
#4194=EDGE_LOOP('',(#2167,#2168,#2169,#2170));
#4195=EDGE_LOOP('',(#2171,#2172,#2173,#2174,#2175,#2176));
#4196=EDGE_LOOP('',(#2177,#2178,#2179,#2180));
#4197=EDGE_LOOP('',(#2181,#2182,#2183,#2184));
#4198=EDGE_LOOP('',(#2185,#2186,#2187));
#4199=EDGE_LOOP('',(#2188,#2189,#2190));
#4200=EDGE_LOOP('',(#2191,#2192,#2193));
#4201=EDGE_LOOP('',(#2194,#2195,#2196));
#4202=EDGE_LOOP('',(#2197,#2198,#2199,#2200,#2201,#2202));
#4203=EDGE_LOOP('',(#2203,#2204,#2205,#2206,#2207,#2208,#2209,#2210,#2211,
#2212,#2213,#2214,#2215,#2216,#2217,#2218,#2219,#2220,#2221,#2222,#2223,
#2224,#2225,#2226,#2227,#2228,#2229,#2230,#2231,#2232,#2233));
#4204=EDGE_LOOP('',(#2234,#2235,#2236,#2237));
#4205=EDGE_LOOP('',(#2238,#2239,#2240,#2241));
#4206=EDGE_LOOP('',(#2242,#2243,#2244));
#4207=EDGE_LOOP('',(#2245,#2246,#2247,#2248,#2249,#2250));
#4208=EDGE_LOOP('',(#2251,#2252,#2253,#2254));
#4209=EDGE_LOOP('',(#2255,#2256,#2257,#2258));
#4210=EDGE_LOOP('',(#2259,#2260,#2261,#2262));
#4211=EDGE_LOOP('',(#2263,#2264,#2265,#2266));
#4212=EDGE_LOOP('',(#2267,#2268,#2269,#2270));
#4213=EDGE_LOOP('',(#2271,#2272,#2273,#2274));
#4214=EDGE_LOOP('',(#2275,#2276,#2277,#2278));
#4215=EDGE_LOOP('',(#2279,#2280,#2281,#2282));
#4216=EDGE_LOOP('',(#2283,#2284,#2285));
#4217=EDGE_LOOP('',(#2286,#2287,#2288,#2289,#2290,#2291));
#4218=EDGE_LOOP('',(#2292,#2293,#2294,#2295));
#4219=EDGE_LOOP('',(#2296,#2297,#2298,#2299));
#4220=EDGE_LOOP('',(#2300,#2301,#2302,#2303));
#4221=EDGE_LOOP('',(#2304,#2305,#2306,#2307));
#4222=EDGE_LOOP('',(#2308,#2309,#2310,#2311));
#4223=EDGE_LOOP('',(#2312,#2313,#2314,#2315));
#4224=EDGE_LOOP('',(#2316,#2317,#2318));
#4225=EDGE_LOOP('',(#2319,#2320,#2321,#2322,#2323,#2324));
#4226=EDGE_LOOP('',(#2325,#2326,#2327,#2328));
#4227=EDGE_LOOP('',(#2329,#2330,#2331,#2332));
#4228=EDGE_LOOP('',(#2333,#2334,#2335,#2336));
#4229=EDGE_LOOP('',(#2337,#2338,#2339,#2340));
#4230=EDGE_LOOP('',(#2341,#2342,#2343,#2344));
#4231=EDGE_LOOP('',(#2345,#2346,#2347,#2348));
#4232=EDGE_LOOP('',(#2349,#2350,#2351));
#4233=EDGE_LOOP('',(#2352,#2353,#2354,#2355,#2356,#2357));
#4234=EDGE_LOOP('',(#2358,#2359,#2360,#2361));
#4235=EDGE_LOOP('',(#2362,#2363,#2364,#2365));
#4236=EDGE_LOOP('',(#2366,#2367,#2368,#2369));
#4237=EDGE_LOOP('',(#2370,#2371,#2372,#2373));
#4238=EDGE_LOOP('',(#2374,#2375,#2376,#2377));
#4239=EDGE_LOOP('',(#2378,#2379,#2380,#2381));
#4240=EDGE_LOOP('',(#2382,#2383,#2384,#2385));
#4241=EDGE_LOOP('',(#2386,#2387,#2388,#2389));
#4242=EDGE_LOOP('',(#2390,#2391,#2392,#2393));
#4243=EDGE_LOOP('',(#2394,#2395,#2396,#2397));
#4244=EDGE_LOOP('',(#2398,#2399,#2400,#2401));
#4245=EDGE_LOOP('',(#2402,#2403,#2404,#2405));
#4246=EDGE_LOOP('',(#2406,#2407,#2408));
#4247=EDGE_LOOP('',(#2409,#2410,#2411,#2412,#2413,#2414));
#4248=EDGE_LOOP('',(#2415,#2416,#2417,#2418,#2419,#2420));
#4249=EDGE_LOOP('',(#2421,#2422,#2423,#2424));
#4250=EDGE_LOOP('',(#2425,#2426,#2427,#2428,#2429,#2430,#2431,#2432,#2433,
#2434,#2435,#2436,#2437,#2438,#2439,#2440,#2441,#2442));
#4251=EDGE_LOOP('',(#2443,#2444,#2445,#2446,#2447,#2448));
#4252=EDGE_LOOP('',(#2449,#2450,#2451,#2452,#2453));
#4253=EDGE_LOOP('',(#2454,#2455,#2456,#2457,#2458));
#4254=EDGE_LOOP('',(#2459,#2460,#2461,#2462));
#4255=EDGE_LOOP('',(#2463,#2464,#2465,#2466,#2467,#2468,#2469,#2470,#2471,
#2472,#2473,#2474,#2475,#2476,#2477,#2478,#2479,#2480,#2481,#2482,#2483,
#2484,#2485,#2486,#2487,#2488));
#4256=EDGE_LOOP('',(#2489,#2490,#2491,#2492,#2493,#2494,#2495,#2496));
#4257=EDGE_LOOP('',(#2497,#2498,#2499,#2500,#2501,#2502,#2503,#2504));
#4258=EDGE_LOOP('',(#2505,#2506,#2507,#2508,#2509,#2510,#2511,#2512));
#4259=EDGE_LOOP('',(#2513,#2514,#2515,#2516,#2517,#2518));
#4260=EDGE_LOOP('',(#2519,#2520,#2521,#2522,#2523,#2524,#2525,#2526,#2527,
#2528,#2529,#2530,#2531,#2532,#2533,#2534,#2535,#2536,#2537,#2538,#2539,
#2540,#2541,#2542,#2543,#2544,#2545,#2546,#2547,#2548,#2549,#2550,#2551,
#2552));
#4261=EDGE_LOOP('',(#2553));
#4262=EDGE_LOOP('',(#2554));
#4263=EDGE_LOOP('',(#2555));
#4264=EDGE_LOOP('',(#2556,#2557,#2558,#2559,#2560,#2561));
#4265=EDGE_LOOP('',(#2562,#2563,#2564,#2565));
#4266=EDGE_LOOP('',(#2566,#2567,#2568,#2569));
#4267=EDGE_LOOP('',(#2570,#2571,#2572,#2573));
#4268=EDGE_LOOP('',(#2574,#2575,#2576,#2577));
#4269=EDGE_LOOP('',(#2578));
#4270=EDGE_LOOP('',(#2579,#2580));
#4271=EDGE_LOOP('',(#2581));
#4272=EDGE_LOOP('',(#2582));
#4273=EDGE_LOOP('',(#2583));
#4274=EDGE_LOOP('',(#2584));
#4275=EDGE_LOOP('',(#2585));
#4276=EDGE_LOOP('',(#2586,#2587));
#4277=EDGE_LOOP('',(#2588));
#4278=EDGE_LOOP('',(#2589));
#4279=EDGE_LOOP('',(#2590));
#4280=EDGE_LOOP('',(#2591));
#4281=EDGE_LOOP('',(#2592));
#4282=EDGE_LOOP('',(#2593));
#4283=EDGE_LOOP('',(#2594));
#4284=EDGE_LOOP('',(#2595));
#4285=EDGE_LOOP('',(#2596,#2597,#2598,#2599,#2600,#2601,#2602));
#4286=EDGE_LOOP('',(#2603,#2604,#2605,#2606));
#4287=EDGE_LOOP('',(#2607,#2608,#2609,#2610));
#4288=EDGE_LOOP('',(#2611,#2612,#2613,#2614));
#4289=EDGE_LOOP('',(#2615,#2616,#2617,#2618));
#4290=EDGE_LOOP('',(#2619,#2620,#2621,#2622));
#4291=EDGE_LOOP('',(#2623));
#4292=EDGE_LOOP('',(#2624));
#4293=EDGE_LOOP('',(#2625));
#4294=EDGE_LOOP('',(#2626));
#4295=EDGE_LOOP('',(#2627));
#4296=EDGE_LOOP('',(#2628));
#4297=EDGE_LOOP('',(#2629,#2630));
#4298=EDGE_LOOP('',(#2631,#2632));
#4299=FACE_BOUND('',#3985,.T.);
#4300=FACE_BOUND('',#3986,.T.);
#4301=FACE_BOUND('',#3987,.T.);
#4302=FACE_BOUND('',#3988,.T.);
#4303=FACE_BOUND('',#3989,.T.);
#4304=FACE_BOUND('',#3990,.T.);
#4305=FACE_BOUND('',#3991,.T.);
#4306=FACE_BOUND('',#3992,.T.);
#4307=FACE_BOUND('',#3993,.T.);
#4308=FACE_BOUND('',#3994,.T.);
#4309=FACE_BOUND('',#3995,.T.);
#4310=FACE_BOUND('',#3996,.T.);
#4311=FACE_BOUND('',#3997,.T.);
#4312=FACE_BOUND('',#3998,.T.);
#4313=FACE_BOUND('',#3999,.T.);
#4314=FACE_BOUND('',#4000,.T.);
#4315=FACE_BOUND('',#4001,.T.);
#4316=FACE_BOUND('',#4002,.T.);
#4317=FACE_BOUND('',#4003,.T.);
#4318=FACE_BOUND('',#4004,.T.);
#4319=FACE_BOUND('',#4005,.T.);
#4320=FACE_BOUND('',#4006,.T.);
#4321=FACE_BOUND('',#4007,.T.);
#4322=FACE_BOUND('',#4008,.T.);
#4323=FACE_BOUND('',#4009,.T.);
#4324=FACE_BOUND('',#4010,.T.);
#4325=FACE_BOUND('',#4011,.T.);
#4326=FACE_BOUND('',#4012,.T.);
#4327=FACE_BOUND('',#4013,.T.);
#4328=FACE_BOUND('',#4014,.T.);
#4329=FACE_BOUND('',#4015,.T.);
#4330=FACE_BOUND('',#4016,.T.);
#4331=FACE_BOUND('',#4017,.T.);
#4332=FACE_BOUND('',#4018,.T.);
#4333=FACE_BOUND('',#4019,.T.);
#4334=FACE_BOUND('',#4020,.T.);
#4335=FACE_BOUND('',#4021,.T.);
#4336=FACE_BOUND('',#4022,.T.);
#4337=FACE_BOUND('',#4023,.T.);
#4338=FACE_BOUND('',#4024,.T.);
#4339=FACE_BOUND('',#4025,.T.);
#4340=FACE_BOUND('',#4026,.T.);
#4341=FACE_BOUND('',#4027,.T.);
#4342=FACE_BOUND('',#4028,.T.);
#4343=FACE_BOUND('',#4029,.T.);
#4344=FACE_BOUND('',#4030,.T.);
#4345=FACE_BOUND('',#4031,.T.);
#4346=FACE_BOUND('',#4032,.T.);
#4347=FACE_BOUND('',#4033,.T.);
#4348=FACE_BOUND('',#4034,.T.);
#4349=FACE_BOUND('',#4035,.T.);
#4350=FACE_BOUND('',#4036,.T.);
#4351=FACE_BOUND('',#4037,.T.);
#4352=FACE_BOUND('',#4038,.T.);
#4353=FACE_BOUND('',#4039,.T.);
#4354=FACE_BOUND('',#4040,.T.);
#4355=FACE_BOUND('',#4041,.T.);
#4356=FACE_BOUND('',#4042,.T.);
#4357=FACE_BOUND('',#4043,.T.);
#4358=FACE_BOUND('',#4044,.T.);
#4359=FACE_BOUND('',#4045,.T.);
#4360=FACE_BOUND('',#4046,.T.);
#4361=FACE_BOUND('',#4047,.T.);
#4362=FACE_BOUND('',#4048,.T.);
#4363=FACE_BOUND('',#4049,.T.);
#4364=FACE_BOUND('',#4050,.T.);
#4365=FACE_BOUND('',#4051,.T.);
#4366=FACE_BOUND('',#4052,.T.);
#4367=FACE_BOUND('',#4053,.T.);
#4368=FACE_BOUND('',#4054,.T.);
#4369=FACE_BOUND('',#4055,.T.);
#4370=FACE_BOUND('',#4056,.T.);
#4371=FACE_BOUND('',#4057,.T.);
#4372=FACE_BOUND('',#4058,.T.);
#4373=FACE_BOUND('',#4059,.T.);
#4374=FACE_BOUND('',#4060,.T.);
#4375=FACE_BOUND('',#4061,.T.);
#4376=FACE_BOUND('',#4062,.T.);
#4377=FACE_BOUND('',#4063,.T.);
#4378=FACE_BOUND('',#4064,.T.);
#4379=FACE_BOUND('',#4065,.T.);
#4380=FACE_BOUND('',#4066,.T.);
#4381=FACE_BOUND('',#4067,.T.);
#4382=FACE_BOUND('',#4068,.T.);
#4383=FACE_BOUND('',#4069,.T.);
#4384=FACE_BOUND('',#4070,.T.);
#4385=FACE_BOUND('',#4071,.T.);
#4386=FACE_BOUND('',#4072,.T.);
#4387=FACE_BOUND('',#4073,.T.);
#4388=FACE_BOUND('',#4074,.T.);
#4389=FACE_BOUND('',#4075,.T.);
#4390=FACE_BOUND('',#4076,.T.);
#4391=FACE_BOUND('',#4077,.T.);
#4392=FACE_BOUND('',#4078,.T.);
#4393=FACE_BOUND('',#4079,.T.);
#4394=FACE_BOUND('',#4080,.T.);
#4395=FACE_BOUND('',#4081,.T.);
#4396=FACE_BOUND('',#4082,.T.);
#4397=FACE_BOUND('',#4083,.T.);
#4398=FACE_BOUND('',#4084,.T.);
#4399=FACE_BOUND('',#4085,.T.);
#4400=FACE_BOUND('',#4086,.T.);
#4401=FACE_BOUND('',#4087,.T.);
#4402=FACE_BOUND('',#4088,.T.);
#4403=FACE_BOUND('',#4089,.T.);
#4404=FACE_BOUND('',#4090,.T.);
#4405=FACE_BOUND('',#4091,.T.);
#4406=FACE_BOUND('',#4092,.T.);
#4407=FACE_BOUND('',#4093,.T.);
#4408=FACE_BOUND('',#4094,.T.);
#4409=FACE_BOUND('',#4095,.T.);
#4410=FACE_BOUND('',#4096,.T.);
#4411=FACE_BOUND('',#4097,.T.);
#4412=FACE_BOUND('',#4098,.T.);
#4413=FACE_BOUND('',#4099,.T.);
#4414=FACE_BOUND('',#4100,.T.);
#4415=FACE_BOUND('',#4101,.T.);
#4416=FACE_BOUND('',#4102,.T.);
#4417=FACE_BOUND('',#4103,.T.);
#4418=FACE_BOUND('',#4104,.T.);
#4419=FACE_BOUND('',#4105,.T.);
#4420=FACE_BOUND('',#4106,.T.);
#4421=FACE_BOUND('',#4107,.T.);
#4422=FACE_BOUND('',#4108,.T.);
#4423=FACE_BOUND('',#4109,.T.);
#4424=FACE_BOUND('',#4110,.T.);
#4425=FACE_BOUND('',#4111,.T.);
#4426=FACE_BOUND('',#4112,.T.);
#4427=FACE_BOUND('',#4113,.T.);
#4428=FACE_BOUND('',#4114,.T.);
#4429=FACE_BOUND('',#4115,.T.);
#4430=FACE_BOUND('',#4116,.T.);
#4431=FACE_BOUND('',#4117,.T.);
#4432=FACE_BOUND('',#4118,.T.);
#4433=FACE_BOUND('',#4119,.T.);
#4434=FACE_BOUND('',#4120,.T.);
#4435=FACE_BOUND('',#4121,.T.);
#4436=FACE_BOUND('',#4122,.T.);
#4437=FACE_BOUND('',#4123,.T.);
#4438=FACE_BOUND('',#4124,.T.);
#4439=FACE_BOUND('',#4125,.T.);
#4440=FACE_BOUND('',#4126,.T.);
#4441=FACE_BOUND('',#4127,.T.);
#4442=FACE_BOUND('',#4128,.T.);
#4443=FACE_BOUND('',#4129,.T.);
#4444=FACE_BOUND('',#4130,.T.);
#4445=FACE_BOUND('',#4131,.T.);
#4446=FACE_BOUND('',#4132,.T.);
#4447=FACE_BOUND('',#4133,.T.);
#4448=FACE_BOUND('',#4134,.T.);
#4449=FACE_BOUND('',#4135,.T.);
#4450=FACE_BOUND('',#4136,.T.);
#4451=FACE_BOUND('',#4137,.T.);
#4452=FACE_BOUND('',#4138,.T.);
#4453=FACE_BOUND('',#4139,.T.);
#4454=FACE_BOUND('',#4140,.T.);
#4455=FACE_BOUND('',#4141,.T.);
#4456=FACE_BOUND('',#4142,.T.);
#4457=FACE_BOUND('',#4143,.T.);
#4458=FACE_BOUND('',#4144,.T.);
#4459=FACE_BOUND('',#4145,.T.);
#4460=FACE_BOUND('',#4146,.T.);
#4461=FACE_BOUND('',#4147,.T.);
#4462=FACE_BOUND('',#4148,.T.);
#4463=FACE_BOUND('',#4149,.T.);
#4464=FACE_BOUND('',#4150,.T.);
#4465=FACE_BOUND('',#4151,.T.);
#4466=FACE_BOUND('',#4152,.T.);
#4467=FACE_BOUND('',#4153,.T.);
#4468=FACE_BOUND('',#4154,.T.);
#4469=FACE_BOUND('',#4155,.T.);
#4470=FACE_BOUND('',#4156,.T.);
#4471=FACE_BOUND('',#4157,.T.);
#4472=FACE_BOUND('',#4158,.T.);
#4473=FACE_BOUND('',#4159,.T.);
#4474=FACE_BOUND('',#4160,.T.);
#4475=FACE_BOUND('',#4161,.T.);
#4476=FACE_BOUND('',#4162,.T.);
#4477=FACE_BOUND('',#4163,.T.);
#4478=FACE_BOUND('',#4164,.T.);
#4479=FACE_BOUND('',#4165,.T.);
#4480=FACE_BOUND('',#4166,.T.);
#4481=FACE_BOUND('',#4167,.T.);
#4482=FACE_BOUND('',#4168,.T.);
#4483=FACE_BOUND('',#4169,.T.);
#4484=FACE_BOUND('',#4170,.T.);
#4485=FACE_BOUND('',#4171,.T.);
#4486=FACE_BOUND('',#4172,.T.);
#4487=FACE_BOUND('',#4173,.T.);
#4488=FACE_BOUND('',#4174,.T.);
#4489=FACE_BOUND('',#4175,.T.);
#4490=FACE_BOUND('',#4176,.T.);
#4491=FACE_BOUND('',#4177,.T.);
#4492=FACE_BOUND('',#4178,.T.);
#4493=FACE_BOUND('',#4179,.T.);
#4494=FACE_BOUND('',#4180,.T.);
#4495=FACE_BOUND('',#4181,.T.);
#4496=FACE_BOUND('',#4182,.T.);
#4497=FACE_BOUND('',#4183,.T.);
#4498=FACE_BOUND('',#4184,.T.);
#4499=FACE_BOUND('',#4185,.T.);
#4500=FACE_BOUND('',#4186,.T.);
#4501=FACE_BOUND('',#4187,.T.);
#4502=FACE_BOUND('',#4188,.T.);
#4503=FACE_BOUND('',#4189,.T.);
#4504=FACE_BOUND('',#4190,.T.);
#4505=FACE_BOUND('',#4191,.T.);
#4506=FACE_BOUND('',#4192,.T.);
#4507=FACE_BOUND('',#4193,.T.);
#4508=FACE_BOUND('',#4194,.T.);
#4509=FACE_BOUND('',#4195,.T.);
#4510=FACE_BOUND('',#4196,.T.);
#4511=FACE_BOUND('',#4197,.T.);
#4512=FACE_BOUND('',#4198,.T.);
#4513=FACE_BOUND('',#4199,.T.);
#4514=FACE_BOUND('',#4200,.T.);
#4515=FACE_BOUND('',#4201,.T.);
#4516=FACE_BOUND('',#4202,.T.);
#4517=FACE_BOUND('',#4203,.T.);
#4518=FACE_BOUND('',#4204,.T.);
#4519=FACE_BOUND('',#4205,.T.);
#4520=FACE_BOUND('',#4206,.T.);
#4521=FACE_BOUND('',#4207,.T.);
#4522=FACE_BOUND('',#4208,.T.);
#4523=FACE_BOUND('',#4209,.T.);
#4524=FACE_BOUND('',#4210,.T.);
#4525=FACE_BOUND('',#4211,.T.);
#4526=FACE_BOUND('',#4212,.T.);
#4527=FACE_BOUND('',#4213,.T.);
#4528=FACE_BOUND('',#4214,.T.);
#4529=FACE_BOUND('',#4215,.T.);
#4530=FACE_BOUND('',#4216,.T.);
#4531=FACE_BOUND('',#4217,.T.);
#4532=FACE_BOUND('',#4218,.T.);
#4533=FACE_BOUND('',#4219,.T.);
#4534=FACE_BOUND('',#4220,.T.);
#4535=FACE_BOUND('',#4221,.T.);
#4536=FACE_BOUND('',#4222,.T.);
#4537=FACE_BOUND('',#4223,.T.);
#4538=FACE_BOUND('',#4224,.T.);
#4539=FACE_BOUND('',#4225,.T.);
#4540=FACE_BOUND('',#4226,.T.);
#4541=FACE_BOUND('',#4227,.T.);
#4542=FACE_BOUND('',#4228,.T.);
#4543=FACE_BOUND('',#4229,.T.);
#4544=FACE_BOUND('',#4230,.T.);
#4545=FACE_BOUND('',#4231,.T.);
#4546=FACE_BOUND('',#4232,.T.);
#4547=FACE_BOUND('',#4233,.T.);
#4548=FACE_BOUND('',#4234,.T.);
#4549=FACE_BOUND('',#4235,.T.);
#4550=FACE_BOUND('',#4236,.T.);
#4551=FACE_BOUND('',#4237,.T.);
#4552=FACE_BOUND('',#4238,.T.);
#4553=FACE_BOUND('',#4239,.T.);
#4554=FACE_BOUND('',#4240,.T.);
#4555=FACE_BOUND('',#4241,.T.);
#4556=FACE_BOUND('',#4242,.T.);
#4557=FACE_BOUND('',#4243,.T.);
#4558=FACE_BOUND('',#4244,.T.);
#4559=FACE_BOUND('',#4245,.T.);
#4560=FACE_BOUND('',#4246,.T.);
#4561=FACE_BOUND('',#4247,.T.);
#4562=FACE_BOUND('',#4248,.T.);
#4563=FACE_BOUND('',#4249,.T.);
#4564=FACE_BOUND('',#4250,.T.);
#4565=FACE_BOUND('',#4251,.T.);
#4566=FACE_BOUND('',#4252,.T.);
#4567=FACE_BOUND('',#4253,.T.);
#4568=FACE_BOUND('',#4254,.T.);
#4569=FACE_BOUND('',#4255,.T.);
#4570=FACE_BOUND('',#4256,.T.);
#4571=FACE_BOUND('',#4257,.T.);
#4572=FACE_BOUND('',#4258,.T.);
#4573=FACE_BOUND('',#4259,.T.);
#4574=FACE_BOUND('',#4260,.T.);
#4575=FACE_BOUND('',#4261,.T.);
#4576=FACE_BOUND('',#4262,.T.);
#4577=FACE_BOUND('',#4263,.T.);
#4578=FACE_BOUND('',#4264,.T.);
#4579=FACE_BOUND('',#4265,.T.);
#4580=FACE_BOUND('',#4266,.T.);
#4581=FACE_BOUND('',#4267,.T.);
#4582=FACE_BOUND('',#4268,.T.);
#4583=FACE_BOUND('',#4269,.T.);
#4584=FACE_BOUND('',#4270,.T.);
#4585=FACE_BOUND('',#4271,.T.);
#4586=FACE_BOUND('',#4272,.T.);
#4587=FACE_BOUND('',#4273,.T.);
#4588=FACE_BOUND('',#4274,.T.);
#4589=FACE_BOUND('',#4275,.T.);
#4590=FACE_BOUND('',#4276,.T.);
#4591=FACE_BOUND('',#4277,.T.);
#4592=FACE_BOUND('',#4278,.T.);
#4593=FACE_BOUND('',#4279,.T.);
#4594=FACE_BOUND('',#4280,.T.);
#4595=FACE_BOUND('',#4281,.T.);
#4596=FACE_BOUND('',#4282,.T.);
#4597=FACE_BOUND('',#4283,.T.);
#4598=FACE_BOUND('',#4284,.T.);
#4599=FACE_BOUND('',#4285,.T.);
#4600=FACE_BOUND('',#4286,.T.);
#4601=FACE_BOUND('',#4287,.T.);
#4602=FACE_BOUND('',#4288,.T.);
#4603=FACE_BOUND('',#4289,.T.);
#4604=FACE_BOUND('',#4290,.T.);
#4605=FACE_BOUND('',#12,.T.);
#4606=FACE_BOUND('',#4291,.T.);
#4607=FACE_BOUND('',#4292,.T.);
#4608=FACE_BOUND('',#4293,.T.);
#4609=FACE_BOUND('',#13,.T.);
#4610=FACE_BOUND('',#4294,.T.);
#4611=FACE_BOUND('',#4295,.T.);
#4612=FACE_BOUND('',#4296,.T.);
#4613=FACE_BOUND('',#4297,.T.);
#4614=FACE_BOUND('',#4298,.T.);
#4615=PLANE('',#5070);
#4616=PLANE('',#5079);
#4617=PLANE('',#5080);
#4618=PLANE('',#5081);
#4619=PLANE('',#5108);
#4620=PLANE('',#5109);
#4621=PLANE('',#5110);
#4622=PLANE('',#5111);
#4623=PLANE('',#5112);
#4624=PLANE('',#5113);
#4625=PLANE('',#5114);
#4626=PLANE('',#5115);
#4627=PLANE('',#5116);
#4628=PLANE('',#5117);
#4629=PLANE('',#5118);
#4630=PLANE('',#5119);
#4631=PLANE('',#5120);
#4632=PLANE('',#5123);
#4633=PLANE('',#5124);
#4634=PLANE('',#5125);
#4635=PLANE('',#5126);
#4636=PLANE('',#5127);
#4637=PLANE('',#5128);
#4638=PLANE('',#5129);
#4639=PLANE('',#5130);
#4640=PLANE('',#5133);
#4641=PLANE('',#5134);
#4642=PLANE('',#5137);
#4643=PLANE('',#5138);
#4644=PLANE('',#5139);
#4645=PLANE('',#5140);
#4646=PLANE('',#5143);
#4647=PLANE('',#5146);
#4648=PLANE('',#5149);
#4649=PLANE('',#5154);
#4650=PLANE('',#5160);
#4651=PLANE('',#5163);
#4652=PLANE('',#5170);
#4653=PLANE('',#5174);
#4654=PLANE('',#5175);
#4655=PLANE('',#5176);
#4656=PLANE('',#5177);
#4657=PLANE('',#5178);
#4658=PLANE('',#5179);
#4659=PLANE('',#5184);
#4660=PLANE('',#5189);
#4661=PLANE('',#5194);
#4662=PLANE('',#5195);
#4663=PLANE('',#5200);
#4664=PLANE('',#5204);
#4665=PLANE('',#5208);
#4666=PLANE('',#5213);
#4667=PLANE('',#5218);
#4668=PLANE('',#5219);
#4669=PLANE('',#5221);
#4670=PLANE('',#5225);
#4671=PLANE('',#5226);
#4672=PLANE('',#5227);
#4673=PLANE('',#5228);
#4674=PLANE('',#5233);
#4675=PLANE('',#5234);
#4676=PLANE('',#5235);
#4677=PLANE('',#5236);
#4678=PLANE('',#5237);
#4679=PLANE('',#5238);
#4680=PLANE('',#5239);
#4681=PLANE('',#5240);
#4682=PLANE('',#5243);
#4683=PLANE('',#5246);
#4684=PLANE('',#5249);
#4685=PLANE('',#5252);
#4686=PLANE('',#5258);
#4687=PLANE('',#5261);
#4688=PLANE('',#5262);
#4689=PLANE('',#5263);
#4690=PLANE('',#5266);
#4691=PLANE('',#5270);
#4692=PLANE('',#5271);
#4693=PLANE('',#5276);
#4694=PLANE('',#5279);
#4695=PLANE('',#5283);
#4696=PLANE('',#5286);
#4697=PLANE('',#5287);
#4698=PLANE('',#5292);
#4699=PLANE('',#5299);
#4700=PLANE('',#5301);
#4701=PLANE('',#5302);
#4702=PLANE('',#5305);
#4703=PLANE('',#5310);
#4704=PLANE('',#5313);
#4705=PLANE('',#5316);
#4706=PLANE('',#5319);
#4707=PLANE('',#5322);
#4708=PLANE('',#5325);
#4709=PLANE('',#5328);
#4710=PLANE('',#5331);
#4711=PLANE('',#5334);
#4712=PLANE('',#5338);
#4713=PLANE('',#5342);
#4714=PLANE('',#5346);
#4715=PLANE('',#5349);
#4716=PLANE('',#5352);
#4717=PLANE('',#5355);
#4718=PLANE('',#5358);
#4719=PLANE('',#5361);
#4720=PLANE('',#5364);
#4721=PLANE('',#5367);
#4722=PLANE('',#5370);
#4723=PLANE('',#5373);
#4724=PLANE('',#5376);
#4725=PLANE('',#5380);
#4726=PLANE('',#5382);
#4727=PLANE('',#5383);
#4728=PLANE('',#5386);
#4729=PLANE('',#5387);
#4730=PLANE('',#5389);
#4731=PLANE('',#5392);
#4732=PLANE('',#5396);
#4733=PLANE('',#5397);
#4734=PLANE('',#5398);
#4735=PLANE('',#5399);
#4736=PLANE('',#5400);
#4737=PLANE('',#5401);
#4738=PLANE('',#5402);
#4739=PLANE('',#5403);
#4740=PLANE('',#5404);
#4741=PLANE('',#5405);
#4742=PLANE('',#5406);
#4743=PLANE('',#5407);
#4744=PLANE('',#5408);
#4745=PLANE('',#5412);
#4746=PLANE('',#5413);
#4747=PLANE('',#5414);
#4748=PLANE('',#5419);
#4749=PLANE('',#5428);
#4750=PLANE('',#5429);
#4751=PLANE('',#5430);
#4752=PLANE('',#5431);
#4753=PLANE('',#5432);
#4754=PLANE('',#5433);
#4755=PLANE('',#5434);
#4756=PLANE('',#5435);
#4757=PLANE('',#5436);
#4758=PLANE('',#5437);
#4759=PLANE('',#5438);
#4760=PLANE('',#5439);
#4761=PLANE('',#5440);
#4762=PLANE('',#5441);
#4763=PLANE('',#5442);
#4764=PLANE('',#5443);
#4765=PLANE('',#5444);
#4766=PLANE('',#5445);
#4767=PLANE('',#5446);
#4768=PLANE('',#5447);
#4769=PLANE('',#5448);
#4770=PLANE('',#5449);
#4771=PLANE('',#5450);
#4772=PLANE('',#5451);
#4773=PLANE('',#5452);
#4774=PLANE('',#5453);
#4775=PLANE('',#5454);
#4776=PLANE('',#5455);
#4777=PLANE('',#5456);
#4778=PLANE('',#5457);
#4779=PLANE('',#5461);
#4780=PLANE('',#5462);
#4781=PLANE('',#5466);
#4782=PLANE('',#5467);
#4783=PLANE('',#5468);
#4784=PLANE('',#5470);
#4785=PLANE('',#5473);
#4786=PLANE('',#5474);
#4787=PLANE('',#5476);
#4788=PLANE('',#5492);
#4789=PLANE('',#5493);
#4790=PLANE('',#5494);
#4791=PLANE('',#5495);
#4792=PLANE('',#5496);
#4793=PLANE('',#5497);
#4794=PLANE('',#5504);
#4795=PLANE('',#5505);
#4796=ADVANCED_FACE('',(#4299,#4300,#4301,#4302,#4303,#4304),#4615,.T.);
#4797=ADVANCED_FACE('',(#4305),#4616,.F.);
#4798=ADVANCED_FACE('',(#4306),#4617,.T.);
#4799=ADVANCED_FACE('',(#4307,#4308,#4309,#4310,#4311,#4312,#4313,#4314),
#4618,.T.);
#4800=ADVANCED_FACE('',(#4315),#4619,.T.);
#4801=ADVANCED_FACE('',(#4316),#4620,.T.);
#4802=ADVANCED_FACE('',(#4317),#4621,.F.);
#4803=ADVANCED_FACE('',(#4318),#4622,.F.);
#4804=ADVANCED_FACE('',(#4319),#4623,.F.);
#4805=ADVANCED_FACE('',(#4320),#4624,.T.);
#4806=ADVANCED_FACE('',(#4321),#4625,.T.);
#4807=ADVANCED_FACE('',(#4322),#4626,.T.);
#4808=ADVANCED_FACE('',(#4323),#4627,.T.);
#4809=ADVANCED_FACE('',(#4324),#4628,.T.);
#4810=ADVANCED_FACE('',(#4325),#4629,.T.);
#4811=ADVANCED_FACE('',(#4326),#4630,.T.);
#4812=ADVANCED_FACE('',(#4327,#4328,#4329),#4631,.T.);
#4813=ADVANCED_FACE('',(#4330),#4632,.T.);
#4814=ADVANCED_FACE('',(#4331),#4633,.T.);
#4815=ADVANCED_FACE('',(#4332),#4634,.T.);
#4816=ADVANCED_FACE('',(#4333),#4635,.T.);
#4817=ADVANCED_FACE('',(#4334),#4636,.T.);
#4818=ADVANCED_FACE('',(#4335),#4637,.T.);
#4819=ADVANCED_FACE('',(#4336),#4638,.T.);
#4820=ADVANCED_FACE('',(#4337,#4338),#4639,.T.);
#4821=ADVANCED_FACE('',(#4339),#4640,.T.);
#4822=ADVANCED_FACE('',(#4340,#4341),#4641,.T.);
#4823=ADVANCED_FACE('',(#4342),#4642,.T.);
#4824=ADVANCED_FACE('',(#4343),#4643,.T.);
#4825=ADVANCED_FACE('',(#4344),#4644,.T.);
#4826=ADVANCED_FACE('',(#4345,#4346),#4645,.T.);
#4827=ADVANCED_FACE('',(#4347),#4646,.T.);
#4828=ADVANCED_FACE('',(#4348,#4349),#4647,.T.);
#4829=ADVANCED_FACE('',(#4350),#4648,.T.);
#4830=ADVANCED_FACE('',(#4351),#39,.T.);
#4831=ADVANCED_FACE('',(#4352),#4649,.T.);
#4832=ADVANCED_FACE('',(#4353),#18,.T.);
#4833=ADVANCED_FACE('',(#4354),#40,.T.);
#4834=ADVANCED_FACE('',(#4355),#4650,.T.);
#4835=ADVANCED_FACE('',(#4356),#19,.T.);
#4836=ADVANCED_FACE('',(#4357),#4651,.T.);
#4837=ADVANCED_FACE('',(#4358),#41,.T.);
#4838=ADVANCED_FACE('',(#4359),#20,.T.);
#4839=ADVANCED_FACE('',(#4360),#42,.T.);
#4840=ADVANCED_FACE('',(#4361),#4652,.T.);
#4841=ADVANCED_FACE('',(#4362),#21,.T.);
#4842=ADVANCED_FACE('',(#4363),#4653,.F.);
#4843=ADVANCED_FACE('',(#4364),#4654,.F.);
#4844=ADVANCED_FACE('',(#4365),#4655,.F.);
#4845=ADVANCED_FACE('',(#4366),#4656,.F.);
#4846=ADVANCED_FACE('',(#4367),#4657,.F.);
#4847=ADVANCED_FACE('',(#4368),#4658,.F.);
#4848=ADVANCED_FACE('',(#4369),#43,.T.);
#4849=ADVANCED_FACE('',(#4370),#4659,.T.);
#4850=ADVANCED_FACE('',(#4371),#44,.T.);
#4851=ADVANCED_FACE('',(#4372),#4660,.T.);
#4852=ADVANCED_FACE('',(#4373),#45,.T.);
#4853=ADVANCED_FACE('',(#4374),#4661,.T.);
#4854=ADVANCED_FACE('',(#4375),#4662,.T.);
#4855=ADVANCED_FACE('',(#4376),#46,.T.);
#4856=ADVANCED_FACE('',(#4377),#4663,.T.);
#4857=ADVANCED_FACE('',(#4378,#4379),#47,.F.);
#4858=ADVANCED_FACE('',(#4380),#4664,.T.);
#4859=ADVANCED_FACE('',(#4381,#4382),#48,.F.);
#4860=ADVANCED_FACE('',(#4383),#4665,.T.);
#4861=ADVANCED_FACE('',(#4384),#4666,.T.);
#4862=ADVANCED_FACE('',(#4385),#4667,.T.);
#4863=ADVANCED_FACE('',(#4386),#4668,.T.);
#4864=ADVANCED_FACE('',(#4387,#4388),#4669,.T.);
#4865=ADVANCED_FACE('',(#4389),#49,.T.);
#4866=ADVANCED_FACE('',(#4390),#4670,.T.);
#4867=ADVANCED_FACE('',(#4391),#4671,.T.);
#4868=ADVANCED_FACE('',(#4392),#4672,.T.);
#4869=ADVANCED_FACE('',(#4393),#4673,.T.);
#4870=ADVANCED_FACE('',(#4394),#50,.T.);
#4871=ADVANCED_FACE('',(#4395),#4674,.T.);
#4872=ADVANCED_FACE('',(#4396),#4675,.T.);
#4873=ADVANCED_FACE('',(#4397),#4676,.T.);
#4874=ADVANCED_FACE('',(#4398),#4677,.T.);
#4875=ADVANCED_FACE('',(#4399),#4678,.T.);
#4876=ADVANCED_FACE('',(#4400,#4401),#4679,.T.);
#4877=ADVANCED_FACE('',(#4402),#4680,.T.);
#4878=ADVANCED_FACE('',(#4403),#4681,.T.);
#4879=ADVANCED_FACE('',(#4404),#22,.T.);
#4880=ADVANCED_FACE('',(#4405),#4682,.T.);
#4881=ADVANCED_FACE('',(#4406),#23,.T.);
#4882=ADVANCED_FACE('',(#4407),#4683,.T.);
#4883=ADVANCED_FACE('',(#4408),#24,.T.);
#4884=ADVANCED_FACE('',(#4409),#4684,.T.);
#4885=ADVANCED_FACE('',(#4410),#25,.T.);
#4886=ADVANCED_FACE('',(#4411),#4685,.T.);
#4887=ADVANCED_FACE('',(#4412),#51,.F.);
#4888=ADVANCED_FACE('',(#4413),#4686,.T.);
#4889=ADVANCED_FACE('',(#4414),#4687,.T.);
#4890=ADVANCED_FACE('',(#4415),#4688,.T.);
#4891=ADVANCED_FACE('',(#4416),#4689,.T.);
#4892=ADVANCED_FACE('',(#4417),#26,.F.);
#4893=ADVANCED_FACE('',(#4418),#4690,.T.);
#4894=ADVANCED_FACE('',(#4419),#27,.T.);
#4895=ADVANCED_FACE('',(#4420),#4691,.T.);
#4896=ADVANCED_FACE('',(#4421),#4692,.T.);
#4897=ADVANCED_FACE('',(#4422),#52,.T.);
#4898=ADVANCED_FACE('',(#4423),#4693,.T.);
#4899=ADVANCED_FACE('',(#4424),#28,.T.);
#4900=ADVANCED_FACE('',(#4425),#4694,.F.);
#4901=ADVANCED_FACE('',(#4426),#53,.T.);
#4902=ADVANCED_FACE('',(#4427),#4695,.T.);
#4903=ADVANCED_FACE('',(#4428),#29,.T.);
#4904=ADVANCED_FACE('',(#4429),#4696,.T.);
#4905=ADVANCED_FACE('',(#4430),#4697,.T.);
#4906=ADVANCED_FACE('',(#4431),#54,.T.);
#4907=ADVANCED_FACE('',(#4432),#4698,.T.);
#4908=ADVANCED_FACE('',(#4433),#30,.T.);
#4909=ADVANCED_FACE('',(#4434),#55,.F.);
#4910=ADVANCED_FACE('',(#4435),#4699,.F.);
#4911=ADVANCED_FACE('',(#4436),#4700,.T.);
#4912=ADVANCED_FACE('',(#4437),#4701,.F.);
#4913=ADVANCED_FACE('',(#4438),#31,.T.);
#4914=ADVANCED_FACE('',(#4439),#4702,.T.);
#4915=ADVANCED_FACE('',(#4440),#56,.T.);
#4916=ADVANCED_FACE('',(#4441),#32,.T.);
#4917=ADVANCED_FACE('',(#4442),#4703,.F.);
#4918=ADVANCED_FACE('',(#4443),#57,.F.);
#4919=ADVANCED_FACE('',(#4444),#4704,.F.);
#4920=ADVANCED_FACE('',(#4445),#58,.F.);
#4921=ADVANCED_FACE('',(#4446),#4705,.F.);
#4922=ADVANCED_FACE('',(#4447),#59,.F.);
#4923=ADVANCED_FACE('',(#4448),#4706,.F.);
#4924=ADVANCED_FACE('',(#4449),#60,.F.);
#4925=ADVANCED_FACE('',(#4450),#4707,.F.);
#4926=ADVANCED_FACE('',(#4451),#61,.F.);
#4927=ADVANCED_FACE('',(#4452),#4708,.F.);
#4928=ADVANCED_FACE('',(#4453),#62,.F.);
#4929=ADVANCED_FACE('',(#4454),#4709,.F.);
#4930=ADVANCED_FACE('',(#4455),#63,.F.);
#4931=ADVANCED_FACE('',(#4456),#4710,.F.);
#4932=ADVANCED_FACE('',(#4457),#64,.F.);
#4933=ADVANCED_FACE('',(#4458),#4711,.F.);
#4934=ADVANCED_FACE('',(#4459),#65,.F.);
#4935=ADVANCED_FACE('',(#4460),#4712,.F.);
#4936=ADVANCED_FACE('',(#4461),#66,.F.);
#4937=ADVANCED_FACE('',(#4462),#4713,.F.);
#4938=ADVANCED_FACE('',(#4463),#67,.F.);
#4939=ADVANCED_FACE('',(#4464),#4714,.F.);
#4940=ADVANCED_FACE('',(#4465),#68,.F.);
#4941=ADVANCED_FACE('',(#4466),#4715,.F.);
#4942=ADVANCED_FACE('',(#4467),#69,.F.);
#4943=ADVANCED_FACE('',(#4468),#4716,.F.);
#4944=ADVANCED_FACE('',(#4469),#70,.F.);
#4945=ADVANCED_FACE('',(#4470),#4717,.F.);
#4946=ADVANCED_FACE('',(#4471),#71,.F.);
#4947=ADVANCED_FACE('',(#4472),#4718,.F.);
#4948=ADVANCED_FACE('',(#4473),#72,.F.);
#4949=ADVANCED_FACE('',(#4474),#4719,.F.);
#4950=ADVANCED_FACE('',(#4475),#73,.F.);
#4951=ADVANCED_FACE('',(#4476),#4720,.F.);
#4952=ADVANCED_FACE('',(#4477),#74,.F.);
#4953=ADVANCED_FACE('',(#4478),#4721,.F.);
#4954=ADVANCED_FACE('',(#4479),#75,.F.);
#4955=ADVANCED_FACE('',(#4480),#4722,.F.);
#4956=ADVANCED_FACE('',(#4481),#76,.F.);
#4957=ADVANCED_FACE('',(#4482),#4723,.F.);
#4958=ADVANCED_FACE('',(#4483),#77,.F.);
#4959=ADVANCED_FACE('',(#4484),#4724,.F.);
#4960=ADVANCED_FACE('',(#4485),#78,.F.);
#4961=ADVANCED_FACE('',(#4486,#4487),#4725,.F.);
#4962=ADVANCED_FACE('',(#4488),#4726,.T.);
#4963=ADVANCED_FACE('',(#4489),#4727,.T.);
#4964=ADVANCED_FACE('',(#4490),#79,.T.);
#4965=ADVANCED_FACE('',(#4491),#4728,.T.);
#4966=ADVANCED_FACE('',(#4492,#4493),#4729,.F.);
#4967=ADVANCED_FACE('',(#4494),#4730,.T.);
#4968=ADVANCED_FACE('',(#4495),#80,.T.);
#4969=ADVANCED_FACE('',(#4496),#4731,.T.);
#4970=ADVANCED_FACE('',(#4497),#81,.F.);
#4971=ADVANCED_FACE('',(#4498),#4732,.F.);
#4972=ADVANCED_FACE('',(#4499),#4733,.F.);
#4973=ADVANCED_FACE('',(#4500),#4734,.F.);
#4974=ADVANCED_FACE('',(#4501),#4735,.F.);
#4975=ADVANCED_FACE('',(#4502),#4736,.F.);
#4976=ADVANCED_FACE('',(#4503),#4737,.F.);
#4977=ADVANCED_FACE('',(#4504),#4738,.T.);
#4978=ADVANCED_FACE('',(#4505,#4506),#4739,.F.);
#4979=ADVANCED_FACE('',(#4507),#4740,.T.);
#4980=ADVANCED_FACE('',(#4508),#4741,.T.);
#4981=ADVANCED_FACE('',(#4509,#4510),#4742,.F.);
#4982=ADVANCED_FACE('',(#4511),#4743,.T.);
#4983=ADVANCED_FACE('',(#4512,#4513,#4514,#4515,#4516,#4517),#4744,.T.);
#4984=ADVANCED_FACE('',(#4518),#4745,.F.);
#4985=ADVANCED_FACE('',(#4519),#4746,.T.);
#4986=ADVANCED_FACE('',(#4520,#4521),#4747,.F.);
#4987=ADVANCED_FACE('',(#4522),#4748,.F.);
#4988=ADVANCED_FACE('',(#4523),#82,.T.);
#4989=ADVANCED_FACE('',(#4524),#83,.T.);
#4990=ADVANCED_FACE('',(#4525),#84,.F.);
#4991=ADVANCED_FACE('',(#4526),#85,.F.);
#4992=ADVANCED_FACE('',(#4527),#86,.F.);
#4993=ADVANCED_FACE('',(#4528),#4749,.F.);
#4994=ADVANCED_FACE('',(#4529),#4750,.F.);
#4995=ADVANCED_FACE('',(#4530,#4531),#4751,.T.);
#4996=ADVANCED_FACE('',(#4532),#4752,.F.);
#4997=ADVANCED_FACE('',(#4533),#4753,.F.);
#4998=ADVANCED_FACE('',(#4534),#4754,.F.);
#4999=ADVANCED_FACE('',(#4535),#4755,.F.);
#5000=ADVANCED_FACE('',(#4536),#4756,.F.);
#5001=ADVANCED_FACE('',(#4537),#4757,.F.);
#5002=ADVANCED_FACE('',(#4538,#4539),#4758,.T.);
#5003=ADVANCED_FACE('',(#4540),#4759,.F.);
#5004=ADVANCED_FACE('',(#4541),#4760,.F.);
#5005=ADVANCED_FACE('',(#4542),#4761,.F.);
#5006=ADVANCED_FACE('',(#4543),#4762,.F.);
#5007=ADVANCED_FACE('',(#4544),#4763,.F.);
#5008=ADVANCED_FACE('',(#4545),#4764,.F.);
#5009=ADVANCED_FACE('',(#4546,#4547),#4765,.T.);
#5010=ADVANCED_FACE('',(#4548),#4766,.F.);
#5011=ADVANCED_FACE('',(#4549),#4767,.F.);
#5012=ADVANCED_FACE('',(#4550),#4768,.F.);
#5013=ADVANCED_FACE('',(#4551),#4769,.F.);
#5014=ADVANCED_FACE('',(#4552),#4770,.F.);
#5015=ADVANCED_FACE('',(#4553),#4771,.F.);
#5016=ADVANCED_FACE('',(#4554),#4772,.F.);
#5017=ADVANCED_FACE('',(#4555),#4773,.F.);
#5018=ADVANCED_FACE('',(#4556),#4774,.F.);
#5019=ADVANCED_FACE('',(#4557),#4775,.F.);
#5020=ADVANCED_FACE('',(#4558),#4776,.F.);
#5021=ADVANCED_FACE('',(#4559),#4777,.F.);
#5022=ADVANCED_FACE('',(#4560,#4561),#4778,.T.);
#5023=ADVANCED_FACE('',(#4562),#87,.T.);
#5024=ADVANCED_FACE('',(#4563),#4779,.T.);
#5025=ADVANCED_FACE('',(#4564),#4780,.T.);
#5026=ADVANCED_FACE('',(#4565),#88,.T.);
#5027=ADVANCED_FACE('',(#4566),#4781,.T.);
#5028=ADVANCED_FACE('',(#4567),#4782,.T.);
#5029=ADVANCED_FACE('',(#4568,#4569,#4570,#4571,#4572,#4573,#4574),#4783,
 .T.);
#5030=ADVANCED_FACE('',(#4575),#4784,.T.);
#5031=ADVANCED_FACE('',(#4576,#4577),#89,.T.);
#5032=ADVANCED_FACE('',(#4578),#4785,.F.);
#5033=ADVANCED_FACE('',(#4579),#4786,.F.);
#5034=ADVANCED_FACE('',(#4580),#90,.T.);
#5035=ADVANCED_FACE('',(#4581),#4787,.F.);
#5036=ADVANCED_FACE('',(#4582),#91,.T.);
#5037=ADVANCED_FACE('',(#4583,#4584),#92,.F.);
#5038=ADVANCED_FACE('',(#4585,#4586),#93,.F.);
#5039=ADVANCED_FACE('',(#4587,#4588),#94,.F.);
#5040=ADVANCED_FACE('',(#4589,#4590),#95,.F.);
#5041=ADVANCED_FACE('',(#4591,#4592),#33,.F.);
#5042=ADVANCED_FACE('',(#4593,#4594),#34,.F.);
#5043=ADVANCED_FACE('',(#4595,#4596),#35,.F.);
#5044=ADVANCED_FACE('',(#4597,#4598),#36,.F.);
#5045=ADVANCED_FACE('',(#4599),#4788,.T.);
#5046=ADVANCED_FACE('',(#4600),#4789,.T.);
#5047=ADVANCED_FACE('',(#4601),#4790,.T.);
#5048=ADVANCED_FACE('',(#4602),#4791,.T.);
#5049=ADVANCED_FACE('',(#4603),#4792,.T.);
#5050=ADVANCED_FACE('',(#4604),#4793,.T.);
#5051=ADVANCED_FACE('',(#4605,#4606),#37,.F.);
#5052=ADVANCED_FACE('',(#4607,#4608),#96,.F.);
#5053=ADVANCED_FACE('',(#4609,#4610),#38,.F.);
#5054=ADVANCED_FACE('',(#4611,#4612),#97,.F.);
#5055=ADVANCED_FACE('',(#4613),#4794,.F.);
#5056=ADVANCED_FACE('',(#4614),#4795,.F.);
#5057=CLOSED_SHELL('',(#4796,#4797,#4798,#4799,#4800,#4801,#4802,#4803,
#4804,#4805,#4806,#4807,#4808,#4809,#4810,#4811,#4812,#4813,#4814,#4815,
#4816,#4817,#4818,#4819,#4820,#4821,#4822,#4823,#4824,#4825,#4826,#4827,
#4828,#4829,#4830,#4831,#4832,#4833,#4834,#4835,#4836,#4837,#4838,#4839,
#4840,#4841,#4842,#4843,#4844,#4845,#4846,#4847,#4848,#4849,#4850,#4851,
#4852,#4853,#4854,#4855,#4856,#4857,#4858,#4859,#4860,#4861,#4862,#4863,
#4864,#4865,#4866,#4867,#4868,#4869,#4870,#4871,#4872,#4873,#4874,#4875,
#4876,#4877,#4878,#4879,#4880,#4881,#4882,#4883,#4884,#4885,#4886,#4887,
#4888,#4889,#4890,#4891,#4892,#4893,#4894,#4895,#4896,#4897,#4898,#4899,
#4900,#4901,#4902,#4903,#4904,#4905,#4906,#4907,#4908,#4909,#4910,#4911,
#4912,#4913,#4914,#4915,#4916,#4917,#4918,#4919,#4920,#4921,#4922,#4923,
#4924,#4925,#4926,#4927,#4928,#4929,#4930,#4931,#4932,#4933,#4934,#4935,
#4936,#4937,#4938,#4939,#4940,#4941,#4942,#4943,#4944,#4945,#4946,#4947,
#4948,#4949,#4950,#4951,#4952,#4953,#4954,#4955,#4956,#4957,#4958,#4959,
#4960,#4961,#4962,#4963,#4964,#4965,#4966,#4967,#4968,#4969,#4970,#4971,
#4972,#4973,#4974,#4975,#4976,#4977,#4978,#4979,#4980,#4981,#4982,#4983,
#4984,#4985,#4986,#4987,#4988,#4989,#4990,#4991,#4992,#4993,#4994,#4995,
#4996,#4997,#4998,#4999,#5000,#5001,#5002,#5003,#5004,#5005,#5006,#5007,
#5008,#5009,#5010,#5011,#5012,#5013,#5014,#5015,#5016,#5017,#5018,#5019,
#5020,#5021,#5022,#5023,#5024,#5025,#5026,#5027,#5028,#5029,#5030,#5031,
#5032,#5033,#5034,#5035,#5036,#5037,#5038,#5039,#5040,#5041,#5042,#5043,
#5044,#5045,#5046,#5047,#5048,#5049,#5050,#5051,#5052,#5053,#5054,#5055,
#5056));
#5058=STYLED_ITEM('',(#5059),#5066);
#5059=PRESENTATION_STYLE_ASSIGNMENT((#5060));
#5060=SURFACE_STYLE_USAGE(.BOTH.,#5061);
#5061=SURFACE_SIDE_STYLE('',(#5062));
#5062=SURFACE_STYLE_FILL_AREA(#5063);
#5063=FILL_AREA_STYLE('',(#5064));
#5064=FILL_AREA_STYLE_COLOUR('',#5065);
#5065=COLOUR_RGB('',0.768627450980392,0.207843137254902,0.152941176470588);
#5066=MANIFOLD_SOLID_BREP('Frame',#5057);
#5067=SHAPE_DEFINITION_REPRESENTATION(#8431,#5068);
#5068=SHAPE_REPRESENTATION('Frame',(#5069),#8426);
#5069=AXIS2_PLACEMENT_3D('',#6899,#5506,#5507);
#5070=AXIS2_PLACEMENT_3D('',#6900,#5508,#5509);
#5071=AXIS2_PLACEMENT_3D('',#6901,#5510,#5511);
#5072=AXIS2_PLACEMENT_3D('',#6903,#5512,#5513);
#5073=AXIS2_PLACEMENT_3D('',#6924,#5523,#5524);
#5074=AXIS2_PLACEMENT_3D('',#6932,#5528,#5529);
#5075=AXIS2_PLACEMENT_3D('',#6936,#5531,#5532);
#5076=AXIS2_PLACEMENT_3D('',#6940,#5534,#5535);
#5077=AXIS2_PLACEMENT_3D('',#6944,#5537,#5538);
#5078=AXIS2_PLACEMENT_3D('',#6956,#5544,#5545);
#5079=AXIS2_PLACEMENT_3D('',#6957,#5546,#5547);
#5080=AXIS2_PLACEMENT_3D('',#6971,#5555,#5556);
#5081=AXIS2_PLACEMENT_3D('',#6987,#5565,#5566);
#5082=AXIS2_PLACEMENT_3D('',#6991,#5568,#5569);
#5083=AXIS2_PLACEMENT_3D('',#6993,#5570,#5571);
#5084=AXIS2_PLACEMENT_3D('',#6997,#5573,#5574);
#5085=AXIS2_PLACEMENT_3D('',#7001,#5576,#5577);
#5086=AXIS2_PLACEMENT_3D('',#7005,#5579,#5580);
#5087=AXIS2_PLACEMENT_3D('',#7009,#5582,#5583);
#5088=AXIS2_PLACEMENT_3D('',#7013,#5585,#5586);
#5089=AXIS2_PLACEMENT_3D('',#7017,#5588,#5589);
#5090=AXIS2_PLACEMENT_3D('',#7021,#5591,#5592);
#5091=AXIS2_PLACEMENT_3D('',#7025,#5594,#5595);
#5092=AXIS2_PLACEMENT_3D('',#7029,#5597,#5598);
#5093=AXIS2_PLACEMENT_3D('',#7033,#5600,#5601);
#5094=AXIS2_PLACEMENT_3D('',#7037,#5603,#5604);
#5095=AXIS2_PLACEMENT_3D('',#7041,#5606,#5607);
#5096=AXIS2_PLACEMENT_3D('',#7045,#5609,#5610);
#5097=AXIS2_PLACEMENT_3D('',#7049,#5612,#5613);
#5098=AXIS2_PLACEMENT_3D('',#7053,#5615,#5616);
#5099=AXIS2_PLACEMENT_3D('',#7057,#5618,#5619);
#5100=AXIS2_PLACEMENT_3D('',#7061,#5621,#5622);
#5101=AXIS2_PLACEMENT_3D('',#7065,#5624,#5625);
#5102=AXIS2_PLACEMENT_3D('',#7069,#5627,#5628);
#5103=AXIS2_PLACEMENT_3D('',#7073,#5630,#5631);
#5104=AXIS2_PLACEMENT_3D('',#7077,#5633,#5634);
#5105=AXIS2_PLACEMENT_3D('',#7081,#5636,#5637);
#5106=AXIS2_PLACEMENT_3D('',#7105,#5650,#5651);
#5107=AXIS2_PLACEMENT_3D('',#7109,#5653,#5654);
#5108=AXIS2_PLACEMENT_3D('',#7116,#5658,#5659);
#5109=AXIS2_PLACEMENT_3D('',#7122,#5663,#5664);
#5110=AXIS2_PLACEMENT_3D('',#7128,#5668,#5669);
#5111=AXIS2_PLACEMENT_3D('',#7147,#5677,#5678);
#5112=AXIS2_PLACEMENT_3D('',#7157,#5684,#5685);
#5113=AXIS2_PLACEMENT_3D('',#7168,#5692,#5693);
#5114=AXIS2_PLACEMENT_3D('',#7180,#5700,#5701);
#5115=AXIS2_PLACEMENT_3D('',#7184,#5704,#5705);
#5116=AXIS2_PLACEMENT_3D('',#7188,#5708,#5709);
#5117=AXIS2_PLACEMENT_3D('',#7192,#5712,#5713);
#5118=AXIS2_PLACEMENT_3D('',#7196,#5716,#5717);
#5119=AXIS2_PLACEMENT_3D('',#7200,#5720,#5721);
#5120=AXIS2_PLACEMENT_3D('',#7202,#5723,#5724);
#5121=AXIS2_PLACEMENT_3D('',#7203,#5725,#5726);
#5122=AXIS2_PLACEMENT_3D('',#7205,#5727,#5728);
#5123=AXIS2_PLACEMENT_3D('',#7215,#5733,#5734);
#5124=AXIS2_PLACEMENT_3D('',#7221,#5738,#5739);
#5125=AXIS2_PLACEMENT_3D('',#7229,#5744,#5745);
#5126=AXIS2_PLACEMENT_3D('',#7233,#5748,#5749);
#5127=AXIS2_PLACEMENT_3D('',#7235,#5751,#5752);
#5128=AXIS2_PLACEMENT_3D('',#7239,#5755,#5756);
#5129=AXIS2_PLACEMENT_3D('',#7243,#5759,#5760);
#5130=AXIS2_PLACEMENT_3D('',#7245,#5762,#5763);
#5131=AXIS2_PLACEMENT_3D('',#7246,#5764,#5765);
#5132=AXIS2_PLACEMENT_3D('',#7248,#5766,#5767);
#5133=AXIS2_PLACEMENT_3D('',#7253,#5770,#5771);
#5134=AXIS2_PLACEMENT_3D('',#7261,#5774,#5775);
#5135=AXIS2_PLACEMENT_3D('',#7262,#5776,#5777);
#5136=AXIS2_PLACEMENT_3D('',#7264,#5778,#5779);
#5137=AXIS2_PLACEMENT_3D('',#7269,#5782,#5783);
#5138=AXIS2_PLACEMENT_3D('',#7277,#5786,#5787);
#5139=AXIS2_PLACEMENT_3D('',#7288,#5791,#5792);
#5140=AXIS2_PLACEMENT_3D('',#7299,#5796,#5797);
#5141=AXIS2_PLACEMENT_3D('',#7300,#5798,#5799);
#5142=AXIS2_PLACEMENT_3D('',#7305,#5801,#5802);
#5143=AXIS2_PLACEMENT_3D('',#7306,#5803,#5804);
#5144=AXIS2_PLACEMENT_3D('',#7307,#5805,#5806);
#5145=AXIS2_PLACEMENT_3D('',#7309,#5807,#5808);
#5146=AXIS2_PLACEMENT_3D('',#7313,#5811,#5812);
#5147=AXIS2_PLACEMENT_3D('',#7314,#5813,#5814);
#5148=AXIS2_PLACEMENT_3D('',#7319,#5816,#5817);
#5149=AXIS2_PLACEMENT_3D('',#7320,#5818,#5819);
#5150=AXIS2_PLACEMENT_3D('',#7321,#5820,#5821);
#5151=AXIS2_PLACEMENT_3D('',#7323,#5822,#5823);
#5152=AXIS2_PLACEMENT_3D('',#7327,#5826,#5827);
#5153=AXIS2_PLACEMENT_3D('',#7328,#5828,#5829);
#5154=AXIS2_PLACEMENT_3D('',#7331,#5831,#5832);
#5155=AXIS2_PLACEMENT_3D('',#7337,#5834,#5835);
#5156=AXIS2_PLACEMENT_3D('',#7338,#5836,#5837);
#5157=AXIS2_PLACEMENT_3D('',#7339,#5838,#5839);
#5158=AXIS2_PLACEMENT_3D('',#7340,#5840,#5841);
#5159=AXIS2_PLACEMENT_3D('',#7341,#5842,#5843);
#5160=AXIS2_PLACEMENT_3D('',#7344,#5845,#5846);
#5161=AXIS2_PLACEMENT_3D('',#7350,#5848,#5849);
#5162=AXIS2_PLACEMENT_3D('',#7351,#5850,#5851);
#5163=AXIS2_PLACEMENT_3D('',#7352,#5852,#5853);
#5164=AXIS2_PLACEMENT_3D('',#7360,#5856,#5857);
#5165=AXIS2_PLACEMENT_3D('',#7361,#5858,#5859);
#5166=AXIS2_PLACEMENT_3D('',#7362,#5860,#5861);
#5167=AXIS2_PLACEMENT_3D('',#7363,#5862,#5863);
#5168=AXIS2_PLACEMENT_3D('',#7364,#5864,#5865);
#5169=AXIS2_PLACEMENT_3D('',#7365,#5866,#5867);
#5170=AXIS2_PLACEMENT_3D('',#7368,#5869,#5870);
#5171=AXIS2_PLACEMENT_3D('',#7374,#5872,#5873);
#5172=AXIS2_PLACEMENT_3D('',#7375,#5874,#5875);
#5173=AXIS2_PLACEMENT_3D('',#7376,#5876,#5877);
#5174=AXIS2_PLACEMENT_3D('',#7377,#5878,#5879);
#5175=AXIS2_PLACEMENT_3D('',#7387,#5885,#5886);
#5176=AXIS2_PLACEMENT_3D('',#7391,#5889,#5890);
#5177=AXIS2_PLACEMENT_3D('',#7395,#5893,#5894);
#5178=AXIS2_PLACEMENT_3D('',#7399,#5897,#5898);
#5179=AXIS2_PLACEMENT_3D('',#7407,#5903,#5904);
#5180=AXIS2_PLACEMENT_3D('',#7410,#5907,#5908);
#5181=AXIS2_PLACEMENT_3D('',#7411,#5909,#5910);
#5182=AXIS2_PLACEMENT_3D('',#7416,#5912,#5913);
#5183=AXIS2_PLACEMENT_3D('',#7418,#5914,#5915);
#5184=AXIS2_PLACEMENT_3D('',#7421,#5917,#5918);
#5185=AXIS2_PLACEMENT_3D('',#7434,#5923,#5924);
#5186=AXIS2_PLACEMENT_3D('',#7435,#5925,#5926);
#5187=AXIS2_PLACEMENT_3D('',#7439,#5928,#5929);
#5188=AXIS2_PLACEMENT_3D('',#7441,#5930,#5931);
#5189=AXIS2_PLACEMENT_3D('',#7442,#5932,#5933);
#5190=AXIS2_PLACEMENT_3D('',#7455,#5938,#5939);
#5191=AXIS2_PLACEMENT_3D('',#7456,#5940,#5941);
#5192=AXIS2_PLACEMENT_3D('',#7460,#5943,#5944);
#5193=AXIS2_PLACEMENT_3D('',#7462,#5945,#5946);
#5194=AXIS2_PLACEMENT_3D('',#7463,#5947,#5948);
#5195=AXIS2_PLACEMENT_3D('',#7472,#5953,#5954);
#5196=AXIS2_PLACEMENT_3D('',#7484,#5959,#5960);
#5197=AXIS2_PLACEMENT_3D('',#7485,#5961,#5962);
#5198=AXIS2_PLACEMENT_3D('',#7489,#5964,#5965);
#5199=AXIS2_PLACEMENT_3D('',#7491,#5966,#5967);
#5200=AXIS2_PLACEMENT_3D('',#7492,#5968,#5969);
#5201=AXIS2_PLACEMENT_3D('',#7493,#5970,#5971);
#5202=AXIS2_PLACEMENT_3D('',#7495,#5972,#5973);
#5203=AXIS2_PLACEMENT_3D('',#7496,#5974,#5975);
#5204=AXIS2_PLACEMENT_3D('',#7498,#5976,#5977);
#5205=AXIS2_PLACEMENT_3D('',#7499,#5978,#5979);
#5206=AXIS2_PLACEMENT_3D('',#7501,#5980,#5981);
#5207=AXIS2_PLACEMENT_3D('',#7502,#5982,#5983);
#5208=AXIS2_PLACEMENT_3D('',#7504,#5984,#5985);
#5209=AXIS2_PLACEMENT_3D('',#7505,#5986,#5987);
#5210=AXIS2_PLACEMENT_3D('',#7510,#5989,#5990);
#5211=AXIS2_PLACEMENT_3D('',#7516,#5993,#5994);
#5212=AXIS2_PLACEMENT_3D('',#7522,#5997,#5998);
#5213=AXIS2_PLACEMENT_3D('',#7525,#6000,#6001);
#5214=AXIS2_PLACEMENT_3D('',#7526,#6002,#6003);
#5215=AXIS2_PLACEMENT_3D('',#7531,#6005,#6006);
#5216=AXIS2_PLACEMENT_3D('',#7535,#6008,#6009);
#5217=AXIS2_PLACEMENT_3D('',#7541,#6012,#6013);
#5218=AXIS2_PLACEMENT_3D('',#7546,#6016,#6017);
#5219=AXIS2_PLACEMENT_3D('',#7554,#6022,#6023);
#5220=AXIS2_PLACEMENT_3D('',#7558,#6026,#6027);
#5221=AXIS2_PLACEMENT_3D('',#7561,#6029,#6030);
#5222=AXIS2_PLACEMENT_3D('',#7566,#6033,#6034);
#5223=AXIS2_PLACEMENT_3D('',#7570,#6037,#6038);
#5224=AXIS2_PLACEMENT_3D('',#7571,#6039,#6040);
#5225=AXIS2_PLACEMENT_3D('',#7574,#6042,#6043);
#5226=AXIS2_PLACEMENT_3D('',#7580,#6047,#6048);
#5227=AXIS2_PLACEMENT_3D('',#7582,#6050,#6051);
#5228=AXIS2_PLACEMENT_3D('',#7590,#6056,#6057);
#5229=AXIS2_PLACEMENT_3D('',#7594,#6060,#6061);
#5230=AXIS2_PLACEMENT_3D('',#7597,#6063,#6064);
#5231=AXIS2_PLACEMENT_3D('',#7598,#6065,#6066);
#5232=AXIS2_PLACEMENT_3D('',#7601,#6067,#6068);
#5233=AXIS2_PLACEMENT_3D('',#7603,#6070,#6071);
#5234=AXIS2_PLACEMENT_3D('',#7609,#6075,#6076);
#5235=AXIS2_PLACEMENT_3D('',#7612,#6079,#6080);
#5236=AXIS2_PLACEMENT_3D('',#7621,#6085,#6086);
#5237=AXIS2_PLACEMENT_3D('',#7628,#6089,#6090);
#5238=AXIS2_PLACEMENT_3D('',#7630,#6092,#6093);
#5239=AXIS2_PLACEMENT_3D('',#7634,#6096,#6097);
#5240=AXIS2_PLACEMENT_3D('',#7636,#6099,#6100);
#5241=AXIS2_PLACEMENT_3D('',#7644,#6103,#6104);
#5242=AXIS2_PLACEMENT_3D('',#7645,#6105,#6106);
#5243=AXIS2_PLACEMENT_3D('',#7646,#6107,#6108);
#5244=AXIS2_PLACEMENT_3D('',#7652,#6110,#6111);
#5245=AXIS2_PLACEMENT_3D('',#7653,#6112,#6113);
#5246=AXIS2_PLACEMENT_3D('',#7654,#6114,#6115);
#5247=AXIS2_PLACEMENT_3D('',#7662,#6118,#6119);
#5248=AXIS2_PLACEMENT_3D('',#7663,#6120,#6121);
#5249=AXIS2_PLACEMENT_3D('',#7664,#6122,#6123);
#5250=AXIS2_PLACEMENT_3D('',#7670,#6125,#6126);
#5251=AXIS2_PLACEMENT_3D('',#7671,#6127,#6128);
#5252=AXIS2_PLACEMENT_3D('',#7672,#6129,#6130);
#5253=AXIS2_PLACEMENT_3D('',#7686,#6134,#6135);
#5254=AXIS2_PLACEMENT_3D('',#7687,#6136,#6137);
#5255=AXIS2_PLACEMENT_3D('',#7690,#6138,#6139);
#5256=AXIS2_PLACEMENT_3D('',#7691,#6140,#6141);
#5257=AXIS2_PLACEMENT_3D('',#7692,#6142,#6143);
#5258=AXIS2_PLACEMENT_3D('',#7695,#6145,#6146);
#5259=AXIS2_PLACEMENT_3D('',#7700,#6149,#6150);
#5260=AXIS2_PLACEMENT_3D('',#7704,#6152,#6153);
#5261=AXIS2_PLACEMENT_3D('',#7707,#6155,#6156);
#5262=AXIS2_PLACEMENT_3D('',#7717,#6160,#6161);
#5263=AXIS2_PLACEMENT_3D('',#7731,#6165,#6166);
#5264=AXIS2_PLACEMENT_3D('',#7739,#6169,#6170);
#5265=AXIS2_PLACEMENT_3D('',#7740,#6171,#6172);
#5266=AXIS2_PLACEMENT_3D('',#7741,#6173,#6174);
#5267=AXIS2_PLACEMENT_3D('',#7747,#6178,#6179);
#5268=AXIS2_PLACEMENT_3D('',#7748,#6180,#6181);
#5269=AXIS2_PLACEMENT_3D('',#7749,#6182,#6183);
#5270=AXIS2_PLACEMENT_3D('',#7750,#6184,#6185);
#5271=AXIS2_PLACEMENT_3D('',#7751,#6186,#6187);
#5272=AXIS2_PLACEMENT_3D('',#7757,#6191,#6192);
#5273=AXIS2_PLACEMENT_3D('',#7758,#6193,#6194);
#5274=AXIS2_PLACEMENT_3D('',#7760,#6195,#6196);
#5275=AXIS2_PLACEMENT_3D('',#7761,#6197,#6198);
#5276=AXIS2_PLACEMENT_3D('',#7762,#6199,#6200);
#5277=AXIS2_PLACEMENT_3D('',#7763,#6201,#6202);
#5278=AXIS2_PLACEMENT_3D('',#7764,#6203,#6204);
#5279=AXIS2_PLACEMENT_3D('',#7769,#6205,#6206);
#5280=AXIS2_PLACEMENT_3D('',#7784,#6213,#6214);
#5281=AXIS2_PLACEMENT_3D('',#7785,#6215,#6216);
#5282=AXIS2_PLACEMENT_3D('',#7787,#6217,#6218);
#5283=AXIS2_PLACEMENT_3D('',#7790,#6220,#6221);
#5284=AXIS2_PLACEMENT_3D('',#7793,#6224,#6225);
#5285=AXIS2_PLACEMENT_3D('',#7798,#6226,#6227);
#5286=AXIS2_PLACEMENT_3D('',#7799,#6228,#6229);
#5287=AXIS2_PLACEMENT_3D('',#7800,#6230,#6231);
#5288=AXIS2_PLACEMENT_3D('',#7806,#6235,#6236);
#5289=AXIS2_PLACEMENT_3D('',#7807,#6237,#6238);
#5290=AXIS2_PLACEMENT_3D('',#7808,#6239,#6240);
#5291=AXIS2_PLACEMENT_3D('',#7809,#6241,#6242);
#5292=AXIS2_PLACEMENT_3D('',#7810,#6243,#6244);
#5293=AXIS2_PLACEMENT_3D('',#7811,#6245,#6246);
#5294=AXIS2_PLACEMENT_3D('',#7812,#6247,#6248);
#5295=AXIS2_PLACEMENT_3D('',#7813,#6249,#6250);
#5296=AXIS2_PLACEMENT_3D('',#7814,#6251,#6252);
#5297=AXIS2_PLACEMENT_3D('',#7816,#6253,#6254);
#5298=AXIS2_PLACEMENT_3D('',#7817,#6255,#6256);
#5299=AXIS2_PLACEMENT_3D('',#7818,#6257,#6258);
#5300=AXIS2_PLACEMENT_3D('',#7819,#6259,#6260);
#5301=AXIS2_PLACEMENT_3D('',#7822,#6262,#6263);
#5302=AXIS2_PLACEMENT_3D('',#7828,#6265,#6266);
#5303=AXIS2_PLACEMENT_3D('',#7829,#6267,#6268);
#5304=AXIS2_PLACEMENT_3D('',#7830,#6269,#6270);
#5305=AXIS2_PLACEMENT_3D('',#7831,#6271,#6272);
#5306=AXIS2_PLACEMENT_3D('',#7835,#6273,#6274);
#5307=AXIS2_PLACEMENT_3D('',#7836,#6275,#6276);
#5308=AXIS2_PLACEMENT_3D('',#7837,#6277,#6278);
#5309=AXIS2_PLACEMENT_3D('',#7838,#6279,#6280);
#5310=AXIS2_PLACEMENT_3D('',#7839,#6281,#6282);
#5311=AXIS2_PLACEMENT_3D('',#7845,#6286,#6287);
#5312=AXIS2_PLACEMENT_3D('',#7846,#6288,#6289);
#5313=AXIS2_PLACEMENT_3D('',#7849,#6291,#6292);
#5314=AXIS2_PLACEMENT_3D('',#7855,#6296,#6297);
#5315=AXIS2_PLACEMENT_3D('',#7856,#6298,#6299);
#5316=AXIS2_PLACEMENT_3D('',#7857,#6300,#6301);
#5317=AXIS2_PLACEMENT_3D('',#7861,#6304,#6305);
#5318=AXIS2_PLACEMENT_3D('',#7862,#6306,#6307);
#5319=AXIS2_PLACEMENT_3D('',#7863,#6308,#6309);
#5320=AXIS2_PLACEMENT_3D('',#7869,#6313,#6314);
#5321=AXIS2_PLACEMENT_3D('',#7870,#6315,#6316);
#5322=AXIS2_PLACEMENT_3D('',#7873,#6318,#6319);
#5323=AXIS2_PLACEMENT_3D('',#7879,#6323,#6324);
#5324=AXIS2_PLACEMENT_3D('',#7880,#6325,#6326);
#5325=AXIS2_PLACEMENT_3D('',#7881,#6327,#6328);
#5326=AXIS2_PLACEMENT_3D('',#7887,#6332,#6333);
#5327=AXIS2_PLACEMENT_3D('',#7888,#6334,#6335);
#5328=AXIS2_PLACEMENT_3D('',#7889,#6336,#6337);
#5329=AXIS2_PLACEMENT_3D('',#7895,#6341,#6342);
#5330=AXIS2_PLACEMENT_3D('',#7896,#6343,#6344);
#5331=AXIS2_PLACEMENT_3D('',#7899,#6346,#6347);
#5332=AXIS2_PLACEMENT_3D('',#7903,#6350,#6351);
#5333=AXIS2_PLACEMENT_3D('',#7904,#6352,#6353);
#5334=AXIS2_PLACEMENT_3D('',#7905,#6354,#6355);
#5335=AXIS2_PLACEMENT_3D('',#7909,#6358,#6359);
#5336=AXIS2_PLACEMENT_3D('',#7910,#6360,#6361);
#5337=AXIS2_PLACEMENT_3D('',#7912,#6362,#6363);
#5338=AXIS2_PLACEMENT_3D('',#7915,#6365,#6366);
#5339=AXIS2_PLACEMENT_3D('',#7921,#6370,#6371);
#5340=AXIS2_PLACEMENT_3D('',#7922,#6372,#6373);
#5341=AXIS2_PLACEMENT_3D('',#7924,#6374,#6375);
#5342=AXIS2_PLACEMENT_3D('',#7927,#6377,#6378);
#5343=AXIS2_PLACEMENT_3D('',#7931,#6381,#6382);
#5344=AXIS2_PLACEMENT_3D('',#7932,#6383,#6384);
#5345=AXIS2_PLACEMENT_3D('',#7934,#6385,#6386);
#5346=AXIS2_PLACEMENT_3D('',#7937,#6388,#6389);
#5347=AXIS2_PLACEMENT_3D('',#7943,#6393,#6394);
#5348=AXIS2_PLACEMENT_3D('',#7944,#6395,#6396);
#5349=AXIS2_PLACEMENT_3D('',#7947,#6398,#6399);
#5350=AXIS2_PLACEMENT_3D('',#7951,#6402,#6403);
#5351=AXIS2_PLACEMENT_3D('',#7952,#6404,#6405);
#5352=AXIS2_PLACEMENT_3D('',#7955,#6407,#6408);
#5353=AXIS2_PLACEMENT_3D('',#7959,#6411,#6412);
#5354=AXIS2_PLACEMENT_3D('',#7960,#6413,#6414);
#5355=AXIS2_PLACEMENT_3D('',#7961,#6415,#6416);
#5356=AXIS2_PLACEMENT_3D('',#7967,#6420,#6421);
#5357=AXIS2_PLACEMENT_3D('',#7968,#6422,#6423);
#5358=AXIS2_PLACEMENT_3D('',#7971,#6425,#6426);
#5359=AXIS2_PLACEMENT_3D('',#7977,#6430,#6431);
#5360=AXIS2_PLACEMENT_3D('',#7978,#6432,#6433);
#5361=AXIS2_PLACEMENT_3D('',#7979,#6434,#6435);
#5362=AXIS2_PLACEMENT_3D('',#7985,#6439,#6440);
#5363=AXIS2_PLACEMENT_3D('',#7986,#6441,#6442);
#5364=AXIS2_PLACEMENT_3D('',#7987,#6443,#6444);
#5365=AXIS2_PLACEMENT_3D('',#7991,#6447,#6448);
#5366=AXIS2_PLACEMENT_3D('',#7992,#6449,#6450);
#5367=AXIS2_PLACEMENT_3D('',#7993,#6451,#6452);
#5368=AXIS2_PLACEMENT_3D('',#7999,#6456,#6457);
#5369=AXIS2_PLACEMENT_3D('',#8000,#6458,#6459);
#5370=AXIS2_PLACEMENT_3D('',#8001,#6460,#6461);
#5371=AXIS2_PLACEMENT_3D('',#8007,#6465,#6466);
#5372=AXIS2_PLACEMENT_3D('',#8008,#6467,#6468);
#5373=AXIS2_PLACEMENT_3D('',#8009,#6469,#6470);
#5374=AXIS2_PLACEMENT_3D('',#8013,#6473,#6474);
#5375=AXIS2_PLACEMENT_3D('',#8014,#6475,#6476);
#5376=AXIS2_PLACEMENT_3D('',#8015,#6477,#6478);
#5377=AXIS2_PLACEMENT_3D('',#8019,#6481,#6482);
#5378=AXIS2_PLACEMENT_3D('',#8020,#6483,#6484);
#5379=AXIS2_PLACEMENT_3D('',#8022,#6485,#6486);
#5380=AXIS2_PLACEMENT_3D('',#8023,#6487,#6488);
#5381=AXIS2_PLACEMENT_3D('',#8041,#6497,#6498);
#5382=AXIS2_PLACEMENT_3D('',#8044,#6500,#6501);
#5383=AXIS2_PLACEMENT_3D('',#8050,#6505,#6506);
#5384=AXIS2_PLACEMENT_3D('',#8056,#6510,#6511);
#5385=AXIS2_PLACEMENT_3D('',#8059,#6513,#6514);
#5386=AXIS2_PLACEMENT_3D('',#8062,#6516,#6517);
#5387=AXIS2_PLACEMENT_3D('',#8066,#6520,#6521);
#5388=AXIS2_PLACEMENT_3D('',#8084,#6530,#6531);
#5389=AXIS2_PLACEMENT_3D('',#8087,#6533,#6534);
#5390=AXIS2_PLACEMENT_3D('',#8093,#6538,#6539);
#5391=AXIS2_PLACEMENT_3D('',#8096,#6541,#6542);
#5392=AXIS2_PLACEMENT_3D('',#8099,#6544,#6545);
#5393=AXIS2_PLACEMENT_3D('',#8103,#6548,#6549);
#5394=AXIS2_PLACEMENT_3D('',#8104,#6550,#6551);
#5395=AXIS2_PLACEMENT_3D('',#8109,#6553,#6554);
#5396=AXIS2_PLACEMENT_3D('',#8112,#6556,#6557);
#5397=AXIS2_PLACEMENT_3D('',#8121,#6562,#6563);
#5398=AXIS2_PLACEMENT_3D('',#8127,#6567,#6568);
#5399=AXIS2_PLACEMENT_3D('',#8136,#6573,#6574);
#5400=AXIS2_PLACEMENT_3D('',#8142,#6578,#6579);
#5401=AXIS2_PLACEMENT_3D('',#8151,#6584,#6585);
#5402=AXIS2_PLACEMENT_3D('',#8157,#6589,#6590);
#5403=AXIS2_PLACEMENT_3D('',#8161,#6593,#6594);
#5404=AXIS2_PLACEMENT_3D('',#8175,#6602,#6603);
#5405=AXIS2_PLACEMENT_3D('',#8176,#6604,#6605);
#5406=AXIS2_PLACEMENT_3D('',#8180,#6608,#6609);
#5407=AXIS2_PLACEMENT_3D('',#8194,#6617,#6618);
#5408=AXIS2_PLACEMENT_3D('',#8195,#6619,#6620);
#5409=AXIS2_PLACEMENT_3D('',#8196,#6621,#6622);
#5410=AXIS2_PLACEMENT_3D('',#8197,#6623,#6624);
#5411=AXIS2_PLACEMENT_3D('',#8198,#6625,#6626);
#5412=AXIS2_PLACEMENT_3D('',#8209,#6634,#6635);
#5413=AXIS2_PLACEMENT_3D('',#8215,#6639,#6640);
#5414=AXIS2_PLACEMENT_3D('',#8217,#6642,#6643);
#5415=AXIS2_PLACEMENT_3D('',#8221,#6645,#6646);
#5416=AXIS2_PLACEMENT_3D('',#8223,#6647,#6648);
#5417=AXIS2_PLACEMENT_3D('',#8226,#6650,#6651);
#5418=AXIS2_PLACEMENT_3D('',#8230,#6653,#6654);
#5419=AXIS2_PLACEMENT_3D('',#8231,#6655,#6656);
#5420=AXIS2_PLACEMENT_3D('',#8233,#6658,#6659);
#5421=AXIS2_PLACEMENT_3D('',#8236,#6662,#6663);
#5422=AXIS2_PLACEMENT_3D('',#8238,#6665,#6666);
#5423=AXIS2_PLACEMENT_3D('',#8239,#6667,#6668);
#5424=AXIS2_PLACEMENT_3D('',#8240,#6669,#6670);
#5425=AXIS2_PLACEMENT_3D('',#8241,#6671,#6672);
#5426=AXIS2_PLACEMENT_3D('',#8242,#6673,#6674);
#5427=AXIS2_PLACEMENT_3D('',#8243,#6675,#6676);
#5428=AXIS2_PLACEMENT_3D('',#8244,#6677,#6678);
#5429=AXIS2_PLACEMENT_3D('',#8248,#6681,#6682);
#5430=AXIS2_PLACEMENT_3D('',#8250,#6684,#6685);
#5431=AXIS2_PLACEMENT_3D('',#8263,#6692,#6693);
#5432=AXIS2_PLACEMENT_3D('',#8266,#6696,#6697);
#5433=AXIS2_PLACEMENT_3D('',#8268,#6699,#6700);
#5434=AXIS2_PLACEMENT_3D('',#8270,#6702,#6703);
#5435=AXIS2_PLACEMENT_3D('',#8272,#6705,#6706);
#5436=AXIS2_PLACEMENT_3D('',#8274,#6708,#6709);
#5437=AXIS2_PLACEMENT_3D('',#8275,#6710,#6711);
#5438=AXIS2_PLACEMENT_3D('',#8288,#6718,#6719);
#5439=AXIS2_PLACEMENT_3D('',#8291,#6722,#6723);
#5440=AXIS2_PLACEMENT_3D('',#8293,#6725,#6726);
#5441=AXIS2_PLACEMENT_3D('',#8295,#6728,#6729);
#5442=AXIS2_PLACEMENT_3D('',#8297,#6731,#6732);
#5443=AXIS2_PLACEMENT_3D('',#8299,#6734,#6735);
#5444=AXIS2_PLACEMENT_3D('',#8300,#6736,#6737);
#5445=AXIS2_PLACEMENT_3D('',#8313,#6744,#6745);
#5446=AXIS2_PLACEMENT_3D('',#8316,#6748,#6749);
#5447=AXIS2_PLACEMENT_3D('',#8318,#6751,#6752);
#5448=AXIS2_PLACEMENT_3D('',#8320,#6754,#6755);
#5449=AXIS2_PLACEMENT_3D('',#8322,#6757,#6758);
#5450=AXIS2_PLACEMENT_3D('',#8324,#6760,#6761);
#5451=AXIS2_PLACEMENT_3D('',#8325,#6762,#6763);
#5452=AXIS2_PLACEMENT_3D('',#8331,#6767,#6768);
#5453=AXIS2_PLACEMENT_3D('',#8335,#6771,#6772);
#5454=AXIS2_PLACEMENT_3D('',#8339,#6775,#6776);
#5455=AXIS2_PLACEMENT_3D('',#8343,#6779,#6780);
#5456=AXIS2_PLACEMENT_3D('',#8347,#6783,#6784);
#5457=AXIS2_PLACEMENT_3D('',#8349,#6786,#6787);
#5458=AXIS2_PLACEMENT_3D('',#8350,#6788,#6789);
#5459=AXIS2_PLACEMENT_3D('',#8351,#6790,#6791);
#5460=AXIS2_PLACEMENT_3D('',#8354,#6793,#6794);
#5461=AXIS2_PLACEMENT_3D('',#8355,#6795,#6796);
#5462=AXIS2_PLACEMENT_3D('',#8359,#6799,#6800);
#5463=AXIS2_PLACEMENT_3D('',#8361,#6802,#6803);
#5464=AXIS2_PLACEMENT_3D('',#8366,#6808,#6809);
#5465=AXIS2_PLACEMENT_3D('',#8367,#6810,#6811);
#5466=AXIS2_PLACEMENT_3D('',#8368,#6812,#6813);
#5467=AXIS2_PLACEMENT_3D('',#8370,#6815,#6816);
#5468=AXIS2_PLACEMENT_3D('',#8372,#6818,#6819);
#5469=AXIS2_PLACEMENT_3D('',#8376,#6822,#6823);
#5470=AXIS2_PLACEMENT_3D('',#8377,#6824,#6825);
#5471=AXIS2_PLACEMENT_3D('',#8378,#6826,#6827);
#5472=AXIS2_PLACEMENT_3D('',#8380,#6828,#6829);
#5473=AXIS2_PLACEMENT_3D('',#8381,#6830,#6831);
#5474=AXIS2_PLACEMENT_3D('',#8383,#6833,#6834);
#5475=AXIS2_PLACEMENT_3D('',#8384,#6835,#6836);
#5476=AXIS2_PLACEMENT_3D('',#8386,#6838,#6839);
#5477=AXIS2_PLACEMENT_3D('',#8388,#6841,#6842);
#5478=AXIS2_PLACEMENT_3D('',#8389,#6843,#6844);
#5479=AXIS2_PLACEMENT_3D('',#8390,#6845,#6846);
#5480=AXIS2_PLACEMENT_3D('',#8392,#6847,#6848);
#5481=AXIS2_PLACEMENT_3D('',#8393,#6849,#6850);
#5482=AXIS2_PLACEMENT_3D('',#8394,#6851,#6852);
#5483=AXIS2_PLACEMENT_3D('',#8396,#6853,#6854);
#5484=AXIS2_PLACEMENT_3D('',#8397,#6855,#6856);
#5485=AXIS2_PLACEMENT_3D('',#8399,#6857,#6858);
#5486=AXIS2_PLACEMENT_3D('',#8400,#6859,#6860);
#5487=AXIS2_PLACEMENT_3D('',#8402,#6861,#6862);
#5488=AXIS2_PLACEMENT_3D('',#8403,#6863,#6864);
#5489=AXIS2_PLACEMENT_3D('',#8404,#6865,#6866);
#5490=AXIS2_PLACEMENT_3D('',#8405,#6867,#6868);
#5491=AXIS2_PLACEMENT_3D('',#8406,#6869,#6870);
#5492=AXIS2_PLACEMENT_3D('',#8407,#6871,#6872);
#5493=AXIS2_PLACEMENT_3D('',#8408,#6873,#6874);
#5494=AXIS2_PLACEMENT_3D('',#8409,#6875,#6876);
#5495=AXIS2_PLACEMENT_3D('',#8410,#6877,#6878);
#5496=AXIS2_PLACEMENT_3D('',#8411,#6879,#6880);
#5497=AXIS2_PLACEMENT_3D('',#8412,#6881,#6882);
#5498=AXIS2_PLACEMENT_3D('',#8413,#6883,#6884);
#5499=AXIS2_PLACEMENT_3D('',#8415,#6885,#6886);
#5500=AXIS2_PLACEMENT_3D('',#8417,#6887,#6888);
#5501=AXIS2_PLACEMENT_3D('',#8418,#6889,#6890);
#5502=AXIS2_PLACEMENT_3D('',#8420,#6891,#6892);
#5503=AXIS2_PLACEMENT_3D('',#8422,#6893,#6894);
#5504=AXIS2_PLACEMENT_3D('',#8423,#6895,#6896);
#5505=AXIS2_PLACEMENT_3D('',#8424,#6897,#6898);
#5506=DIRECTION('',(0.,0.,1.));
#5507=DIRECTION('',(1.,0.,0.));
#5508=DIRECTION('',(-1.55431223447522E-15,-1.,-4.31252256127834E-15));
#5509=DIRECTION('',(1.,-1.55431223447523E-15,1.62023172656235E-15));
#5510=DIRECTION('',(-1.55431223447522E-15,-1.,-4.31252256127834E-15));
#5511=DIRECTION('',(0.,4.31252256127834E-15,-1.));
#5512=DIRECTION('',(-1.55431223447522E-15,-1.,-4.31252256127834E-15));
#5513=DIRECTION('',(0.,4.31252256127834E-15,-1.));
#5514=DIRECTION('',(1.62023172656236E-15,4.31252256127834E-15,-1.));
#5515=DIRECTION('',(-0.707106781186547,4.14847866817854E-15,-0.707106781186548));
#5516=DIRECTION('',(-0.707106781186549,-1.95034922602124E-15,0.707106781186546));
#5517=DIRECTION('',(-1.62023172656236E-15,-4.31252256127834E-15,1.));
#5518=DIRECTION('',(0.707106781186547,-4.14847866817854E-15,0.707106781186548));
#5519=DIRECTION('',(0.707106781186549,1.95034922602124E-15,-0.707106781186546));
#5520=DIRECTION('',(-1.,1.55431223447523E-15,-1.62023172656235E-15));
#5521=DIRECTION('',(1.04912921784394E-14,-4.31252256127836E-15,1.));
#5522=DIRECTION('',(1.,-1.55431223447523E-15,1.62023172656235E-15));
#5523=DIRECTION('',(1.55431223447522E-15,1.,4.31252256127834E-15));
#5524=DIRECTION('',(1.62023172656236E-15,4.31252256127834E-15,-1.));
#5525=DIRECTION('',(-1.,1.55431223447523E-15,-1.62023172656235E-15));
#5526=DIRECTION('',(1.04912921784394E-14,-4.31252256127836E-15,1.));
#5527=DIRECTION('',(1.,-1.55431223447523E-15,1.62023172656235E-15));
#5528=DIRECTION('',(1.55431223447522E-15,1.,4.31252256127834E-15));
#5529=DIRECTION('',(1.62023172656236E-15,4.31252256127834E-15,-1.));
#5530=DIRECTION('',(-1.62023172656236E-15,-4.31252256127834E-15,1.));
#5531=DIRECTION('',(-1.55431223447522E-15,-1.,-4.31252256127834E-15));
#5532=DIRECTION('',(0.,4.31252256127834E-15,-1.));
#5533=DIRECTION('',(-1.62023172656236E-15,-4.31252256127834E-15,1.));
#5534=DIRECTION('',(-1.55431223447522E-15,-1.,-4.31252256127834E-15));
#5535=DIRECTION('',(0.,4.31252256127834E-15,-1.));
#5536=DIRECTION('',(-1.62023172656236E-15,-4.31252256127834E-15,1.));
#5537=DIRECTION('',(1.55431223447522E-15,1.,4.31252256127834E-15));
#5538=DIRECTION('',(1.62023172656236E-15,4.31252256127834E-15,-1.));
#5539=DIRECTION('',(-1.62023172656236E-15,-4.31252256127834E-15,1.));
#5540=DIRECTION('',(1.,-1.55431223447523E-15,1.62023172656235E-15));
#5541=DIRECTION('',(-1.62023172656236E-15,-4.31252256127834E-15,1.));
#5542=DIRECTION('',(1.,-1.55431223447523E-15,1.62023172656235E-15));
#5543=DIRECTION('',(-1.62023172656236E-15,-4.31252256127834E-15,1.));
#5544=DIRECTION('',(1.55431223447522E-15,1.,4.31252256127834E-15));
#5545=DIRECTION('',(1.62023172656236E-15,4.31252256127834E-15,-1.));
#5546=DIRECTION('',(-1.62023172656236E-15,-4.31252256127834E-15,1.));
#5547=DIRECTION('',(-1.55431223447522E-15,-1.,-4.31252256127834E-15));
#5548=DIRECTION('',(-1.,1.55431223447523E-15,-1.62023172656235E-15));
#5549=DIRECTION('',(1.55431223447522E-15,1.,4.31252256127834E-15));
#5550=DIRECTION('',(0.707106781186549,0.707106781186547,4.19509078804572E-15));
#5551=DIRECTION('',(1.55431223447522E-15,1.,4.31252256127834E-15));
#5552=DIRECTION('',(1.55431223447522E-15,1.,4.31252256127834E-15));
#5553=DIRECTION('',(1.,-1.55431223447523E-15,1.62023172656235E-15));
#5554=DIRECTION('',(-1.55431223447522E-15,-1.,-4.31252256127834E-15));
#5555=DIRECTION('',(-1.62023172656236E-15,-4.31252256127834E-15,1.));
#5556=DIRECTION('',(-1.,1.55431223447523E-15,-1.62023172656235E-15));
#5557=DIRECTION('',(-1.,1.55431223447523E-15,-1.62023172656235E-15));
#5558=DIRECTION('',(-1.55431223447522E-15,-1.,-4.31252256127834E-15));
#5559=DIRECTION('',(1.,-1.55431223447523E-15,1.62023172656235E-15));
#5560=DIRECTION('',(-1.55431223447522E-15,-1.,-4.31252256127834E-15));
#5561=DIRECTION('',(1.,-1.55431223447523E-15,1.62023172656235E-15));
#5562=DIRECTION('',(1.55431223447522E-15,1.,4.31252256127834E-15));
#5563=DIRECTION('',(-0.707106781186549,-0.707106781186547,-4.19509078804572E-15));
#5564=DIRECTION('',(1.55431223447522E-15,1.,4.31252256127834E-15));
#5565=DIRECTION('',(-1.,1.55431223447523E-15,-1.62023172656235E-15));
#5566=DIRECTION('',(-1.55431223447522E-15,-1.,-4.31252256127834E-15));
#5567=DIRECTION('',(-1.55431223447522E-15,-1.,-4.31252256127834E-15));
#5568=DIRECTION('',(-1.,1.55431223447523E-15,-1.62023172656235E-15));
#5569=DIRECTION('',(1.55431223447522E-15,1.,4.31252256127834E-15));
#5570=DIRECTION('',(-1.,1.55431223447523E-15,-1.62023172656235E-15));
#5571=DIRECTION('',(1.55431223447522E-15,1.,4.31252256127834E-15));
#5572=DIRECTION('',(7.39919721430428E-16,0.909462623184955,0.415785686417342));
#5573=DIRECTION('',(-1.,1.55431223447523E-15,-1.62023172656235E-15));
#5574=DIRECTION('',(1.17399634816378E-15,0.97710353166513,0.212764396475372));
#5575=DIRECTION('',(-1.55431223447522E-15,-1.,-4.31252256127834E-15));
#5576=DIRECTION('',(-1.,1.55431223447523E-15,-1.62023172656235E-15));
#5577=DIRECTION('',(-2.1092428714345E-15,-0.897670796167793,0.440666701382668));
#5578=DIRECTION('',(2.23249922094845E-15,0.611625716585032,-0.791147257349633));
#5579=DIRECTION('',(-1.,1.55431223447523E-15,-1.62023172656235E-15));
#5580=DIRECTION('',(7.69501058674611E-16,-0.440666701382671,-0.897670796167791));
#5581=DIRECTION('',(1.55431223447522E-15,1.,4.31252256127834E-15));
#5582=DIRECTION('',(-1.,1.55431223447523E-15,-1.62023172656235E-15));
#5583=DIRECTION('',(1.91383644664235E-15,0.212764396475358,-0.977103531665134));
#5584=DIRECTION('',(-1.55431223447522E-15,-1.,-4.31252256127834E-15));
#5585=DIRECTION('',(-1.,1.55431223447523E-15,-1.62023172656235E-15));
#5586=DIRECTION('',(-1.95070749890139E-15,-0.958760558299265,0.284215045079744));
#5587=DIRECTION('',(2.18621058697531E-15,0.838443616300639,-0.54498835059541));
#5588=DIRECTION('',(-1.,1.55431223447523E-15,-1.62023172656235E-15));
#5589=DIRECTION('',(2.16541753899347E-15,0.476975706616488,-0.878916477998736));
#5590=DIRECTION('',(-1.62023172656236E-15,-4.31252256127834E-15,1.));
#5591=DIRECTION('',(-1.,1.55431223447523E-15,-1.62023172656235E-15));
#5592=DIRECTION('',(-4.66121198671783E-17,0.707106781186547,0.707106781186548));
#5593=DIRECTION('',(-1.55431223447522E-15,-1.,-4.46973298344597E-15));
#5594=DIRECTION('',(-1.,1.55431223447523E-15,-1.62023172656235E-15));
#5595=DIRECTION('',(-2.18309621372412E-15,-0.504530737667561,0.863393731010729));
#5596=DIRECTION('',(6.48566051743745E-16,-0.490897469497257,-0.871217352008779));
#5597=DIRECTION('',(-1.,1.55431223447523E-15,-1.62023172656235E-15));
#5598=DIRECTION('',(-5.24526731084302E-16,-0.863393731010729,-0.504530737667561));
#5599=DIRECTION('',(1.55431223447522E-15,1.,4.31252256127834E-15));
#5600=DIRECTION('',(-1.,1.55431223447523E-15,-1.62023172656235E-15));
#5601=DIRECTION('',(1.95070749890139E-15,0.958760558299266,-0.284215045079742));
#5602=DIRECTION('',(-2.18621058697531E-15,-0.838443616300639,0.54498835059541));
#5603=DIRECTION('',(-1.,1.55431223447523E-15,-1.62023172656235E-15));
#5604=DIRECTION('',(-1.11165535294373E-15,0.284215045079741,0.958760558299266));
#5605=DIRECTION('',(-1.62023172656236E-15,-4.31252256127834E-15,1.));
#5606=DIRECTION('',(-1.,1.55431223447523E-15,-1.62023172656235E-15));
#5607=DIRECTION('',(9.47340520841676E-16,0.946347520034167,0.323150694452576));
#5608=DIRECTION('',(-2.23249922094845E-15,-0.611625716585031,0.791147257349634));
#5609=DIRECTION('',(-1.,1.55431223447523E-15,-1.62023172656235E-15));
#5610=DIRECTION('',(-2.03557935427977E-15,-0.32315069445258,0.946347520034166));
#5611=DIRECTION('',(1.62023172656236E-15,4.31252256127834E-15,-1.));
#5612=DIRECTION('',(-1.,1.55431223447523E-15,-1.62023172656235E-15));
#5613=DIRECTION('',(4.66121198671815E-17,-0.707106781186546,-0.707106781186549));
#5614=DIRECTION('',(1.55431223447522E-15,1.,4.31252256127834E-15));
#5615=DIRECTION('',(-1.,1.55431223447523E-15,-1.62023172656235E-15));
#5616=DIRECTION('',(2.24474156202448E-15,0.70710678118655,-0.707106781186545));
#5617=DIRECTION('',(1.62023172656236E-15,4.78192615216946E-15,-1.));
#5618=DIRECTION('',(-1.,1.55431223447523E-15,-1.62023172656235E-15));
#5619=DIRECTION('',(4.66121198671862E-17,-0.707106781186545,-0.707106781186551));
#5620=DIRECTION('',(1.55431223447522E-15,1.,4.31252256127834E-15));
#5621=DIRECTION('',(-1.,1.55431223447523E-15,-1.62023172656235E-15));
#5622=DIRECTION('',(2.24474156202448E-15,0.707106781186553,-0.707106781186542));
#5623=DIRECTION('',(-1.62023172656236E-15,-4.31252256127834E-15,1.));
#5624=DIRECTION('',(-1.,1.55431223447523E-15,-1.62023172656235E-15));
#5625=DIRECTION('',(-5.23145950627891E-16,0.540469385618957,0.841363680704525));
#5626=DIRECTION('',(-7.39919721430428E-16,-0.909462623184955,-0.415785686417342));
#5627=DIRECTION('',(-1.,1.55431223447523E-15,-1.62023172656235E-15));
#5628=DIRECTION('',(-2.18342750837764E-15,-0.841363680704531,0.540469385618948));
#5629=DIRECTION('',(-1.55431223447522E-15,-1.,-4.31252256127834E-15));
#5630=DIRECTION('',(-1.,1.55431223447523E-15,-1.62023172656235E-15));
#5631=DIRECTION('',(-2.24474156202448E-15,-0.70710678118655,0.707106781186545));
#5632=DIRECTION('',(1.62023172656236E-15,4.31252256127834E-15,-1.));
#5633=DIRECTION('',(-1.,1.55431223447523E-15,-1.62023172656235E-15));
#5634=DIRECTION('',(1.17278572824368E-15,-0.253754456109858,-0.967268667953423));
#5635=DIRECTION('',(-6.48566051743745E-16,0.490897469497257,0.871217352008779));
#5636=DIRECTION('',(-1.,1.55431223447523E-15,-1.62023172656235E-15));
#5637=DIRECTION('',(5.24526731084305E-16,0.86339373101073,0.50453073766756));
#5638=DIRECTION('',(1.55431223447522E-15,1.,4.31252256127834E-15));
#5639=DIRECTION('',(-1.62023172656236E-15,-4.31252256127834E-15,1.));
#5640=DIRECTION('',(1.55431223447522E-15,1.,4.31252256127834E-15));
#5641=DIRECTION('',(-1.60141438716193E-15,-4.31252256127834E-15,1.));
#5642=DIRECTION('',(1.55431223447522E-15,1.,4.31252256127834E-15));
#5643=DIRECTION('',(-1.62023172656236E-15,-4.31252256127834E-15,1.));
#5644=DIRECTION('',(-1.62023172656236E-15,-4.31252256127834E-15,1.));
#5645=DIRECTION('',(-1.62023172656236E-15,-4.31252256127834E-15,1.));
#5646=DIRECTION('',(1.55431223447522E-15,1.,4.31252256127834E-15));
#5647=DIRECTION('',(-1.60141438716193E-15,-4.31252256127834E-15,1.));
#5648=DIRECTION('',(1.55431223447522E-15,1.,4.31252256127834E-15));
#5649=DIRECTION('',(-1.62023172656236E-15,-4.31252256127834E-15,1.));
#5650=DIRECTION('',(-1.,1.55431223447523E-15,-1.62023172656235E-15));
#5651=DIRECTION('',(-1.62023172656235E-15,0.,1.));
#5652=DIRECTION('',(1.55431223447523E-15,1.,8.87469916822562E-32));
#5653=DIRECTION('',(-1.,1.55431223447523E-15,-1.62023172656235E-15));
#5654=DIRECTION('',(-1.62023172656235E-15,0.,1.));
#5655=DIRECTION('',(1.62023172656236E-15,4.31252256127834E-15,-1.));
#5656=DIRECTION('',(-1.55431223447523E-15,-1.,-4.31252256127835E-15));
#5657=DIRECTION('',(1.62023172656236E-15,4.31252256127834E-15,-1.));
#5658=DIRECTION('',(-1.55431223447522E-15,-1.,-4.31252256127834E-15));
#5659=DIRECTION('',(1.,-1.55431223447523E-15,1.62023172656235E-15));
#5660=DIRECTION('',(-1.62023172656236E-15,-4.31252256127834E-15,1.));
#5661=DIRECTION('',(1.,-1.55431223447523E-15,1.62023172656235E-15));
#5662=DIRECTION('',(1.62023172656236E-15,4.31252256127834E-15,-1.));
#5663=DIRECTION('',(1.,-1.55431223447523E-15,1.62023172656235E-15));
#5664=DIRECTION('',(1.55431223447522E-15,1.,4.31252256127834E-15));
#5665=DIRECTION('',(-1.62023172656236E-15,-4.31252256127834E-15,1.));
#5666=DIRECTION('',(-1.62023172656236E-15,-4.31252256127834E-15,1.));
#5667=DIRECTION('',(-1.62023172656236E-15,-4.31252256127834E-15,1.));
#5668=DIRECTION('',(1.55431223447522E-15,1.,4.31252256127834E-15));
#5669=DIRECTION('',(-1.62023172656236E-15,-4.31252256127834E-15,1.));
#5670=DIRECTION('',(1.,-1.55431223447523E-15,1.62023172656235E-15));
#5671=DIRECTION('',(-1.62023172656236E-15,-4.31252256127834E-15,1.));
#5672=DIRECTION('',(1.,-1.55431223447523E-15,1.62023172656235E-15));
#5673=DIRECTION('',(1.62023172656236E-15,4.31252256127834E-15,-1.));
#5674=DIRECTION('',(-1.,1.55431223447523E-15,-1.62023172656235E-15));
#5675=DIRECTION('',(0.707106781186541,1.95034922602129E-15,-0.707106781186554));
#5676=DIRECTION('',(1.62023172656236E-15,4.31252256127834E-15,-1.));
#5677=DIRECTION('',(-1.62023172656236E-15,-4.31252256127834E-15,1.));
#5678=DIRECTION('',(-1.55431223447522E-15,-1.,-4.31252256127834E-15));
#5679=DIRECTION('',(-1.,1.55431223447523E-15,-1.62023172656235E-15));
#5680=DIRECTION('',(-1.55431223447523E-15,-1.,-4.31252256127835E-15));
#5681=DIRECTION('',(1.,-1.55431223447523E-15,1.62023172656235E-15));
#5682=DIRECTION('',(-1.,1.55431223447523E-15,-1.62023172656235E-15));
#5683=DIRECTION('',(1.55431223447523E-15,1.,4.31252256127835E-15));
#5684=DIRECTION('',(1.62023172656236E-15,4.31252256127834E-15,-1.));
#5685=DIRECTION('',(1.55431223447522E-15,1.,4.31252256127834E-15));
#5686=DIRECTION('',(1.,-1.55431223447523E-15,1.62023172656235E-15));
#5687=DIRECTION('',(1.55431223447523E-15,1.,4.31252256127835E-15));
#5688=DIRECTION('',(0.707106781186548,-0.707106781186547,-1.90373710615406E-15));
#5689=DIRECTION('',(1.55431223447522E-15,1.,4.81620685511919E-15));
#5690=DIRECTION('',(0.707106781186548,0.707106781186547,4.19509078804572E-15));
#5691=DIRECTION('',(1.,-1.55431223447523E-15,1.62023172656235E-15));
#5692=DIRECTION('',(1.,-1.55431223447523E-15,1.62023172656235E-15));
#5693=DIRECTION('',(1.55431223447522E-15,1.,4.31252256127834E-15));
#5694=DIRECTION('',(1.55431223447522E-15,1.,4.31252256127834E-15));
#5695=DIRECTION('',(-1.51106824849648E-15,0.0678317499999957,0.997696774421937));
#5696=DIRECTION('',(-1.19003559288094E-15,0.245005072589288,0.96952179676659));
#5697=DIRECTION('',(1.54934026004715E-15,0.999995305397203,0.00306417746802462));
#5698=DIRECTION('',(1.42342110144203E-16,0.764071231534264,0.645131888176141));
#5699=DIRECTION('',(-1.62023172656236E-15,-7.64319163515382E-15,1.));
#5700=DIRECTION('',(1.62023172656236E-15,4.31252256127834E-15,-1.));
#5701=DIRECTION('',(1.55431223447522E-15,1.,4.31252256127834E-15));
#5702=DIRECTION('',(-1.55431223447522E-15,-1.,-4.31252256127834E-15));
#5703=DIRECTION('',(1.,-1.55431223447523E-15,1.62023172656235E-15));
#5704=DIRECTION('',(1.66063545619872E-15,0.997696774421937,-0.0678317499999957));
#5705=DIRECTION('',(-1.51106824849648E-15,0.0678317499999957,0.997696774421937));
#5706=DIRECTION('',(1.51106824849648E-15,-0.0678317499999957,-0.997696774421937));
#5707=DIRECTION('',(1.,-1.55431223447523E-15,1.62023172656235E-15));
#5708=DIRECTION('',(1.90390458208259E-15,0.96952179676659,-0.245005072589288));
#5709=DIRECTION('',(-1.19003559288094E-15,0.245005072589288,0.96952179676659));
#5710=DIRECTION('',(1.19003559288094E-15,-0.245005072589288,-0.96952179676659));
#5711=DIRECTION('',(1.,-1.55431223447523E-15,1.62023172656235E-15));
#5712=DIRECTION('',(1.6249868087451E-15,0.00306417746802462,-0.999995305397203));
#5713=DIRECTION('',(1.54934026004715E-15,0.999995305397203,0.00306417746802462));
#5714=DIRECTION('',(-1.54934026004715E-15,-0.999995305397203,-0.00306417746802462));
#5715=DIRECTION('',(1.,-1.55431223447523E-15,1.62023172656235E-15));
#5716=DIRECTION('',(2.24070883732766E-15,0.645131888176141,-0.764071231534264));
#5717=DIRECTION('',(1.42342110144203E-16,0.764071231534264,0.645131888176141));
#5718=DIRECTION('',(-1.42342110144203E-16,-0.764071231534264,-0.645131888176141));
#5719=DIRECTION('',(1.,-1.55431223447523E-15,1.62023172656235E-15));
#5720=DIRECTION('',(1.55431223447522E-15,1.,4.31252256127834E-15));
#5721=DIRECTION('',(-1.62023172656236E-15,-4.31252256127834E-15,1.));
#5722=DIRECTION('',(1.62023172656236E-15,7.64319163515382E-15,-1.));
#5723=DIRECTION('',(1.,-1.55431223447523E-15,1.62023172656235E-15));
#5724=DIRECTION('',(1.55431223447522E-15,1.,4.31252256127834E-15));
#5725=DIRECTION('',(-1.,1.55431223447523E-15,-1.62023172656235E-15));
#5726=DIRECTION('',(-1.62023172656235E-15,0.,1.));
#5727=DIRECTION('',(-1.,1.55431223447523E-15,-1.62023172656235E-15));
#5728=DIRECTION('',(-1.62023172656235E-15,0.,1.));
#5729=DIRECTION('',(1.62023172656236E-15,3.48502714072924E-15,-1.));
#5730=DIRECTION('',(1.55431223447522E-15,1.,3.37265121842134E-15));
#5731=DIRECTION('',(-1.62023172656236E-15,-3.20919533387954E-15,1.));
#5732=DIRECTION('',(-1.55431223447522E-15,-1.,-3.37265121842134E-15));
#5733=DIRECTION('',(-1.55431223447522E-15,-1.,-4.31252256127834E-15));
#5734=DIRECTION('',(1.62023172656236E-15,4.31252256127834E-15,-1.));
#5735=DIRECTION('',(-1.62023172656236E-15,-3.48502714072924E-15,1.));
#5736=DIRECTION('',(1.,-1.55431223447523E-15,1.62023172656235E-15));
#5737=DIRECTION('',(1.,-1.55431223447523E-15,1.62023172656235E-15));
#5738=DIRECTION('',(1.62023172656236E-15,4.31252256127834E-15,-1.));
#5739=DIRECTION('',(1.55431223447522E-15,1.,4.31252256127834E-15));
#5740=DIRECTION('',(-1.55431223447522E-15,-1.,-3.37265121842134E-15));
#5741=DIRECTION('',(-0.990113838694715,0.140266127148419,-1.13114512973126E-15));
#5742=DIRECTION('',(1.,-1.55431223447523E-15,1.62023172656235E-15));
#5743=DIRECTION('',(0.990113838694715,0.140266127148416,2.07728257899197E-15));
#5744=DIRECTION('',(1.55431223447522E-15,1.,4.31252256127834E-15));
#5745=DIRECTION('',(-1.62023172656236E-15,-4.31252256127834E-15,1.));
#5746=DIRECTION('',(1.62023172656236E-15,3.20919533387954E-15,-1.));
#5747=DIRECTION('',(1.,-1.55431223447523E-15,1.62023172656235E-15));
#5748=DIRECTION('',(-1.62023172656236E-15,-4.31252256127834E-15,1.));
#5749=DIRECTION('',(-1.55431223447522E-15,-1.,-4.31252256127834E-15));
#5750=DIRECTION('',(1.55431223447522E-15,1.,3.37265121842134E-15));
#5751=DIRECTION('',(0.140266127148419,0.990113838694715,3.40473234051653E-15));
#5752=DIRECTION('',(-0.990113838694715,0.140266127148419,-9.99313016450925E-16));
#5753=DIRECTION('',(-1.62023172656236E-15,-3.20919533387954E-15,1.));
#5754=DIRECTION('',(-0.980515205440425,0.138906320770729,0.138906320770726));
#5755=DIRECTION('',(0.140266127148416,-0.990113838694715,-3.2233099708948E-15));
#5756=DIRECTION('',(0.990113838694715,0.140266127148416,2.20911469227231E-15));
#5757=DIRECTION('',(1.62023172656236E-15,3.48502714072924E-15,-1.));
#5758=DIRECTION('',(0.980515205440426,0.138906320770725,-0.138906320770725));
#5759=DIRECTION('',(0.140266127148416,-3.55732600195881E-15,0.990113838694715));
#5760=DIRECTION('',(-0.990113838694715,9.34045215095741E-16,0.140266127148416));
#5761=DIRECTION('',(-1.55431223447522E-15,-1.,-3.37265121842134E-15));
#5762=DIRECTION('',(1.55431223447522E-15,1.,4.31252256127834E-15));
#5763=DIRECTION('',(1.62023172656236E-15,4.31252256127834E-15,-1.));
#5764=DIRECTION('',(1.55431223447522E-15,1.,4.31252256127834E-15));
#5765=DIRECTION('',(0.,-4.31252256127834E-15,1.));
#5766=DIRECTION('',(1.55431223447522E-15,1.,4.31252256127834E-15));
#5767=DIRECTION('',(1.62023172656236E-15,4.31252256127834E-15,-1.));
#5768=DIRECTION('',(-1.,1.55431223447523E-15,-1.62023172656235E-15));
#5769=DIRECTION('',(1.,-1.55431223447523E-15,1.62023172656235E-15));
#5770=DIRECTION('',(-1.62023172656236E-15,-4.31252256127834E-15,1.));
#5771=DIRECTION('',(1.,-1.55431223447523E-15,1.62023172656235E-15));
#5772=DIRECTION('',(1.55431223447522E-15,1.,4.31252256127834E-15));
#5773=DIRECTION('',(-1.,1.55431223447523E-15,-1.62023172656235E-15));
#5774=DIRECTION('',(1.55431223447522E-15,1.,4.31252256127834E-15));
#5775=DIRECTION('',(1.62023172656236E-15,4.31252256127834E-15,-1.));
#5776=DIRECTION('',(1.55431223447522E-15,1.,4.31252256127834E-15));
#5777=DIRECTION('',(0.,-4.31252256127834E-15,1.));
#5778=DIRECTION('',(1.55431223447522E-15,1.,4.31252256127834E-15));
#5779=DIRECTION('',(1.62023172656236E-15,4.31252256127834E-15,-1.));
#5780=DIRECTION('',(-1.,1.55431223447523E-15,-1.62023172656235E-15));
#5781=DIRECTION('',(1.,-1.55431223447523E-15,1.62023172656235E-15));
#5782=DIRECTION('',(1.62023172656236E-15,4.31252256127834E-15,-1.));
#5783=DIRECTION('',(-1.,1.55431223447523E-15,-1.62023172656235E-15));
#5784=DIRECTION('',(1.,-1.55431223447523E-15,1.62023172656235E-15));
#5785=DIRECTION('',(1.55431223447522E-15,1.,4.31252256127834E-15));
#5786=DIRECTION('',(1.62023172656236E-15,4.31252256127834E-15,-1.));
#5787=DIRECTION('',(-1.,1.55431223447523E-15,-1.62023172656235E-15));
#5788=DIRECTION('',(1.,-1.55431223447523E-15,1.62023172656235E-15));
#5789=DIRECTION('',(-0.707106781186548,-0.707106781186547,-4.19509078804572E-15));
#5790=DIRECTION('',(1.55431223447522E-15,1.,4.31252256127834E-15));
#5791=DIRECTION('',(1.62023172656236E-15,4.31252256127834E-15,-1.));
#5792=DIRECTION('',(-1.,1.55431223447523E-15,-1.62023172656235E-15));
#5793=DIRECTION('',(1.,-1.55431223447523E-15,1.62023172656235E-15));
#5794=DIRECTION('',(-0.707106781186548,-0.707106781186547,-4.19509078804572E-15));
#5795=DIRECTION('',(1.55431223447522E-15,1.,4.31252256127834E-15));
#5796=DIRECTION('',(1.55431223447522E-15,1.,4.31252256127834E-15));
#5797=DIRECTION('',(1.62023172656236E-15,4.31252256127834E-15,-1.));
#5798=DIRECTION('',(1.55431223447522E-15,1.,4.31252256127834E-15));
#5799=DIRECTION('',(0.,-4.31252256127834E-15,1.));
#5800=DIRECTION('',(1.62023172656236E-15,4.31252256127834E-15,-1.));
#5801=DIRECTION('',(1.55431223447522E-15,1.,4.31252256127834E-15));
#5802=DIRECTION('',(1.62023172656236E-15,4.31252256127834E-15,-1.));
#5803=DIRECTION('',(-0.707106781186547,0.707106781186549,1.90373710615407E-15));
#5804=DIRECTION('',(-0.707106781186549,-0.707106781186547,-4.19509078804572E-15));
#5805=DIRECTION('',(-0.707106781186547,0.707106781186548,1.90373710615407E-15));
#5806=DIRECTION('',(-0.707106781186548,-0.707106781186547,-4.19509078804572E-15));
#5807=DIRECTION('',(-0.707106781186547,0.707106781186548,1.90373710615407E-15));
#5808=DIRECTION('',(-0.707106781186548,-0.707106781186547,-4.19509078804572E-15));
#5809=DIRECTION('',(1.62023172656236E-15,4.31252256127834E-15,-1.));
#5810=DIRECTION('',(0.707106781186548,0.707106781186547,4.19509078804572E-15));
#5811=DIRECTION('',(1.55431223447522E-15,1.,4.31252256127834E-15));
#5812=DIRECTION('',(1.62023172656236E-15,4.31252256127834E-15,-1.));
#5813=DIRECTION('',(1.55431223447522E-15,1.,4.31252256127834E-15));
#5814=DIRECTION('',(0.,-4.31252256127834E-15,1.));
#5815=DIRECTION('',(1.62023172656236E-15,4.31252256127834E-15,-1.));
#5816=DIRECTION('',(1.55431223447522E-15,1.,4.31252256127834E-15));
#5817=DIRECTION('',(1.62023172656236E-15,4.31252256127834E-15,-1.));
#5818=DIRECTION('',(-0.707106781186547,0.707106781186549,1.90373710615407E-15));
#5819=DIRECTION('',(-0.707106781186549,-0.707106781186547,-4.19509078804572E-15));
#5820=DIRECTION('',(-0.707106781186547,0.707106781186548,1.90373710615407E-15));
#5821=DIRECTION('',(-0.707106781186548,-0.707106781186547,-4.19509078804572E-15));
#5822=DIRECTION('',(-0.707106781186547,0.707106781186548,1.90373710615407E-15));
#5823=DIRECTION('',(-0.707106781186548,-0.707106781186547,-4.19509078804572E-15));
#5824=DIRECTION('',(1.62023172656236E-15,4.31252256127834E-15,-1.));
#5825=DIRECTION('',(0.707106781186548,0.707106781186547,4.19509078804572E-15));
#5826=DIRECTION('',(1.55431223447522E-15,1.,4.31252256127834E-15));
#5827=DIRECTION('',(1.,-1.55431223447488E-15,-7.99084858659771E-14));
#5828=DIRECTION('',(-1.55431223447522E-15,-1.,-4.31252256127834E-15));
#5829=DIRECTION('',(1.62023172656236E-15,4.31252256127834E-15,-1.));
#5830=DIRECTION('',(1.55431223447522E-15,1.,4.31252256127834E-15));
#5831=DIRECTION('',(-1.62023172656236E-15,-4.31252256127834E-15,1.));
#5832=DIRECTION('',(1.,-1.55431223447523E-15,1.62023172656235E-15));
#5833=DIRECTION('',(-1.,1.55431223447523E-15,-1.62023172656235E-15));
#5834=DIRECTION('',(-1.55431223447522E-15,-1.,-4.31252256127834E-15));
#5835=DIRECTION('',(1.,-1.55431223447497E-15,-5.8592203793174E-14));
#5836=DIRECTION('',(1.55431223447522E-15,1.,4.31252256127834E-15));
#5837=DIRECTION('',(1.62023172656236E-15,4.31252256127834E-15,-1.));
#5838=DIRECTION('',(1.55431223447522E-15,1.,4.31252256127834E-15));
#5839=DIRECTION('',(1.62023172656236E-15,4.31252256127834E-15,-1.));
#5840=DIRECTION('',(1.55431223447522E-15,1.,4.31252256127834E-15));
#5841=DIRECTION('',(1.,-1.55431223447533E-15,2.48965676586378E-14));
#5842=DIRECTION('',(-1.55431223447522E-15,-1.,-4.31252256127834E-15));
#5843=DIRECTION('',(1.62023172656236E-15,4.31252256127834E-15,-1.));
#5844=DIRECTION('',(1.55431223447522E-15,1.,4.31252256127834E-15));
#5845=DIRECTION('',(-1.62023172656236E-15,-4.31252256127834E-15,1.));
#5846=DIRECTION('',(1.,-1.55431223447523E-15,1.62023172656235E-15));
#5847=DIRECTION('',(-1.,1.55431223447523E-15,-1.62023172656235E-15));
#5848=DIRECTION('',(-1.55431223447522E-15,-1.,-4.31252256127834E-15));
#5849=DIRECTION('',(1.,-1.55431223447531E-15,1.86793187207369E-14));
#5850=DIRECTION('',(1.55431223447522E-15,1.,4.31252256127834E-15));
#5851=DIRECTION('',(1.62023172656236E-15,4.31252256127834E-15,-1.));
#5852=DIRECTION('',(1.62023172656236E-15,4.31252256127834E-15,-1.));
#5853=DIRECTION('',(-1.,1.55431223447523E-15,-1.62023172656235E-15));
#5854=DIRECTION('',(1.,-1.55431223447523E-15,1.62023172656235E-15));
#5855=DIRECTION('',(1.55431223447522E-15,1.,4.31252256127834E-15));
#5856=DIRECTION('',(1.55431223447522E-15,1.,4.31252256127834E-15));
#5857=DIRECTION('',(1.,-1.55431223447523E-15,1.80392874643445E-15));
#5858=DIRECTION('',(-1.55431223447522E-15,-1.,-4.31252256127834E-15));
#5859=DIRECTION('',(1.62023172656236E-15,4.31252256127834E-15,-1.));
#5860=DIRECTION('',(-1.55431223447522E-15,-1.,-4.31252256127834E-15));
#5861=DIRECTION('',(1.,-1.55431223447523E-15,1.80392874643445E-15));
#5862=DIRECTION('',(1.55431223447522E-15,1.,4.31252256127834E-15));
#5863=DIRECTION('',(1.62023172656236E-15,4.31252256127834E-15,-1.));
#5864=DIRECTION('',(1.55431223447522E-15,1.,4.31252256127834E-15));
#5865=DIRECTION('',(1.,-1.55431223447523E-15,1.80392874643445E-15));
#5866=DIRECTION('',(-1.55431223447522E-15,-1.,-4.31252256127834E-15));
#5867=DIRECTION('',(1.62023172656236E-15,4.31252256127834E-15,-1.));
#5868=DIRECTION('',(1.55431223447522E-15,1.,4.31252256127834E-15));
#5869=DIRECTION('',(-1.62023172656236E-15,-4.31252256127834E-15,1.));
#5870=DIRECTION('',(1.,-1.55431223447523E-15,1.62023172656235E-15));
#5871=DIRECTION('',(-1.,1.55431223447523E-15,-1.62023172656235E-15));
#5872=DIRECTION('',(-1.55431223447522E-15,-1.,-4.31252256127834E-15));
#5873=DIRECTION('',(1.,-1.55431223447523E-15,1.80392874643445E-15));
#5874=DIRECTION('',(1.55431223447522E-15,1.,4.31252256127834E-15));
#5875=DIRECTION('',(1.62023172656236E-15,4.31252256127834E-15,-1.));
#5876=DIRECTION('',(1.55431223447522E-15,1.,4.31252256127834E-15));
#5877=DIRECTION('',(1.62023172656236E-15,4.31252256127834E-15,-1.));
#5878=DIRECTION('',(0.707106781186547,-4.14847866817854E-15,0.707106781186549));
#5879=DIRECTION('',(-0.707106781186549,-1.95034922602124E-15,0.707106781186547));
#5880=DIRECTION('',(-1.55431223447522E-15,-1.,-4.31252256127834E-15));
#5881=DIRECTION('',(-0.707106781186549,-1.95034922602124E-15,0.707106781186546));
#5882=DIRECTION('',(-0.577350269189668,-0.577350269189548,0.577350269189662));
#5883=DIRECTION('',(-1.55431223447522E-15,-1.,-4.31252256127834E-15));
#5884=DIRECTION('',(0.577350269189619,-0.577350269189637,-0.577350269189621));
#5885=DIRECTION('',(-0.707106781186549,-1.95034922602124E-15,0.707106781186547));
#5886=DIRECTION('',(-0.707106781186547,4.14847866817854E-15,-0.707106781186549));
#5887=DIRECTION('',(-1.55431223447522E-15,-1.,-4.31252256127834E-15));
#5888=DIRECTION('',(-0.707106781186547,4.14847866817854E-15,-0.707106781186548));
#5889=DIRECTION('',(-1.,1.55431223447523E-15,-1.62023172656235E-15));
#5890=DIRECTION('',(1.62023172656236E-15,4.31252256127834E-15,-1.));
#5891=DIRECTION('',(-1.55431223447522E-15,-1.,-4.31252256127834E-15));
#5892=DIRECTION('',(1.62023172656236E-15,4.31252256127834E-15,-1.));
#5893=DIRECTION('',(-0.707106781186547,4.14847866817854E-15,-0.707106781186549));
#5894=DIRECTION('',(0.707106781186549,1.95034922602124E-15,-0.707106781186547));
#5895=DIRECTION('',(-1.55431223447522E-15,-1.,-4.31252256127834E-15));
#5896=DIRECTION('',(0.707106781186549,1.95034922602124E-15,-0.707106781186546));
#5897=DIRECTION('',(0.707106781186549,1.95034922602124E-15,-0.707106781186547));
#5898=DIRECTION('',(0.707106781186547,-4.14847866817854E-15,0.707106781186549));
#5899=DIRECTION('',(-0.577350269189618,0.577350269189642,-0.577350269189618));
#5900=DIRECTION('',(-1.55431223447522E-15,-1.,-4.31252256127834E-15));
#5901=DIRECTION('',(0.577350269189666,0.577350269189543,0.577350269189669));
#5902=DIRECTION('',(0.707106781186547,-4.14847866817854E-15,0.707106781186548));
#5903=DIRECTION('',(1.,-1.55431223447523E-15,1.62023172656235E-15));
#5904=DIRECTION('',(-1.62023172656236E-15,-4.31252256127834E-15,1.));
#5905=DIRECTION('',(1.62023172656236E-15,4.31252256127834E-15,-1.));
#5906=DIRECTION('',(-1.62023172656236E-15,-4.31252256127834E-15,1.));
#5907=DIRECTION('',(1.,-1.55431223447523E-15,1.62023172656235E-15));
#5908=DIRECTION('',(1.55431223447522E-15,1.,4.31252256127834E-15));
#5909=DIRECTION('',(-1.,1.55431223447523E-15,-1.62023172656235E-15));
#5910=DIRECTION('',(-1.55431223447522E-15,-1.,-4.31252256127834E-15));
#5911=DIRECTION('',(1.,-1.55431223447523E-15,1.62023172656235E-15));
#5912=DIRECTION('',(0.353400568718579,3.48494968175466E-15,-0.93547209366682));
#5913=DIRECTION('',(0.93547209366682,-2.97806364596396E-15,0.353400568718579));
#5914=DIRECTION('',(1.,-1.55431223447523E-15,1.62023172656235E-15));
#5915=DIRECTION('',(1.55431223447522E-15,1.,4.31252256127834E-15));
#5916=DIRECTION('',(1.,-1.55431223447523E-15,1.62023172656235E-15));
#5917=DIRECTION('',(-1.55431223447522E-15,-1.,-4.31252256127834E-15));
#5918=DIRECTION('',(1.62023172656236E-15,4.31252256127834E-15,-1.));
#5919=DIRECTION('',(1.,-1.55431223447523E-15,1.62023172656235E-15));
#5920=DIRECTION('',(0.935472093666822,3.07968607402625E-17,-0.353400568718576));
#5921=DIRECTION('',(1.,-1.55431223447523E-15,1.62023172656235E-15));
#5922=DIRECTION('',(-1.62023172656236E-15,-4.20150025881583E-15,1.));
#5923=DIRECTION('',(1.,-1.55431223447523E-15,1.62023172656235E-15));
#5924=DIRECTION('',(1.55431223447522E-15,1.,4.31252256127834E-15));
#5925=DIRECTION('',(-1.,1.55431223447523E-15,-1.62023172656235E-15));
#5926=DIRECTION('',(-1.55431223447522E-15,-1.,-4.31252256127834E-15));
#5927=DIRECTION('',(1.,-1.55431223447523E-15,1.62023172656235E-15));
#5928=DIRECTION('',(1.,-1.55431223447523E-15,1.62023172656235E-15));
#5929=DIRECTION('',(1.55431223447522E-15,1.,4.31252256127834E-15));
#5930=DIRECTION('',(0.353400568718576,-4.58353933701424E-15,0.935472093666822));
#5931=DIRECTION('',(-0.935472093666822,-7.00322055709614E-17,0.353400568718576));
#5932=DIRECTION('',(1.55431223447522E-15,1.,4.31252256127834E-15));
#5933=DIRECTION('',(-1.62023172656236E-15,-4.31252256127834E-15,1.));
#5934=DIRECTION('',(1.,-1.55431223447523E-15,1.62023172656235E-15));
#5935=DIRECTION('',(0.93547209366682,-2.97806364596396E-15,0.353400568718579));
#5936=DIRECTION('',(1.,-1.55431223447523E-15,1.62023172656235E-15));
#5937=DIRECTION('',(1.62023172656236E-15,4.31252256127834E-15,-1.));
#5938=DIRECTION('',(1.,-1.55431223447523E-15,1.62023172656235E-15));
#5939=DIRECTION('',(1.55431223447522E-15,1.,4.31252256127834E-15));
#5940=DIRECTION('',(-1.,1.55431223447523E-15,-1.62023172656235E-15));
#5941=DIRECTION('',(1.55431223447522E-15,1.,4.31252256127834E-15));
#5942=DIRECTION('',(1.,-1.55431223447523E-15,1.62023172656235E-15));
#5943=DIRECTION('',(1.,-1.55431223447523E-15,1.62023172656235E-15));
#5944=DIRECTION('',(1.55431223447522E-15,1.,4.31252256127834E-15));
#5945=DIRECTION('',(0.353400568718579,3.48494968175466E-15,-0.93547209366682));
#5946=DIRECTION('',(0.93547209366682,-2.97806364596396E-15,0.353400568718579));
#5947=DIRECTION('',(1.55431223447522E-15,1.,4.31252256127834E-15));
#5948=DIRECTION('',(-1.62023172656236E-15,-4.31252256127834E-15,1.));
#5949=DIRECTION('',(-1.62023172656236E-15,-4.31252256127834E-15,1.));
#5950=DIRECTION('',(1.,-1.55431223447523E-15,1.62023172656235E-15));
#5951=DIRECTION('',(1.62023172656236E-15,4.31252256127834E-15,-1.));
#5952=DIRECTION('',(1.,-1.55431223447523E-15,1.62023172656235E-15));
#5953=DIRECTION('',(-1.62023172656236E-15,-4.31252256127834E-15,1.));
#5954=DIRECTION('',(-1.55431223447522E-15,-1.,-4.31252256127834E-15));
#5955=DIRECTION('',(1.,-1.55431223447523E-15,1.62023172656235E-15));
#5956=DIRECTION('',(-1.55431223447522E-15,-1.,-4.31252256127834E-15));
#5957=DIRECTION('',(0.986393923832144,-0.164398987305358,8.89212388475502E-16));
#5958=DIRECTION('',(1.55431223447522E-15,1.,4.31252256127834E-15));
#5959=DIRECTION('',(1.,-1.55431223447523E-15,1.62023172656235E-15));
#5960=DIRECTION('',(1.55431223447522E-15,1.,4.31252256127834E-15));
#5961=DIRECTION('',(-1.,1.55431223447523E-15,-1.62023172656235E-15));
#5962=DIRECTION('',(1.55431223447522E-15,1.,4.31252256127834E-15));
#5963=DIRECTION('',(1.,-1.55431223447523E-15,1.62023172656235E-15));
#5964=DIRECTION('',(0.353400568718576,-4.58353933701424E-15,0.935472093666822));
#5965=DIRECTION('',(-0.935472093666822,-7.00322055709614E-17,0.353400568718576));
#5966=DIRECTION('',(1.,-1.55431223447523E-15,1.62023172656235E-15));
#5967=DIRECTION('',(1.55431223447522E-15,1.,4.31252256127834E-15));
#5968=DIRECTION('',(1.,-1.55431223447523E-15,1.62023172656235E-15));
#5969=DIRECTION('',(1.55431223447522E-15,1.,4.31252256127834E-15));
#5970=DIRECTION('',(-1.,1.55431223447523E-15,-1.62023172656235E-15));
#5971=DIRECTION('',(1.55431223447522E-15,1.,4.31252256127834E-15));
#5972=DIRECTION('',(-1.,1.55431223447523E-15,-1.62023172656235E-15));
#5973=DIRECTION('',(1.55431223447522E-15,1.,4.31252256127834E-15));
#5974=DIRECTION('',(-1.,1.55431223447523E-15,-1.62023172656235E-15));
#5975=DIRECTION('',(1.55431223447522E-15,1.,4.31252256127834E-15));
#5976=DIRECTION('',(1.,-1.55431223447523E-15,1.62023172656235E-15));
#5977=DIRECTION('',(1.55431223447522E-15,1.,4.31252256127834E-15));
#5978=DIRECTION('',(-1.,1.55431223447523E-15,-1.62023172656235E-15));
#5979=DIRECTION('',(1.55431223447522E-15,1.,4.31252256127834E-15));
#5980=DIRECTION('',(-1.,1.55431223447523E-15,-1.62023172656235E-15));
#5981=DIRECTION('',(1.55431223447522E-15,1.,4.31252256127834E-15));
#5982=DIRECTION('',(-1.,1.55431223447523E-15,-1.62023172656235E-15));
#5983=DIRECTION('',(1.55431223447522E-15,1.,4.31252256127834E-15));
#5984=DIRECTION('',(1.,-1.55431223447523E-15,1.62023172656235E-15));
#5985=DIRECTION('',(1.55431223447522E-15,1.,4.31252256127834E-15));
#5986=DIRECTION('',(1.,-1.55431223447523E-15,1.62023172656235E-15));
#5987=DIRECTION('',(1.62023172656235E-15,0.,-1.));
#5988=DIRECTION('',(-1.62023172656236E-15,-4.31252256127834E-15,1.));
#5989=DIRECTION('',(-1.,1.55431223447523E-15,-1.62023172656235E-15));
#5990=DIRECTION('',(-1.55431223447522E-15,-1.,-4.31252256127834E-15));
#5991=DIRECTION('',(1.55431223447522E-15,1.,4.31252256127834E-15));
#5992=DIRECTION('',(-1.62023172656236E-15,-4.31252256127834E-15,1.));
#5993=DIRECTION('',(1.,-1.55431223447523E-15,1.62023172656235E-15));
#5994=DIRECTION('',(1.55431223447522E-15,1.,4.31252256127834E-15));
#5995=DIRECTION('',(-1.62023172656236E-15,-4.31252256127834E-15,1.));
#5996=DIRECTION('',(-1.55431223447522E-15,-1.,-4.31252256127834E-15));
#5997=DIRECTION('',(-1.,1.55431223447523E-15,-1.62023172656235E-15));
#5998=DIRECTION('',(-1.55431223447522E-15,-1.,-4.31252256127834E-15));
#5999=DIRECTION('',(-1.62023172656236E-15,-4.31252256127834E-15,1.));
#6000=DIRECTION('',(1.,-1.55431223447523E-15,1.62023172656235E-15));
#6001=DIRECTION('',(1.55431223447522E-15,1.,4.31252256127834E-15));
#6002=DIRECTION('',(-1.,1.55431223447523E-15,-1.62023172656235E-15));
#6003=DIRECTION('',(1.55431223447522E-15,1.,4.31252256127834E-15));
#6004=DIRECTION('',(1.62023172656236E-15,4.31252256127834E-15,-1.));
#6005=DIRECTION('',(1.,-1.55431223447523E-15,1.62023172656235E-15));
#6006=DIRECTION('',(1.62023172656235E-15,0.,-1.));
#6007=DIRECTION('',(1.62023172656236E-15,4.31252256127834E-15,-1.));
#6008=DIRECTION('',(-1.,1.55431223447523E-15,-1.62023172656235E-15));
#6009=DIRECTION('',(1.55431223447522E-15,1.,4.31252256127834E-15));
#6010=DIRECTION('',(-1.55431223447522E-15,-1.,-4.31252256127834E-15));
#6011=DIRECTION('',(1.62023172656236E-15,4.31252256127834E-15,-1.));
#6012=DIRECTION('',(1.,-1.55431223447523E-15,1.62023172656235E-15));
#6013=DIRECTION('',(1.55431223447522E-15,1.,4.31252256127834E-15));
#6014=DIRECTION('',(1.62023172656236E-15,4.31252256127834E-15,-1.));
#6015=DIRECTION('',(1.55431223447522E-15,1.,4.31252256127834E-15));
#6016=DIRECTION('',(1.55431223447522E-15,1.,4.31252256127834E-15));
#6017=DIRECTION('',(-1.62023172656236E-15,-4.31252256127834E-15,1.));
#6018=DIRECTION('',(0.93547209366682,-2.97806364596396E-15,0.353400568718579));
#6019=DIRECTION('',(-1.,1.55431223447523E-15,-1.62023172656235E-15));
#6020=DIRECTION('',(0.707106781186548,-4.14847866817854E-15,0.707106781186547));
#6021=DIRECTION('',(1.,-1.55431223447523E-15,1.62023172656235E-15));
#6022=DIRECTION('',(0.353400568718579,3.48494968175466E-15,-0.93547209366682));
#6023=DIRECTION('',(0.93547209366682,-2.97806364596396E-15,0.353400568718579));
#6024=DIRECTION('',(-0.93547209366682,2.93882830113326E-15,-0.353400568718579));
#6025=DIRECTION('',(1.55431223447522E-15,1.,4.31252256127834E-15));
#6026=DIRECTION('',(0.353400568718579,3.48494968175466E-15,-0.93547209366682));
#6027=DIRECTION('',(0.93547209366682,-2.97806364596396E-15,0.353400568718579));
#6028=DIRECTION('',(-1.55431223447522E-15,-1.,-4.31252256127834E-15));
#6029=DIRECTION('',(1.,-1.55431223447523E-15,1.62023172656235E-15));
#6030=DIRECTION('',(1.55431223447522E-15,1.,4.31252256127834E-15));
#6031=DIRECTION('',(-1.62023172656236E-15,-4.31252256127834E-15,1.));
#6032=DIRECTION('',(1.5558469363753E-15,0.999999550987118,-0.000947642106440538));
#6033=DIRECTION('',(1.,-1.55431223447523E-15,1.62023172656235E-15));
#6034=DIRECTION('',(1.55431223447522E-15,1.,4.31252256127834E-15));
#6035=DIRECTION('',(1.55431223447522E-15,1.,4.31252256127834E-15));
#6036=DIRECTION('',(-1.55277613676272E-15,-0.999999550987118,-0.000947642106447682));
#6037=DIRECTION('',(1.,-1.55431223447523E-15,1.62023172656235E-15));
#6038=DIRECTION('',(1.55431223447522E-15,1.,4.31252256127834E-15));
#6039=DIRECTION('',(0.353400568718576,-4.58353933701424E-15,0.935472093666822));
#6040=DIRECTION('',(-0.935472093666822,-7.00322055709614E-17,0.353400568718576));
#6041=DIRECTION('',(1.,-1.55431223447523E-15,1.62023172656235E-15));
#6042=DIRECTION('',(1.55431223447522E-15,1.,4.31252256127834E-15));
#6043=DIRECTION('',(-1.62023172656236E-15,-4.31252256127834E-15,1.));
#6044=DIRECTION('',(-0.935472093666822,-7.00322055709614E-17,0.353400568718576));
#6045=DIRECTION('',(-0.707106781186553,-1.95034922602121E-15,0.707106781186542));
#6046=DIRECTION('',(1.,-1.55431223447523E-15,1.62023172656235E-15));
#6047=DIRECTION('',(0.353400568718576,-4.58353933701424E-15,0.935472093666822));
#6048=DIRECTION('',(-0.935472093666822,-7.00322055709614E-17,0.353400568718576));
#6049=DIRECTION('',(-1.55431223447522E-15,-1.,-4.31252256127834E-15));
#6050=DIRECTION('',(-1.55431223447522E-15,-1.,-4.31252256127834E-15));
#6051=DIRECTION('',(1.62023172656236E-15,4.31252256127834E-15,-1.));
#6052=DIRECTION('',(0.935472093666822,7.00322055709614E-17,-0.353400568718576));
#6053=DIRECTION('',(-1.,1.55431223447523E-15,-1.62023172656235E-15));
#6054=DIRECTION('',(0.707106781186547,1.95034922602125E-15,-0.707106781186548));
#6055=DIRECTION('',(1.,-1.55431223447523E-15,1.62023172656235E-15));
#6056=DIRECTION('',(0.353400568718576,-4.58353933701424E-15,0.935472093666822));
#6057=DIRECTION('',(-0.935472093666822,-7.00322055709614E-17,0.353400568718576));
#6058=DIRECTION('',(-0.935472093666822,-7.00322055709614E-17,0.353400568718576));
#6059=DIRECTION('',(-1.55431223447522E-15,-1.,-4.31252256127834E-15));
#6060=DIRECTION('',(0.353400568718576,-4.58353933701424E-15,0.935472093666822));
#6061=DIRECTION('',(-0.935472093666822,-7.00322055709614E-17,0.353400568718576));
#6062=DIRECTION('',(1.55431223447522E-15,1.,4.31252256127834E-15));
#6063=DIRECTION('',(1.,-1.55431223447523E-15,1.62023172656235E-15));
#6064=DIRECTION('',(1.55431223447522E-15,1.,4.31252256127834E-15));
#6065=DIRECTION('',(0.353400568718579,3.48494968175466E-15,-0.93547209366682));
#6066=DIRECTION('',(0.93547209366682,-2.97806364596396E-15,0.353400568718579));
#6067=DIRECTION('',(1.,-1.55431223447523E-15,1.62023172656235E-15));
#6068=DIRECTION('',(1.55431223447522E-15,1.,4.31252256127834E-15));
#6069=DIRECTION('',(1.,-1.55431223447523E-15,1.62023172656235E-15));
#6070=DIRECTION('',(-1.55431223447522E-15,-1.,-4.31252256127834E-15));
#6071=DIRECTION('',(1.62023172656236E-15,4.31252256127834E-15,-1.));
#6072=DIRECTION('',(-0.93547209366682,2.97806364596396E-15,-0.353400568718579));
#6073=DIRECTION('',(-0.707106781186548,4.14847866817854E-15,-0.707106781186547));
#6074=DIRECTION('',(1.,-1.55431223447523E-15,1.62023172656235E-15));
#6075=DIRECTION('',(0.353400568718579,3.48494968175466E-15,-0.93547209366682));
#6076=DIRECTION('',(0.93547209366682,-2.97806364596396E-15,0.353400568718579));
#6077=DIRECTION('',(-1.55431223447522E-15,-1.,-4.31252256127834E-15));
#6078=DIRECTION('',(1.55431223447522E-15,1.,4.31252256127834E-15));
#6079=DIRECTION('',(-1.55431223447522E-15,-1.,-4.31252256127834E-15));
#6080=DIRECTION('',(1.62023172656236E-15,4.31252256127834E-15,-1.));
#6081=DIRECTION('',(1.62023172656236E-15,4.31252256127834E-15,-1.));
#6082=DIRECTION('',(1.,-1.55431223447523E-15,1.62023172656235E-15));
#6083=DIRECTION('',(-1.62023172656236E-15,-4.31252256127834E-15,1.));
#6084=DIRECTION('',(1.,-1.55431223447523E-15,1.62023172656235E-15));
#6085=DIRECTION('',(1.61875806733749E-15,-0.000947642106440538,-0.999999550987118));
#6086=DIRECTION('',(1.5558469363753E-15,0.999999550987118,-0.000947642106440538));
#6087=DIRECTION('',(0.986393911861769,0.164398985310293,-0.000155791470686914));
#6088=DIRECTION('',(-1.5558469363753E-15,-0.999999550987118,0.000947642106440538));
#6089=DIRECTION('',(0.164398987305355,-0.986393923832144,-3.98748159578713E-15));
#6090=DIRECTION('',(0.986393923832144,0.164398987305355,2.30716107208683E-15));
#6091=DIRECTION('',(-0.986393911861769,-0.164398985310293,-0.000155791470691285));
#6092=DIRECTION('',(1.,-1.55431223447523E-15,1.62023172656235E-15));
#6093=DIRECTION('',(1.55431223447522E-15,1.,4.31252256127834E-15));
#6094=DIRECTION('',(1.62023172656236E-15,4.31252256127834E-15,-1.));
#6095=DIRECTION('',(1.55431223447522E-15,1.,4.31252256127834E-15));
#6096=DIRECTION('',(0.164398987305358,0.986393923832144,4.52021050588085E-15));
#6097=DIRECTION('',(-0.986393923832144,0.164398987305358,-8.89212388475502E-16));
#6098=DIRECTION('',(-0.986393923832144,0.164398987305358,-8.89212388475502E-16));
#6099=DIRECTION('',(-1.55431223447522E-15,-1.,-4.31252256127834E-15));
#6100=DIRECTION('',(1.62023172656236E-15,4.31252256127834E-15,-1.));
#6101=DIRECTION('',(-1.62023172656236E-15,-4.20150025881583E-15,1.));
#6102=DIRECTION('',(1.,-1.55431223447523E-15,1.62023172656235E-15));
#6103=DIRECTION('',(-1.,1.55431223447523E-15,-1.62023172656235E-15));
#6104=DIRECTION('',(-1.55431223447522E-15,-1.,-4.31252256127834E-15));
#6105=DIRECTION('',(1.,-1.55431223447523E-15,1.62023172656235E-15));
#6106=DIRECTION('',(-1.55431223447522E-15,-1.,-4.31252256127834E-15));
#6107=DIRECTION('',(-1.62170393077738E-15,-0.000947642106447682,0.999999550987118));
#6108=DIRECTION('',(-1.55277613676272E-15,-0.999999550987118,-0.000947642106447682));
#6109=DIRECTION('',(1.55277613676272E-15,0.999999550987118,0.000947642106447682));
#6110=DIRECTION('',(-1.,1.55431223447523E-15,-1.62023172656235E-15));
#6111=DIRECTION('',(-1.55431223447522E-15,-1.,-4.31252256127834E-15));
#6112=DIRECTION('',(1.,-1.55431223447523E-15,1.62023172656235E-15));
#6113=DIRECTION('',(-1.55431223447522E-15,-1.,-4.31252256127834E-15));
#6114=DIRECTION('',(1.55431223447522E-15,1.,4.31252256127834E-15));
#6115=DIRECTION('',(-1.62023172656236E-15,-4.31252256127834E-15,1.));
#6116=DIRECTION('',(1.62023172656236E-15,4.31252256127834E-15,-1.));
#6117=DIRECTION('',(1.,-1.55431223447523E-15,1.62023172656235E-15));
#6118=DIRECTION('',(-1.,1.55431223447523E-15,-1.62023172656235E-15));
#6119=DIRECTION('',(1.55431223447522E-15,1.,4.31252256127834E-15));
#6120=DIRECTION('',(1.,-1.55431223447523E-15,1.62023172656235E-15));
#6121=DIRECTION('',(1.55431223447522E-15,1.,4.31252256127834E-15));
#6122=DIRECTION('',(1.62023172656236E-15,4.31252256127834E-15,-1.));
#6123=DIRECTION('',(1.55431223447522E-15,1.,4.31252256127834E-15));
#6124=DIRECTION('',(-1.55431223447522E-15,-1.,-4.31252256127834E-15));
#6125=DIRECTION('',(-1.,1.55431223447523E-15,-1.62023172656235E-15));
#6126=DIRECTION('',(1.55431223447522E-15,1.,4.31252256127834E-15));
#6127=DIRECTION('',(1.,-1.55431223447523E-15,1.62023172656235E-15));
#6128=DIRECTION('',(1.55431223447522E-15,1.,4.31252256127834E-15));
#6129=DIRECTION('',(1.55431223447522E-15,1.,4.31252256127834E-15));
#6130=DIRECTION('',(-1.62023172656236E-15,-4.31252256127834E-15,1.));
#6131=DIRECTION('',(1.,-1.55431223447523E-15,1.62023172656235E-15));
#6132=DIRECTION('',(1.,-1.55431223447523E-15,1.62023172656235E-15));
#6133=DIRECTION('',(-1.62023172656236E-15,-4.31252256127834E-15,1.));
#6134=DIRECTION('',(1.,-1.55431223447523E-15,1.62023172656235E-15));
#6135=DIRECTION('',(1.55431223447522E-15,1.,4.31252256127834E-15));
#6136=DIRECTION('',(-0.707106781186547,0.707106781186548,1.90373710615407E-15));
#6137=DIRECTION('',(0.707106781186548,0.707106781186547,4.19509078804572E-15));
#6138=DIRECTION('',(-1.,1.55431223447523E-15,-1.62023172656235E-15));
#6139=DIRECTION('',(1.55431223447522E-15,1.,4.31252256127834E-15));
#6140=DIRECTION('',(0.707106781186542,-0.707106781186553,-1.9037371061541E-15));
#6141=DIRECTION('',(0.707106781186553,0.707106781186542,4.19509078804571E-15));
#6142=DIRECTION('',(1.,-1.55431223447523E-15,1.62023172656235E-15));
#6143=DIRECTION('',(1.55431223447522E-15,1.,4.31252256127834E-15));
#6144=DIRECTION('',(1.,-1.55431223447523E-15,1.62023172656235E-15));
#6145=DIRECTION('',(1.,-1.55431223447523E-15,1.62023172656235E-15));
#6146=DIRECTION('',(1.55431223447522E-15,1.,4.31252256127834E-15));
#6147=DIRECTION('',(-1.55431223447523E-15,-1.,-4.31252256127835E-15));
#6148=DIRECTION('',(-1.62023172656236E-15,-4.31252256127834E-15,1.));
#6149=DIRECTION('',(1.,-1.55431223447523E-15,1.62023172656235E-15));
#6150=DIRECTION('',(1.55431223447522E-15,1.,4.31252256127834E-15));
#6151=DIRECTION('',(1.62023172656236E-15,4.31252256127834E-15,-1.));
#6152=DIRECTION('',(-1.,1.55431223447523E-15,-1.62023172656235E-15));
#6153=DIRECTION('',(1.55431223447522E-15,1.,4.31252256127834E-15));
#6154=DIRECTION('',(-1.62023172656236E-15,-4.31252256127834E-15,1.));
#6155=DIRECTION('',(1.55431223447522E-15,1.,4.31252256127834E-15));
#6156=DIRECTION('',(-1.62023172656236E-15,-4.31252256127834E-15,1.));
#6157=DIRECTION('',(-1.62023172656236E-15,-4.31252256127834E-15,1.));
#6158=DIRECTION('',(1.,-1.55431223447523E-15,1.62023172656235E-15));
#6159=DIRECTION('',(1.,-1.55431223447523E-15,1.62023172656235E-15));
#6160=DIRECTION('',(-1.55431223447522E-15,-1.,-4.31252256127834E-15));
#6161=DIRECTION('',(1.62023172656236E-15,4.31252256127834E-15,-1.));
#6162=DIRECTION('',(1.62023172656236E-15,4.31252256127834E-15,-1.));
#6163=DIRECTION('',(1.,-1.55431223447523E-15,1.62023172656235E-15));
#6164=DIRECTION('',(1.,-1.55431223447523E-15,1.62023172656235E-15));
#6165=DIRECTION('',(-1.55431223447522E-15,-1.,-4.31252256127834E-15));
#6166=DIRECTION('',(1.62023172656236E-15,4.31252256127834E-15,-1.));
#6167=DIRECTION('',(1.62023172656236E-15,4.31252256127834E-15,-1.));
#6168=DIRECTION('',(1.,-1.55431223447523E-15,1.62023172656235E-15));
#6169=DIRECTION('',(1.,-1.55431223447523E-15,1.62023172656235E-15));
#6170=DIRECTION('',(1.55431223447522E-15,1.,4.31252256127834E-15));
#6171=DIRECTION('',(-1.,1.55431223447523E-15,-1.62023172656235E-15));
#6172=DIRECTION('',(1.55431223447522E-15,1.,4.31252256127834E-15));
#6173=DIRECTION('',(1.62023172656236E-15,4.31252256127834E-15,-1.));
#6174=DIRECTION('',(1.55431223447522E-15,1.,4.31252256127834E-15));
#6175=DIRECTION('',(1.55431223447522E-15,1.,4.31252256127834E-15));
#6176=DIRECTION('',(1.,-1.55431223447523E-15,1.62023172656235E-15));
#6177=DIRECTION('',(-1.55431223447522E-15,-1.,-4.31252256127834E-15));
#6178=DIRECTION('',(-1.,1.55431223447523E-15,-1.62023172656235E-15));
#6179=DIRECTION('',(1.55431223447522E-15,1.,4.31252256127834E-15));
#6180=DIRECTION('',(1.,-1.55431223447523E-15,1.62023172656235E-15));
#6181=DIRECTION('',(1.55431223447522E-15,1.,4.31252256127834E-15));
#6182=DIRECTION('',(-0.707106781186664,-7.0518676826649E-13,0.707106781186431));
#6183=DIRECTION('',(-0.707104471508413,0.00255592356860311,-0.707104471508644));
#6184=DIRECTION('',(0.707106781186549,1.95034922602124E-15,-0.707106781186547));
#6185=DIRECTION('',(1.55431223447522E-15,1.,4.31252256127834E-15));
#6186=DIRECTION('',(-1.62023172656236E-15,-4.31252256127834E-15,1.));
#6187=DIRECTION('',(-1.55431223447522E-15,-1.,-4.31252256127834E-15));
#6188=DIRECTION('',(-1.55431223447522E-15,-1.,-4.31252256127834E-15));
#6189=DIRECTION('',(1.55431223447522E-15,1.,4.31252256127834E-15));
#6190=DIRECTION('',(1.,-1.55431223447523E-15,1.62023172656235E-15));
#6191=DIRECTION('',(1.,-1.55431223447523E-15,1.62023172656235E-15));
#6192=DIRECTION('',(1.55431223447522E-15,1.,4.31252256127834E-15));
#6193=DIRECTION('',(-1.,1.55431223447523E-15,-1.62023172656235E-15));
#6194=DIRECTION('',(1.55431223447522E-15,1.,4.31252256127834E-15));
#6195=DIRECTION('',(0.707106781186547,0.707106781186548,4.19509078804572E-15));
#6196=DIRECTION('',(0.707106781186548,-0.707106781186547,-1.90373710615406E-15));
#6197=DIRECTION('',(1.,-1.55431223447523E-15,1.62023172656235E-15));
#6198=DIRECTION('',(1.55431223447522E-15,1.,4.31252256127834E-15));
#6199=DIRECTION('',(0.707106781186547,-4.14847866817854E-15,0.707106781186549));
#6200=DIRECTION('',(1.55431223447522E-15,1.,4.31252256127834E-15));
#6201=DIRECTION('',(0.707106781187808,6.04453456871844E-12,0.707106781185287));
#6202=DIRECTION('',(-0.707104458651489,0.00256302688911303,0.707104458653988));
#6203=DIRECTION('',(-1.,1.55431223447523E-15,-1.62023172656235E-15));
#6204=DIRECTION('',(1.55431223447522E-15,1.,4.31252256127834E-15));
#6205=DIRECTION('',(-1.55431223447522E-15,-1.,-4.31252256127834E-15));
#6206=DIRECTION('',(1.62023172656236E-15,4.31252256127834E-15,-1.));
#6207=DIRECTION('',(1.62023172656236E-15,4.31252256127834E-15,-1.));
#6208=DIRECTION('',(-1.,1.55431223447523E-15,-1.62023172656235E-15));
#6209=DIRECTION('',(-0.707106781186541,-1.95034922602129E-15,0.707106781186554));
#6210=DIRECTION('',(0.707106781186547,-4.14847866817854E-15,0.707106781186549));
#6211=DIRECTION('',(1.62023172656236E-15,4.31252256127834E-15,-1.));
#6212=DIRECTION('',(1.,-1.55431223447523E-15,1.62023172656235E-15));
#6213=DIRECTION('',(1.,-1.55431223447523E-15,1.62023172656235E-15));
#6214=DIRECTION('',(1.55431223447522E-15,1.,4.31252256127834E-15));
#6215=DIRECTION('',(1.,-1.55431223447523E-15,1.62023172656235E-15));
#6216=DIRECTION('',(-1.55431223447522E-15,-1.,-4.31252256127834E-15));
#6217=DIRECTION('',(-1.,1.55431223447523E-15,-1.62023172656235E-15));
#6218=DIRECTION('',(1.55431223447522E-15,1.,4.31252256127834E-15));
#6219=DIRECTION('',(1.,-1.55431223447523E-15,1.62023172656235E-15));
#6220=DIRECTION('',(-1.62023172656236E-15,-4.31252256127834E-15,1.));
#6221=DIRECTION('',(-1.55431223447522E-15,-1.,-4.31252256127834E-15));
#6222=DIRECTION('',(-1.55431223447522E-15,-1.,-4.31252256127834E-15));
#6223=DIRECTION('',(1.55431223447522E-15,1.,4.31252256127834E-15));
#6224=DIRECTION('',(-1.,1.55431223447523E-15,-1.62023172656235E-15));
#6225=DIRECTION('',(1.55431223447522E-15,1.,4.31252256127834E-15));
#6226=DIRECTION('',(-0.70710678118673,8.63698174894358E-13,-0.707106781186365));
#6227=DIRECTION('',(0.707104458642893,0.00256303222235899,-0.707104458643254));
#6228=DIRECTION('',(0.707106781186547,-4.14847866817854E-15,0.707106781186549));
#6229=DIRECTION('',(1.55431223447522E-15,1.,4.31252256127834E-15));
#6230=DIRECTION('',(1.62023172656236E-15,4.31252256127834E-15,-1.));
#6231=DIRECTION('',(1.55431223447522E-15,1.,4.31252256127834E-15));
#6232=DIRECTION('',(1.55431223447522E-15,1.,4.31252256127834E-15));
#6233=DIRECTION('',(-1.55431223447522E-15,-1.,-4.31252256127834E-15));
#6234=DIRECTION('',(1.,-1.55431223447523E-15,1.62023172656235E-15));
#6235=DIRECTION('',(1.,-1.55431223447523E-15,1.62023172656235E-15));
#6236=DIRECTION('',(1.55431223447522E-15,1.,4.31252256127834E-15));
#6237=DIRECTION('',(1.,-1.55431223447523E-15,1.62023172656235E-15));
#6238=DIRECTION('',(-1.55431223447522E-15,-1.,-4.31252256127834E-15));
#6239=DIRECTION('',(1.,-1.55431223447523E-15,1.62023172656235E-15));
#6240=DIRECTION('',(-1.55431223447522E-15,-1.,-4.31252256127834E-15));
#6241=DIRECTION('',(-1.,1.55431223447523E-15,-1.62023172656235E-15));
#6242=DIRECTION('',(1.55431223447522E-15,1.,4.31252256127834E-15));
#6243=DIRECTION('',(0.707106781186549,1.95034922602124E-15,-0.707106781186547));
#6244=DIRECTION('',(1.55431223447522E-15,1.,4.31252256127834E-15));
#6245=DIRECTION('',(0.70710678118489,7.96130800104288E-12,-0.707106781188205));
#6246=DIRECTION('',(0.707104471460357,0.00255595113088556,0.707104471457072));
#6247=DIRECTION('',(-1.,1.55431223447523E-15,-1.62023172656235E-15));
#6248=DIRECTION('',(1.55431223447522E-15,1.,4.31252256127834E-15));
#6249=DIRECTION('',(1.,-1.55431223447523E-15,1.62023172656235E-15));
#6250=DIRECTION('',(1.55431223447522E-15,1.,4.31252256127834E-15));
#6251=DIRECTION('',(-0.707106781186549,-0.707106781186546,-4.19509078804572E-15));
#6252=DIRECTION('',(-0.707106781186546,0.707106781186549,1.90373710615407E-15));
#6253=DIRECTION('',(0.70710678118655,0.707106781186545,4.19509078804572E-15));
#6254=DIRECTION('',(0.707106781186545,-0.70710678118655,-1.90373710615408E-15));
#6255=DIRECTION('',(-1.,1.55431223447523E-15,-1.62023172656235E-15));
#6256=DIRECTION('',(1.55431223447522E-15,1.,4.31252256127834E-15));
#6257=DIRECTION('',(-1.,1.55431223447523E-15,-1.62023172656235E-15));
#6258=DIRECTION('',(1.55431223447522E-15,1.,4.31252256127834E-15));
#6259=DIRECTION('',(-1.,1.55431223447523E-15,-1.62023172656235E-15));
#6260=DIRECTION('',(1.55431223447522E-15,1.,4.31252256127834E-15));
#6261=DIRECTION('',(-1.62023172656236E-15,-4.31252256127834E-15,1.));
#6262=DIRECTION('',(0.707106781186549,0.707106781186547,4.19509078804572E-15));
#6263=DIRECTION('',(-0.707106781186547,0.707106781186549,1.90373710615407E-15));
#6264=DIRECTION('',(1.62023172656236E-15,4.31252256127834E-15,-1.));
#6265=DIRECTION('',(-1.,1.55431223447523E-15,-1.62023172656235E-15));
#6266=DIRECTION('',(1.55431223447522E-15,1.,4.31252256127834E-15));
#6267=DIRECTION('',(-1.,1.55431223447523E-15,-1.62023172656235E-15));
#6268=DIRECTION('',(-1.55431223447522E-15,-1.,-4.31252256127834E-15));
#6269=DIRECTION('',(-1.,1.55431223447523E-15,-1.62023172656235E-15));
#6270=DIRECTION('',(1.55431223447522E-15,1.,4.31252256127834E-15));
#6271=DIRECTION('',(0.707106781186547,-0.707106781186549,-1.90373710615407E-15));
#6272=DIRECTION('',(0.707106781186549,0.707106781186547,4.19509078804572E-15));
#6273=DIRECTION('',(1.,-1.55431223447523E-15,1.62023172656235E-15));
#6274=DIRECTION('',(1.55431223447522E-15,1.,4.31252256127834E-15));
#6275=DIRECTION('',(1.,-1.55431223447523E-15,1.62023172656235E-15));
#6276=DIRECTION('',(1.55431223447522E-15,1.,4.31252256127834E-15));
#6277=DIRECTION('',(-1.,1.55431223447523E-15,-1.62023172656235E-15));
#6278=DIRECTION('',(1.55431223447522E-15,1.,4.31252256127834E-15));
#6279=DIRECTION('',(-1.,1.55431223447523E-15,-1.62023172656235E-15));
#6280=DIRECTION('',(1.55431223447522E-15,1.,4.31252256127834E-15));
#6281=DIRECTION('',(-1.62023172656236E-15,-4.31252256127834E-15,1.));
#6282=DIRECTION('',(-1.55431223447522E-15,-1.,-4.31252256127834E-15));
#6283=DIRECTION('',(-1.,1.55431223447523E-15,-1.62023172656235E-15));
#6284=DIRECTION('',(1.55431223447522E-15,1.,4.31252256127834E-15));
#6285=DIRECTION('',(1.,-1.55431223447523E-15,1.62023172656235E-15));
#6286=DIRECTION('',(1.,-1.55431223447523E-15,1.62023172656235E-15));
#6287=DIRECTION('',(-2.24474156202448E-15,-0.70710678118655,0.707106781186545));
#6288=DIRECTION('',(1.,-1.55431223447523E-15,1.62023172656235E-15));
#6289=DIRECTION('',(-2.24474156202448E-15,-0.70710678118655,0.707106781186545));
#6290=DIRECTION('',(-1.,1.55431223447523E-15,-1.62023172656235E-15));
#6291=DIRECTION('',(2.14951144368299E-15,0.871217352008779,-0.490897469497257));
#6292=DIRECTION('',(-6.48566051743745E-16,0.490897469497257,0.871217352008779));
#6293=DIRECTION('',(-1.,1.55431223447523E-15,-1.62023172656235E-15));
#6294=DIRECTION('',(6.48566051743745E-16,-0.490897469497257,-0.871217352008779));
#6295=DIRECTION('',(1.,-1.55431223447523E-15,1.62023172656235E-15));
#6296=DIRECTION('',(1.,-1.55431223447523E-15,1.62023172656235E-15));
#6297=DIRECTION('',(5.24526731084305E-16,0.86339373101073,0.50453073766756));
#6298=DIRECTION('',(1.,-1.55431223447523E-15,1.62023172656235E-15));
#6299=DIRECTION('',(5.24526731084305E-16,0.86339373101073,0.50453073766756));
#6300=DIRECTION('',(-1.55431223447522E-15,-1.,-4.31252256127834E-15));
#6301=DIRECTION('',(1.62023172656236E-15,4.31252256127834E-15,-1.));
#6302=DIRECTION('',(1.,-1.55431223447523E-15,1.62023172656235E-15));
#6303=DIRECTION('',(-1.62023172656236E-15,-4.31252256127834E-15,1.));
#6304=DIRECTION('',(1.,-1.55431223447523E-15,1.62023172656235E-15));
#6305=DIRECTION('',(1.17278572824368E-15,-0.253754456109858,-0.967268667953423));
#6306=DIRECTION('',(1.,-1.55431223447523E-15,1.62023172656235E-15));
#6307=DIRECTION('',(1.17278572824368E-15,-0.253754456109858,-0.967268667953423));
#6308=DIRECTION('',(-2.14951144368299E-15,-0.871217352008779,0.490897469497257));
#6309=DIRECTION('',(6.48566051743745E-16,-0.490897469497257,-0.871217352008779));
#6310=DIRECTION('',(-1.,1.55431223447523E-15,-1.62023172656235E-15));
#6311=DIRECTION('',(-6.48566051743745E-16,0.490897469497257,0.871217352008779));
#6312=DIRECTION('',(1.,-1.55431223447523E-15,1.62023172656235E-15));
#6313=DIRECTION('',(1.,-1.55431223447523E-15,1.62023172656235E-15));
#6314=DIRECTION('',(-5.24526731084302E-16,-0.863393731010729,-0.504530737667561));
#6315=DIRECTION('',(1.,-1.55431223447523E-15,1.62023172656235E-15));
#6316=DIRECTION('',(-5.24526731084302E-16,-0.863393731010729,-0.504530737667561));
#6317=DIRECTION('',(-1.,1.55431223447523E-15,-1.62023172656235E-15));
#6318=DIRECTION('',(-1.62023172656236E-15,-4.31252256127834E-15,1.));
#6319=DIRECTION('',(-1.55431223447522E-15,-1.,-4.31252256127834E-15));
#6320=DIRECTION('',(-1.,1.55431223447523E-15,-1.62023172656235E-15));
#6321=DIRECTION('',(1.55431223447522E-15,1.,4.46973298344597E-15));
#6322=DIRECTION('',(1.,-1.55431223447523E-15,1.62023172656235E-15));
#6323=DIRECTION('',(1.,-1.55431223447523E-15,1.62023172656235E-15));
#6324=DIRECTION('',(-2.18309621372412E-15,-0.504530737667561,0.863393731010729));
#6325=DIRECTION('',(1.,-1.55431223447523E-15,1.62023172656235E-15));
#6326=DIRECTION('',(-2.18309621372412E-15,-0.504530737667561,0.863393731010729));
#6327=DIRECTION('',(-5.11390887087043E-16,0.54498835059541,0.838443616300639));
#6328=DIRECTION('',(-2.18621058697531E-15,-0.838443616300639,0.54498835059541));
#6329=DIRECTION('',(-1.,1.55431223447523E-15,-1.62023172656235E-15));
#6330=DIRECTION('',(2.18621058697531E-15,0.838443616300639,-0.54498835059541));
#6331=DIRECTION('',(1.,-1.55431223447523E-15,1.62023172656235E-15));
#6332=DIRECTION('',(1.,-1.55431223447523E-15,1.62023172656235E-15));
#6333=DIRECTION('',(-1.11165535294373E-15,0.284215045079741,0.958760558299266));
#6334=DIRECTION('',(1.,-1.55431223447523E-15,1.62023172656235E-15));
#6335=DIRECTION('',(-1.11165535294373E-15,0.284215045079741,0.958760558299266));
#6336=DIRECTION('',(-1.62023172656236E-15,-4.31252256127834E-15,1.));
#6337=DIRECTION('',(-1.55431223447522E-15,-1.,-4.31252256127834E-15));
#6338=DIRECTION('',(-1.,1.55431223447523E-15,-1.62023172656235E-15));
#6339=DIRECTION('',(1.55431223447522E-15,1.,4.31252256127834E-15));
#6340=DIRECTION('',(1.,-1.55431223447523E-15,1.62023172656235E-15));
#6341=DIRECTION('',(1.,-1.55431223447523E-15,1.62023172656235E-15));
#6342=DIRECTION('',(-1.95070749890139E-15,-0.958760558299265,0.284215045079744));
#6343=DIRECTION('',(1.,-1.55431223447523E-15,1.62023172656235E-15));
#6344=DIRECTION('',(-1.95070749890139E-15,-0.958760558299265,0.284215045079744));
#6345=DIRECTION('',(-1.,1.55431223447523E-15,-1.62023172656235E-15));
#6346=DIRECTION('',(1.62023172656236E-15,4.31252256127834E-15,-1.));
#6347=DIRECTION('',(1.55431223447522E-15,1.,4.31252256127834E-15));
#6348=DIRECTION('',(1.,-1.55431223447523E-15,1.62023172656235E-15));
#6349=DIRECTION('',(-1.55431223447522E-15,-1.,-4.31252256127834E-15));
#6350=DIRECTION('',(1.,-1.55431223447523E-15,1.62023172656235E-15));
#6351=DIRECTION('',(1.95070749890139E-15,0.958760558299266,-0.284215045079742));
#6352=DIRECTION('',(1.,-1.55431223447523E-15,1.62023172656235E-15));
#6353=DIRECTION('',(1.95070749890139E-15,0.958760558299266,-0.284215045079742));
#6354=DIRECTION('',(5.11390887087043E-16,-0.54498835059541,-0.838443616300639));
#6355=DIRECTION('',(2.18621058697531E-15,0.838443616300639,-0.54498835059541));
#6356=DIRECTION('',(1.,-1.55431223447523E-15,1.62023172656235E-15));
#6357=DIRECTION('',(-2.18621058697531E-15,-0.838443616300639,0.54498835059541));
#6358=DIRECTION('',(1.,-1.55431223447523E-15,1.62023172656235E-15));
#6359=DIRECTION('',(2.16541753899347E-15,0.476975706616488,-0.878916477998736));
#6360=DIRECTION('',(1.,-1.55431223447523E-15,1.62023172656235E-15));
#6361=DIRECTION('',(2.16541753899347E-15,0.476975706616488,-0.878916477998736));
#6362=DIRECTION('',(-0.707106781186547,0.707106781186549,1.90373710615407E-15));
#6363=DIRECTION('',(0.707106781186549,0.707106781186547,4.19509078804572E-15));
#6364=DIRECTION('',(-1.,1.55431223447523E-15,-1.62023172656235E-15));
#6365=DIRECTION('',(1.62023172656236E-15,4.31252256127834E-15,-1.));
#6366=DIRECTION('',(1.55431223447522E-15,1.,4.31252256127834E-15));
#6367=DIRECTION('',(-1.,1.55431223447523E-15,-1.62023172656235E-15));
#6368=DIRECTION('',(-1.55431223447522E-15,-1.,-4.31252256127834E-15));
#6369=DIRECTION('',(1.,-1.55431223447523E-15,1.62023172656235E-15));
#6370=DIRECTION('',(1.,-1.55431223447523E-15,1.62023172656235E-15));
#6371=DIRECTION('',(2.24474156202448E-15,0.707106781186553,-0.707106781186542));
#6372=DIRECTION('',(1.,-1.55431223447523E-15,1.62023172656235E-15));
#6373=DIRECTION('',(2.24474156202448E-15,0.707106781186553,-0.707106781186542));
#6374=DIRECTION('',(-0.707106781186547,0.707106781186549,1.90373710615407E-15));
#6375=DIRECTION('',(0.707106781186549,0.707106781186547,4.1296702689339E-15));
#6376=DIRECTION('',(-1.,1.55431223447523E-15,-1.62023172656235E-15));
#6377=DIRECTION('',(1.55431223447522E-15,1.,4.31252256127834E-15));
#6378=DIRECTION('',(-1.62023172656236E-15,-4.31252256127834E-15,1.));
#6379=DIRECTION('',(1.,-1.55431223447523E-15,1.62023172656235E-15));
#6380=DIRECTION('',(1.62023172656236E-15,4.31252256127834E-15,-1.));
#6381=DIRECTION('',(1.,-1.55431223447523E-15,1.62023172656235E-15));
#6382=DIRECTION('',(-5.23145950627891E-16,0.540469385618957,0.841363680704525));
#6383=DIRECTION('',(-0.707106781186547,0.707106781186549,1.90373710615407E-15));
#6384=DIRECTION('',(0.707106781186549,0.707106781186547,4.19509078804572E-15));
#6385=DIRECTION('',(1.,-1.55431223447523E-15,1.62023172656235E-15));
#6386=DIRECTION('',(-5.23145950627891E-16,0.540469385618957,0.841363680704525));
#6387=DIRECTION('',(-1.,1.55431223447523E-15,-1.62023172656235E-15));
#6388=DIRECTION('',(2.11980097552504E-15,0.415785686417342,-0.909462623184955));
#6389=DIRECTION('',(7.39919721430428E-16,0.909462623184955,0.415785686417342));
#6390=DIRECTION('',(-1.,1.55431223447523E-15,-1.62023172656235E-15));
#6391=DIRECTION('',(-7.39919721430428E-16,-0.909462623184955,-0.415785686417342));
#6392=DIRECTION('',(1.,-1.55431223447523E-15,1.62023172656235E-15));
#6393=DIRECTION('',(1.,-1.55431223447523E-15,1.62023172656235E-15));
#6394=DIRECTION('',(1.17399634816378E-15,0.97710353166513,0.212764396475372));
#6395=DIRECTION('',(1.,-1.55431223447523E-15,1.62023172656235E-15));
#6396=DIRECTION('',(1.17399634816378E-15,0.97710353166513,0.212764396475372));
#6397=DIRECTION('',(-1.,1.55431223447523E-15,-1.62023172656235E-15));
#6398=DIRECTION('',(-2.11980097552504E-15,-0.415785686417342,0.909462623184955));
#6399=DIRECTION('',(-7.39919721430428E-16,-0.909462623184955,-0.415785686417342));
#6400=DIRECTION('',(1.,-1.55431223447523E-15,1.62023172656235E-15));
#6401=DIRECTION('',(7.39919721430428E-16,0.909462623184955,0.415785686417342));
#6402=DIRECTION('',(1.,-1.55431223447523E-15,1.62023172656235E-15));
#6403=DIRECTION('',(-2.18342750837764E-15,-0.841363680704531,0.540469385618948));
#6404=DIRECTION('',(1.,-1.55431223447523E-15,1.62023172656235E-15));
#6405=DIRECTION('',(-2.18342750837764E-15,-0.841363680704531,0.540469385618948));
#6406=DIRECTION('',(-1.,1.55431223447523E-15,-1.62023172656235E-15));
#6407=DIRECTION('',(-1.55431223447522E-15,-1.,-4.31252256127834E-15));
#6408=DIRECTION('',(1.62023172656236E-15,4.31252256127834E-15,-1.));
#6409=DIRECTION('',(1.,-1.55431223447523E-15,1.62023172656235E-15));
#6410=DIRECTION('',(-1.62023172656236E-15,-4.78192615216946E-15,1.));
#6411=DIRECTION('',(1.,-1.55431223447523E-15,1.62023172656235E-15));
#6412=DIRECTION('',(4.66121198671862E-17,-0.707106781186545,-0.707106781186551));
#6413=DIRECTION('',(1.,-1.55431223447523E-15,1.62023172656235E-15));
#6414=DIRECTION('',(4.66121198671862E-17,-0.707106781186545,-0.707106781186551));
#6415=DIRECTION('',(-1.55431223447522E-15,-1.,-4.31252256127834E-15));
#6416=DIRECTION('',(1.62023172656236E-15,4.31252256127834E-15,-1.));
#6417=DIRECTION('',(-1.,1.55431223447523E-15,-1.62023172656235E-15));
#6418=DIRECTION('',(-1.62023172656236E-15,-4.31252256127834E-15,1.));
#6419=DIRECTION('',(1.,-1.55431223447523E-15,1.62023172656235E-15));
#6420=DIRECTION('',(1.,-1.55431223447523E-15,1.62023172656235E-15));
#6421=DIRECTION('',(4.66121198671815E-17,-0.707106781186546,-0.707106781186549));
#6422=DIRECTION('',(1.,-1.55431223447523E-15,1.62023172656235E-15));
#6423=DIRECTION('',(4.66121198671815E-17,-0.707106781186546,-0.707106781186549));
#6424=DIRECTION('',(-1.,1.55431223447523E-15,-1.62023172656235E-15));
#6425=DIRECTION('',(2.3871447057756E-16,0.791147257349634,0.611625716585031));
#6426=DIRECTION('',(-2.23249922094845E-15,-0.611625716585031,0.791147257349634));
#6427=DIRECTION('',(-1.,1.55431223447523E-15,-1.62023172656235E-15));
#6428=DIRECTION('',(2.23249922094845E-15,0.611625716585031,-0.791147257349634));
#6429=DIRECTION('',(1.,-1.55431223447523E-15,1.62023172656235E-15));
#6430=DIRECTION('',(1.,-1.55431223447523E-15,1.62023172656235E-15));
#6431=DIRECTION('',(-2.03557935427977E-15,-0.32315069445258,0.946347520034166));
#6432=DIRECTION('',(1.,-1.55431223447523E-15,1.62023172656235E-15));
#6433=DIRECTION('',(-2.03557935427977E-15,-0.32315069445258,0.946347520034166));
#6434=DIRECTION('',(1.55431223447522E-15,1.,4.31252256127834E-15));
#6435=DIRECTION('',(-1.62023172656236E-15,-4.31252256127834E-15,1.));
#6436=DIRECTION('',(-1.,1.55431223447523E-15,-1.62023172656235E-15));
#6437=DIRECTION('',(1.62023172656236E-15,4.31252256127834E-15,-1.));
#6438=DIRECTION('',(1.,-1.55431223447523E-15,1.62023172656235E-15));
#6439=DIRECTION('',(1.,-1.55431223447523E-15,1.62023172656235E-15));
#6440=DIRECTION('',(9.47340520841676E-16,0.946347520034167,0.323150694452576));
#6441=DIRECTION('',(1.,-1.55431223447523E-15,1.62023172656235E-15));
#6442=DIRECTION('',(9.47340520841676E-16,0.946347520034167,0.323150694452576));
#6443=DIRECTION('',(1.62023172656236E-15,4.31252256127834E-15,-1.));
#6444=DIRECTION('',(1.55431223447522E-15,1.,4.31252256127834E-15));
#6445=DIRECTION('',(1.,-1.55431223447523E-15,1.62023172656235E-15));
#6446=DIRECTION('',(-1.55431223447522E-15,-1.,-4.31252256127834E-15));
#6447=DIRECTION('',(1.,-1.55431223447523E-15,1.62023172656235E-15));
#6448=DIRECTION('',(2.24474156202448E-15,0.70710678118655,-0.707106781186545));
#6449=DIRECTION('',(1.,-1.55431223447523E-15,1.62023172656235E-15));
#6450=DIRECTION('',(2.24474156202448E-15,0.70710678118655,-0.707106781186545));
#6451=DIRECTION('',(1.62023172656236E-15,4.31252256127834E-15,-1.));
#6452=DIRECTION('',(1.55431223447522E-15,1.,4.31252256127834E-15));
#6453=DIRECTION('',(-1.,1.55431223447523E-15,-1.62023172656235E-15));
#6454=DIRECTION('',(-1.55431223447522E-15,-1.,-4.31252256127834E-15));
#6455=DIRECTION('',(1.,-1.55431223447523E-15,1.62023172656235E-15));
#6456=DIRECTION('',(1.,-1.55431223447523E-15,1.62023172656235E-15));
#6457=DIRECTION('',(1.91383644664235E-15,0.212764396475358,-0.977103531665134));
#6458=DIRECTION('',(1.,-1.55431223447523E-15,1.62023172656235E-15));
#6459=DIRECTION('',(1.91383644664235E-15,0.212764396475358,-0.977103531665134));
#6460=DIRECTION('',(-2.38714470577557E-16,-0.791147257349633,-0.611625716585032));
#6461=DIRECTION('',(2.23249922094845E-15,0.611625716585032,-0.791147257349633));
#6462=DIRECTION('',(-1.,1.55431223447523E-15,-1.62023172656235E-15));
#6463=DIRECTION('',(-2.23249922094845E-15,-0.611625716585032,0.791147257349633));
#6464=DIRECTION('',(1.,-1.55431223447523E-15,1.62023172656235E-15));
#6465=DIRECTION('',(1.,-1.55431223447523E-15,1.62023172656235E-15));
#6466=DIRECTION('',(7.69501058674611E-16,-0.440666701382671,-0.897670796167791));
#6467=DIRECTION('',(1.,-1.55431223447523E-15,1.62023172656235E-15));
#6468=DIRECTION('',(7.69501058674611E-16,-0.440666701382671,-0.897670796167791));
#6469=DIRECTION('',(-1.62023172656236E-15,-4.31252256127834E-15,1.));
#6470=DIRECTION('',(-1.55431223447522E-15,-1.,-4.31252256127834E-15));
#6471=DIRECTION('',(1.,-1.55431223447523E-15,1.62023172656235E-15));
#6472=DIRECTION('',(1.55431223447522E-15,1.,4.31252256127834E-15));
#6473=DIRECTION('',(1.,-1.55431223447523E-15,1.62023172656235E-15));
#6474=DIRECTION('',(-2.1092428714345E-15,-0.897670796167793,0.440666701382668));
#6475=DIRECTION('',(1.,-1.55431223447523E-15,1.62023172656235E-15));
#6476=DIRECTION('',(-2.1092428714345E-15,-0.897670796167793,0.440666701382668));
#6477=DIRECTION('',(1.55431223447522E-15,1.,4.31252256127834E-15));
#6478=DIRECTION('',(-1.62023172656236E-15,-4.31252256127834E-15,1.));
#6479=DIRECTION('',(1.,-1.55431223447523E-15,1.62023172656235E-15));
#6480=DIRECTION('',(1.62023172656236E-15,4.31252256127834E-15,-1.));
#6481=DIRECTION('',(1.,-1.55431223447523E-15,1.62023172656235E-15));
#6482=DIRECTION('',(-4.66121198671783E-17,0.707106781186547,0.707106781186548));
#6483=DIRECTION('',(-0.707106781186547,0.707106781186549,1.90373710615407E-15));
#6484=DIRECTION('',(0.707106781186549,0.707106781186547,4.26051130715754E-15));
#6485=DIRECTION('',(1.,-1.55431223447523E-15,1.62023172656235E-15));
#6486=DIRECTION('',(-4.66121198671783E-17,0.707106781186547,0.707106781186548));
#6487=DIRECTION('',(1.55431223447522E-15,1.,4.31252256127834E-15));
#6488=DIRECTION('',(1.62023172656236E-15,4.31252256127834E-15,-1.));
#6489=DIRECTION('',(-0.866025403784438,3.50233516110768E-15,-0.5));
#6490=DIRECTION('',(-0.86602540378444,-8.10187400170665E-16,0.5));
#6491=DIRECTION('',(-1.62023172656236E-15,-4.31252256127834E-15,1.));
#6492=DIRECTION('',(0.866025403784438,-3.50233516110768E-15,0.5));
#6493=DIRECTION('',(0.86602540378444,8.10187400170665E-16,-0.5));
#6494=DIRECTION('',(1.62023172656236E-15,4.31252256127834E-15,-1.));
#6495=DIRECTION('',(-1.62023172656236E-15,-4.31252256127834E-15,1.));
#6496=DIRECTION('',(1.,-1.55431223447523E-15,1.62023172656235E-15));
#6497=DIRECTION('',(-1.55431223447522E-15,-1.,-4.31252256127834E-15));
#6498=DIRECTION('',(1.62023172656236E-15,4.31252256127834E-15,-1.));
#6499=DIRECTION('',(-1.,1.55431223447523E-15,-1.62023172656235E-15));
#6500=DIRECTION('',(1.62023172656236E-15,4.31252256127834E-15,-1.));
#6501=DIRECTION('',(1.,-1.55431223447523E-15,1.62023172656235E-15));
#6502=DIRECTION('',(0.707106781186549,0.707106781186547,4.19509078804572E-15));
#6503=DIRECTION('',(-1.55431223447522E-15,-1.,-4.31252256127834E-15));
#6504=DIRECTION('',(-1.55431223447522E-15,-1.,-4.31252256127834E-15));
#6505=DIRECTION('',(-1.62023172656236E-15,-4.31252256127834E-15,1.));
#6506=DIRECTION('',(-1.,1.55431223447523E-15,-1.62023172656235E-15));
#6507=DIRECTION('',(-0.707106781186549,-0.707106781186547,-4.19509078804572E-15));
#6508=DIRECTION('',(1.55431223447522E-15,1.,4.31252256127834E-15));
#6509=DIRECTION('',(-1.55431223447522E-15,-1.,-4.31252256127834E-15));
#6510=DIRECTION('',(-1.55431223447522E-15,-1.,-4.31252256127834E-15));
#6511=DIRECTION('',(1.,-1.55431223447523E-15,1.78104399153001E-15));
#6512=DIRECTION('',(-1.55431223447522E-15,-1.,-4.31252256127834E-15));
#6513=DIRECTION('',(-1.55431223447522E-15,-1.,-4.31252256127834E-15));
#6514=DIRECTION('',(1.62023172656236E-15,4.31252256127834E-15,-1.));
#6515=DIRECTION('',(-1.55431223447522E-15,-1.,-4.31252256127834E-15));
#6516=DIRECTION('',(-1.62023172656236E-15,-4.31252256127834E-15,1.));
#6517=DIRECTION('',(-1.,1.55431223447523E-15,-1.62023172656235E-15));
#6518=DIRECTION('',(-0.707106781186543,0.707106781186552,1.90373710615409E-15));
#6519=DIRECTION('',(-1.,1.55431223447523E-15,-1.62023172656235E-15));
#6520=DIRECTION('',(1.55431223447522E-15,1.,4.31252256127834E-15));
#6521=DIRECTION('',(1.62023172656236E-15,4.31252256127834E-15,-1.));
#6522=DIRECTION('',(0.866025403784438,-3.50233516110768E-15,0.5));
#6523=DIRECTION('',(0.86602540378444,8.10187400170665E-16,-0.5));
#6524=DIRECTION('',(1.62023172656236E-15,4.31252256127834E-15,-1.));
#6525=DIRECTION('',(-0.866025403784438,3.50233516110768E-15,-0.5));
#6526=DIRECTION('',(-0.86602540378444,-8.10187400170665E-16,0.5));
#6527=DIRECTION('',(-1.62023172656236E-15,-4.31252256127834E-15,1.));
#6528=DIRECTION('',(-1.62023172656236E-15,-4.31252256127834E-15,1.));
#6529=DIRECTION('',(1.,-1.55431223447523E-15,1.62023172656235E-15));
#6530=DIRECTION('',(-1.55431223447522E-15,-1.,-4.31252256127834E-15));
#6531=DIRECTION('',(1.62023172656236E-15,4.31252256127834E-15,-1.));
#6532=DIRECTION('',(-1.,1.55431223447523E-15,-1.62023172656235E-15));
#6533=DIRECTION('',(-1.62023172656236E-15,-4.31252256127834E-15,1.));
#6534=DIRECTION('',(-1.,1.55431223447523E-15,-1.62023172656235E-15));
#6535=DIRECTION('',(-0.707106781186549,-0.707106781186547,-4.19509078804572E-15));
#6536=DIRECTION('',(1.55431223447522E-15,1.,4.31252256127834E-15));
#6537=DIRECTION('',(-1.55431223447522E-15,-1.,-4.31252256127834E-15));
#6538=DIRECTION('',(-1.55431223447522E-15,-1.,-4.31252256127834E-15));
#6539=DIRECTION('',(1.,-1.55431223447523E-15,1.55899938660498E-15));
#6540=DIRECTION('',(-1.55431223447522E-15,-1.,-4.31252256127834E-15));
#6541=DIRECTION('',(-1.55431223447522E-15,-1.,-4.31252256127834E-15));
#6542=DIRECTION('',(1.62023172656236E-15,4.31252256127834E-15,-1.));
#6543=DIRECTION('',(-1.55431223447522E-15,-1.,-4.31252256127834E-15));
#6544=DIRECTION('',(-1.62023172656236E-15,-4.31252256127834E-15,1.));
#6545=DIRECTION('',(-1.,1.55431223447523E-15,-1.62023172656235E-15));
#6546=DIRECTION('',(-0.707106781186543,0.707106781186552,1.90373710615409E-15));
#6547=DIRECTION('',(-1.,1.55431223447523E-15,-1.62023172656235E-15));
#6548=DIRECTION('',(-1.55431223447522E-15,-1.,-4.31252256127834E-15));
#6549=DIRECTION('',(-1.,1.55431223447522E-15,2.11617897211025E-15));
#6550=DIRECTION('',(-1.55431223447522E-15,-1.,-4.31252256127834E-15));
#6551=DIRECTION('',(1.62023172656236E-15,4.31252256127834E-15,-1.));
#6552=DIRECTION('',(-1.55431223447522E-15,-1.,-4.31252256127834E-15));
#6553=DIRECTION('',(-1.55431223447522E-15,-1.,-4.31252256127834E-15));
#6554=DIRECTION('',(1.62023172656236E-15,4.31252256127834E-15,-1.));
#6555=DIRECTION('',(-1.55431223447522E-15,-1.,-4.31252256127834E-15));
#6556=DIRECTION('',(0.825,1.15484004519518E-15,-0.565132727772862));
#6557=DIRECTION('',(0.565132727772862,-4.43622382593435E-15,0.825));
#6558=DIRECTION('',(0.565132727772862,-4.43622382593435E-15,0.825));
#6559=DIRECTION('',(-1.55431223447522E-15,-1.,-4.31252256127834E-15));
#6560=DIRECTION('',(0.565132727772862,-4.43622382593435E-15,0.825));
#6561=DIRECTION('',(-1.55431223447522E-15,-1.,-4.31252256127834E-15));
#6562=DIRECTION('',(0.825,-3.71945523207929E-15,0.565132727772859));
#6563=DIRECTION('',(-0.565132727772859,-2.67943840017492E-15,0.825));
#6564=DIRECTION('',(-0.565132727772859,-2.67943840017492E-15,0.825));
#6565=DIRECTION('',(-1.55431223447522E-15,-1.,-4.31252256127834E-15));
#6566=DIRECTION('',(-0.565132727772859,-2.67943840017492E-15,0.825));
#6567=DIRECTION('',(0.825,-3.71945523207927E-15,0.565132727772855));
#6568=DIRECTION('',(-0.565132727772855,-2.67943840017493E-15,0.825));
#6569=DIRECTION('',(-0.565132727772855,-2.67943840017493E-15,0.825));
#6570=DIRECTION('',(-1.55431223447522E-15,-1.,-4.31252256127834E-15));
#6571=DIRECTION('',(-0.565132727772855,-2.67943840017493E-15,0.825));
#6572=DIRECTION('',(-1.55431223447522E-15,-1.,-4.31252256127834E-15));
#6573=DIRECTION('',(0.825,1.15484004519516E-15,-0.565132727772859));
#6574=DIRECTION('',(0.565132727772859,-4.43622382593435E-15,0.825));
#6575=DIRECTION('',(0.565132727772859,-4.43622382593435E-15,0.825));
#6576=DIRECTION('',(0.565132727772859,-4.43622382593435E-15,0.825));
#6577=DIRECTION('',(-1.55431223447522E-15,-1.,-4.31252256127834E-15));
#6578=DIRECTION('',(0.825,-3.71945523207927E-15,0.565132727772857));
#6579=DIRECTION('',(-0.565132727772857,-2.67943840017492E-15,0.825));
#6580=DIRECTION('',(-0.565132727772857,-2.67943840017492E-15,0.825));
#6581=DIRECTION('',(-1.55431223447522E-15,-1.,-4.31252256127834E-15));
#6582=DIRECTION('',(-0.565132727772857,-2.67943840017492E-15,0.825));
#6583=DIRECTION('',(-1.55431223447522E-15,-1.,-4.31252256127834E-15));
#6584=DIRECTION('',(0.825,1.15484004519516E-15,-0.565132727772859));
#6585=DIRECTION('',(0.565132727772859,-4.43622382593435E-15,0.825));
#6586=DIRECTION('',(0.565132727772859,-4.43622382593435E-15,0.825));
#6587=DIRECTION('',(0.565132727772859,-4.43622382593435E-15,0.825));
#6588=DIRECTION('',(-1.55431223447522E-15,-1.,-4.31252256127834E-15));
#6589=DIRECTION('',(1.62023172656236E-15,4.31252256127834E-15,-1.));
#6590=DIRECTION('',(1.,-1.55431223447523E-15,1.62023172656235E-15));
#6591=DIRECTION('',(0.707106781186543,-0.707106781186552,-1.90373710615409E-15));
#6592=DIRECTION('',(1.,-1.55431223447523E-15,1.62023172656235E-15));
#6593=DIRECTION('',(1.55431223447522E-15,1.,4.31252256127834E-15));
#6594=DIRECTION('',(1.62023172656236E-15,4.31252256127834E-15,-1.));
#6595=DIRECTION('',(-0.866025403784438,3.50233516110768E-15,-0.5));
#6596=DIRECTION('',(-0.86602540378444,-8.10187400170665E-16,0.5));
#6597=DIRECTION('',(-1.62023172656236E-15,-4.31252256127834E-15,1.));
#6598=DIRECTION('',(0.866025403784438,-3.50233516110768E-15,0.5));
#6599=DIRECTION('',(0.86602540378444,8.10187400170665E-16,-0.5));
#6600=DIRECTION('',(1.62023172656236E-15,4.31252256127834E-15,-1.));
#6601=DIRECTION('',(1.04912921784394E-14,-4.31252256127836E-15,1.));
#6602=DIRECTION('',(-0.707106781186549,-0.707106781186547,-4.19509078804572E-15));
#6603=DIRECTION('',(0.707106781186547,-0.707106781186549,-1.90373710615407E-15));
#6604=DIRECTION('',(1.62023172656236E-15,4.31252256127834E-15,-1.));
#6605=DIRECTION('',(1.,-1.55431223447523E-15,1.62023172656235E-15));
#6606=DIRECTION('',(0.707106781186543,-0.707106781186552,-1.90373710615409E-15));
#6607=DIRECTION('',(1.,-1.55431223447523E-15,1.62023172656235E-15));
#6608=DIRECTION('',(1.55431223447522E-15,1.,4.31252256127834E-15));
#6609=DIRECTION('',(1.62023172656236E-15,4.31252256127834E-15,-1.));
#6610=DIRECTION('',(-0.866025403784438,3.50233516110768E-15,-0.5));
#6611=DIRECTION('',(-0.86602540378444,-8.10187400170665E-16,0.5));
#6612=DIRECTION('',(-1.62023172656236E-15,-4.31252256127834E-15,1.));
#6613=DIRECTION('',(0.866025403784438,-3.50233516110768E-15,0.5));
#6614=DIRECTION('',(0.86602540378444,8.10187400170665E-16,-0.5));
#6615=DIRECTION('',(1.62023172656236E-15,4.31252256127834E-15,-1.));
#6616=DIRECTION('',(1.04912921784394E-14,-4.31252256127836E-15,1.));
#6617=DIRECTION('',(-0.707106781186549,-0.707106781186547,-4.19509078804572E-15));
#6618=DIRECTION('',(0.707106781186547,-0.707106781186549,-1.90373710615407E-15));
#6619=DIRECTION('',(1.55431223447522E-15,1.,4.31252256127834E-15));
#6620=DIRECTION('',(-1.,1.55431223447523E-15,-1.62023172656235E-15));
#6621=DIRECTION('',(-1.55431223447522E-15,-1.,-4.31252256127834E-15));
#6622=DIRECTION('',(1.62023172656236E-15,4.31252256127834E-15,-1.));
#6623=DIRECTION('',(-1.55431223447522E-15,-1.,-4.31252256127834E-15));
#6624=DIRECTION('',(1.62023172656236E-15,4.31252256127834E-15,-1.));
#6625=DIRECTION('',(-1.55431223447522E-15,-1.,-4.31252256127834E-15));
#6626=DIRECTION('',(1.62023172656236E-15,4.31252256127834E-15,-1.));
#6627=DIRECTION('',(0.565132727772862,-4.43622382593435E-15,0.825));
#6628=DIRECTION('',(-0.565132727772858,-2.67943840017492E-15,0.825));
#6629=DIRECTION('',(-1.62023172656236E-15,-4.31252256127834E-15,1.));
#6630=DIRECTION('',(1.62023172656236E-15,4.31252256127834E-15,-1.));
#6631=DIRECTION('',(-0.707106781186547,4.14847866817854E-15,-0.707106781186549));
#6632=DIRECTION('',(-1.62023172656236E-15,-4.31252256127834E-15,1.));
#6633=DIRECTION('',(1.,-1.55431223447523E-15,1.62023172656235E-15));
#6634=DIRECTION('',(1.,-1.55431223447523E-15,1.62023172656235E-15));
#6635=DIRECTION('',(1.55431223447522E-15,1.,4.31252256127834E-15));
#6636=DIRECTION('',(-1.62023172656236E-15,-4.31252256127834E-15,1.));
#6637=DIRECTION('',(1.55431223447523E-15,1.,4.31252256127834E-15));
#6638=DIRECTION('',(-1.62023172656236E-15,-4.31252256127834E-15,1.));
#6639=DIRECTION('',(-0.707106781186547,0.707106781186549,1.90373710615407E-15));
#6640=DIRECTION('',(-0.707106781186549,-0.707106781186547,-4.19509078804572E-15));
#6641=DIRECTION('',(0.577350269189626,0.577350269189622,0.577350269189629));
#6642=DIRECTION('',(-1.,1.55431223447523E-15,-1.62023172656235E-15));
#6643=DIRECTION('',(1.55431223447522E-15,1.,4.31252256127834E-15));
#6644=DIRECTION('',(1.55431223447523E-15,1.,4.31252256127834E-15));
#6645=DIRECTION('',(1.,-1.55431223447523E-15,1.62023172656235E-15));
#6646=DIRECTION('',(1.55431223447522E-15,1.,4.31252256127834E-15));
#6647=DIRECTION('',(1.,-1.55431223447523E-15,1.62023172656235E-15));
#6648=DIRECTION('',(1.55431223447522E-15,1.,4.31252256127834E-15));
#6649=DIRECTION('',(1.62023172656236E-15,4.31252256127834E-15,-1.));
#6650=DIRECTION('',(-1.,1.55431223447523E-15,-1.62023172656235E-15));
#6651=DIRECTION('',(-1.62023172656235E-15,0.,1.));
#6652=DIRECTION('',(-1.55431223447523E-15,-1.,-8.87469916822561E-32));
#6653=DIRECTION('',(-1.,1.55431223447523E-15,-1.62023172656235E-15));
#6654=DIRECTION('',(-1.62023172656235E-15,0.,1.));
#6655=DIRECTION('',(1.55431223447522E-15,1.,4.31252256127834E-15));
#6656=DIRECTION('',(-1.62023172656236E-15,-4.31252256127834E-15,1.));
#6657=DIRECTION('',(1.,-1.55431223447523E-15,1.62023172656235E-15));
#6658=DIRECTION('',(1.,-1.55431223447523E-15,1.62023172656235E-15));
#6659=DIRECTION('',(1.55431223447522E-15,1.,4.31252256127834E-15));
#6660=DIRECTION('',(1.,-1.55431223447523E-15,1.62023172656235E-15));
#6661=DIRECTION('',(1.,-1.55431223447523E-15,1.62023172656235E-15));
#6662=DIRECTION('',(1.,-1.55431223447523E-15,1.62023172656235E-15));
#6663=DIRECTION('',(1.55431223447522E-15,1.,4.31252256127834E-15));
#6664=DIRECTION('',(1.,-1.55431223447523E-15,1.62023172656235E-15));
#6665=DIRECTION('',(-1.55431223447522E-15,-1.,-4.31252256127834E-15));
#6666=DIRECTION('',(-1.,1.55431223447521E-15,3.8925358115105E-15));
#6667=DIRECTION('',(-1.55431223447522E-15,-1.,-4.31252256127834E-15));
#6668=DIRECTION('',(1.62023172656236E-15,4.31252256127834E-15,-1.));
#6669=DIRECTION('',(-1.55431223447522E-15,-1.,-4.31252256127834E-15));
#6670=DIRECTION('',(-1.,1.55431223447522E-15,2.11617897211025E-15));
#6671=DIRECTION('',(-1.55431223447522E-15,-1.,-4.31252256127834E-15));
#6672=DIRECTION('',(1.62023172656236E-15,4.31252256127834E-15,-1.));
#6673=DIRECTION('',(-1.55431223447522E-15,-1.,-4.31252256127834E-15));
#6674=DIRECTION('',(-1.,1.5543122344752E-15,5.66889265091075E-15));
#6675=DIRECTION('',(-1.55431223447522E-15,-1.,-4.31252256127834E-15));
#6676=DIRECTION('',(1.62023172656236E-15,4.31252256127834E-15,-1.));
#6677=DIRECTION('',(0.825,-3.71945523207928E-15,0.565132727772858));
#6678=DIRECTION('',(-0.565132727772858,-2.67943840017492E-15,0.825));
#6679=DIRECTION('',(-0.565132727772858,-2.67943840017492E-15,0.825));
#6680=DIRECTION('',(-1.55431223447522E-15,-1.,-4.31252256127834E-15));
#6681=DIRECTION('',(0.825,1.15484004519518E-15,-0.565132727772862));
#6682=DIRECTION('',(0.565132727772862,-4.43622382593435E-15,0.825));
#6683=DIRECTION('',(0.565132727772862,-4.43622382593435E-15,0.825));
#6684=DIRECTION('',(-1.55431223447522E-15,-1.,-4.31252256127834E-15));
#6685=DIRECTION('',(1.,-1.55431223447523E-15,1.62023172656235E-15));
#6686=DIRECTION('',(0.86602540378444,8.10187400170665E-16,-0.5));
#6687=DIRECTION('',(0.866025403784438,-3.50233516110768E-15,0.5));
#6688=DIRECTION('',(-1.62023172656236E-15,-4.31252256127834E-15,1.));
#6689=DIRECTION('',(-0.86602540378444,-8.10187400170665E-16,0.5));
#6690=DIRECTION('',(-0.866025403784438,3.50233516110768E-15,-0.5));
#6691=DIRECTION('',(1.62023172656236E-15,4.31252256127834E-15,-1.));
#6692=DIRECTION('',(0.5,-4.51191020969819E-15,0.86602540378444));
#6693=DIRECTION('',(0.86602540378444,8.10187400170665E-16,-0.5));
#6694=DIRECTION('',(1.55431223447522E-15,1.,4.31252256127834E-15));
#6695=DIRECTION('',(1.55431223447522E-15,1.,4.31252256127834E-15));
#6696=DIRECTION('',(1.,-1.55431223447523E-15,1.62023172656235E-15));
#6697=DIRECTION('',(1.62023172656236E-15,4.31252256127834E-15,-1.));
#6698=DIRECTION('',(1.55431223447522E-15,1.,4.31252256127834E-15));
#6699=DIRECTION('',(0.5,2.95759797522296E-15,-0.866025403784438));
#6700=DIRECTION('',(-0.866025403784438,3.50233516110768E-15,-0.5));
#6701=DIRECTION('',(1.55431223447522E-15,1.,4.31252256127834E-15));
#6702=DIRECTION('',(-0.5,4.51191020969819E-15,-0.86602540378444));
#6703=DIRECTION('',(-0.86602540378444,-8.10187400170665E-16,0.5));
#6704=DIRECTION('',(1.55431223447522E-15,1.,4.31252256127834E-15));
#6705=DIRECTION('',(-1.,1.55431223447523E-15,-1.62023172656235E-15));
#6706=DIRECTION('',(-1.62023172656236E-15,-4.31252256127834E-15,1.));
#6707=DIRECTION('',(1.55431223447522E-15,1.,4.31252256127834E-15));
#6708=DIRECTION('',(-0.5,-2.95759797522296E-15,0.866025403784438));
#6709=DIRECTION('',(0.866025403784438,-3.50233516110768E-15,0.5));
#6710=DIRECTION('',(-1.55431223447522E-15,-1.,-4.31252256127834E-15));
#6711=DIRECTION('',(1.,-1.55431223447523E-15,1.62023172656235E-15));
#6712=DIRECTION('',(-0.86602540378444,-8.10187400170665E-16,0.5));
#6713=DIRECTION('',(-0.866025403784438,3.50233516110768E-15,-0.5));
#6714=DIRECTION('',(1.62023172656236E-15,4.31252256127834E-15,-1.));
#6715=DIRECTION('',(0.86602540378444,8.10187400170665E-16,-0.5));
#6716=DIRECTION('',(0.866025403784438,-3.50233516110768E-15,0.5));
#6717=DIRECTION('',(-1.62023172656236E-15,-4.31252256127834E-15,1.));
#6718=DIRECTION('',(-0.5,4.51191020969819E-15,-0.86602540378444));
#6719=DIRECTION('',(-0.86602540378444,-8.10187400170665E-16,0.5));
#6720=DIRECTION('',(1.55431223447522E-15,1.,4.31252256127834E-15));
#6721=DIRECTION('',(1.55431223447522E-15,1.,4.31252256127834E-15));
#6722=DIRECTION('',(-1.,1.55431223447523E-15,-1.62023172656235E-15));
#6723=DIRECTION('',(-1.62023172656236E-15,-4.31252256127834E-15,1.));
#6724=DIRECTION('',(1.55431223447522E-15,1.,4.31252256127834E-15));
#6725=DIRECTION('',(-0.5,-2.95759797522296E-15,0.866025403784438));
#6726=DIRECTION('',(0.866025403784438,-3.50233516110768E-15,0.5));
#6727=DIRECTION('',(1.55431223447522E-15,1.,4.31252256127834E-15));
#6728=DIRECTION('',(0.5,-4.51191020969819E-15,0.86602540378444));
#6729=DIRECTION('',(0.86602540378444,8.10187400170665E-16,-0.5));
#6730=DIRECTION('',(1.55431223447522E-15,1.,4.31252256127834E-15));
#6731=DIRECTION('',(1.,-1.55431223447523E-15,1.62023172656235E-15));
#6732=DIRECTION('',(1.62023172656236E-15,4.31252256127834E-15,-1.));
#6733=DIRECTION('',(1.55431223447522E-15,1.,4.31252256127834E-15));
#6734=DIRECTION('',(0.5,2.95759797522296E-15,-0.866025403784438));
#6735=DIRECTION('',(-0.866025403784438,3.50233516110768E-15,-0.5));
#6736=DIRECTION('',(-1.55431223447522E-15,-1.,-4.31252256127834E-15));
#6737=DIRECTION('',(1.,-1.55431223447523E-15,1.62023172656235E-15));
#6738=DIRECTION('',(-0.86602540378444,-8.10187400170665E-16,0.5));
#6739=DIRECTION('',(-0.866025403784438,3.50233516110768E-15,-0.5));
#6740=DIRECTION('',(1.62023172656236E-15,4.31252256127834E-15,-1.));
#6741=DIRECTION('',(0.86602540378444,8.10187400170665E-16,-0.5));
#6742=DIRECTION('',(0.866025403784438,-3.50233516110768E-15,0.5));
#6743=DIRECTION('',(-1.62023172656236E-15,-4.31252256127834E-15,1.));
#6744=DIRECTION('',(-0.5,4.51191020969819E-15,-0.86602540378444));
#6745=DIRECTION('',(-0.86602540378444,-8.10187400170665E-16,0.5));
#6746=DIRECTION('',(1.55431223447522E-15,1.,4.31252256127834E-15));
#6747=DIRECTION('',(1.55431223447522E-15,1.,4.31252256127834E-15));
#6748=DIRECTION('',(-1.,1.55431223447523E-15,-1.62023172656235E-15));
#6749=DIRECTION('',(-1.62023172656236E-15,-4.31252256127834E-15,1.));
#6750=DIRECTION('',(1.55431223447522E-15,1.,4.31252256127834E-15));
#6751=DIRECTION('',(-0.5,-2.95759797522296E-15,0.866025403784438));
#6752=DIRECTION('',(0.866025403784438,-3.50233516110768E-15,0.5));
#6753=DIRECTION('',(1.55431223447522E-15,1.,4.31252256127834E-15));
#6754=DIRECTION('',(0.5,-4.51191020969819E-15,0.86602540378444));
#6755=DIRECTION('',(0.86602540378444,8.10187400170665E-16,-0.5));
#6756=DIRECTION('',(1.55431223447522E-15,1.,4.31252256127834E-15));
#6757=DIRECTION('',(1.,-1.55431223447523E-15,1.62023172656235E-15));
#6758=DIRECTION('',(1.62023172656236E-15,4.31252256127834E-15,-1.));
#6759=DIRECTION('',(1.55431223447522E-15,1.,4.31252256127834E-15));
#6760=DIRECTION('',(0.5,2.95759797522296E-15,-0.866025403784438));
#6761=DIRECTION('',(-0.866025403784438,3.50233516110768E-15,-0.5));
#6762=DIRECTION('',(-0.5,4.51191020969819E-15,-0.86602540378444));
#6763=DIRECTION('',(-0.86602540378444,-8.10187400170665E-16,0.5));
#6764=DIRECTION('',(1.55431223447522E-15,1.,4.31252256127834E-15));
#6765=DIRECTION('',(-0.86602540378444,-8.10187400170665E-16,0.5));
#6766=DIRECTION('',(1.55431223447522E-15,1.,4.31252256127834E-15));
#6767=DIRECTION('',(-1.,1.55431223447523E-15,-1.62023172656235E-15));
#6768=DIRECTION('',(-1.62023172656236E-15,-4.31252256127834E-15,1.));
#6769=DIRECTION('',(-1.62023172656236E-15,-4.31252256127834E-15,1.));
#6770=DIRECTION('',(1.55431223447522E-15,1.,4.31252256127834E-15));
#6771=DIRECTION('',(-0.5,-2.95759797522296E-15,0.866025403784438));
#6772=DIRECTION('',(0.866025403784438,-3.50233516110768E-15,0.5));
#6773=DIRECTION('',(0.866025403784438,-3.50233516110768E-15,0.5));
#6774=DIRECTION('',(1.55431223447522E-15,1.,4.31252256127834E-15));
#6775=DIRECTION('',(0.5,-4.51191020969819E-15,0.86602540378444));
#6776=DIRECTION('',(0.86602540378444,8.10187400170665E-16,-0.5));
#6777=DIRECTION('',(0.86602540378444,8.10187400170665E-16,-0.5));
#6778=DIRECTION('',(1.55431223447522E-15,1.,4.31252256127834E-15));
#6779=DIRECTION('',(1.,-1.55431223447523E-15,1.62023172656235E-15));
#6780=DIRECTION('',(1.62023172656236E-15,4.31252256127834E-15,-1.));
#6781=DIRECTION('',(1.62023172656236E-15,4.31252256127834E-15,-1.));
#6782=DIRECTION('',(1.55431223447522E-15,1.,4.31252256127834E-15));
#6783=DIRECTION('',(0.5,2.95759797522296E-15,-0.866025403784438));
#6784=DIRECTION('',(-0.866025403784438,3.50233516110768E-15,-0.5));
#6785=DIRECTION('',(-0.866025403784438,3.50233516110768E-15,-0.5));
#6786=DIRECTION('',(-1.55431223447522E-15,-1.,-4.31252256127834E-15));
#6787=DIRECTION('',(1.,-1.55431223447523E-15,1.62023172656235E-15));
#6788=DIRECTION('',(-1.55431223447522E-15,-1.,-4.31252256127834E-15));
#6789=DIRECTION('',(1.,-1.55431223447523E-15,1.80392874643445E-15));
#6790=DIRECTION('',(0.707106781186547,-0.707106781186549,-1.90373710615407E-15));
#6791=DIRECTION('',(0.707106781186549,0.707106781186547,4.19509078804572E-15));
#6792=DIRECTION('',(-1.55431223447522E-15,-1.,-4.31252256127834E-15));
#6793=DIRECTION('',(0.707106781186547,-0.707106781186549,-1.90373710615407E-15));
#6794=DIRECTION('',(0.707106781186549,0.707106781186547,4.19509078804572E-15));
#6795=DIRECTION('',(1.62023172656236E-15,4.31252256127834E-15,-1.));
#6796=DIRECTION('',(1.,-1.55431223447523E-15,1.62023172656235E-15));
#6797=DIRECTION('',(0.707106781186549,0.707106781186547,4.19509078804572E-15));
#6798=DIRECTION('',(-1.55431223447522E-15,-1.,-4.31252256127834E-15));
#6799=DIRECTION('',(0.707106781186547,-0.707106781186549,-1.90373710615407E-15));
#6800=DIRECTION('',(0.707106781186549,0.707106781186547,4.19509078804572E-15));
#6801=DIRECTION('',(1.62023172656236E-15,4.31252256127834E-15,-1.));
#6802=DIRECTION('',(0.707106781186547,-0.707106781186549,-1.90373710615407E-15));
#6803=DIRECTION('',(0.707106781186549,0.707106781186547,4.19509078804572E-15));
#6804=DIRECTION('',(-1.62023172656236E-15,-4.31252256127834E-15,1.));
#6805=DIRECTION('',(-1.62023172656236E-15,-4.31252256127834E-15,1.));
#6806=DIRECTION('',(1.62023172656236E-15,4.31252256127834E-15,-1.));
#6807=DIRECTION('',(1.62023172656236E-15,4.31252256127834E-15,-1.));
#6808=DIRECTION('',(-1.55431223447522E-15,-1.,-4.31252256127834E-15));
#6809=DIRECTION('',(1.,-1.55431223447523E-15,1.55899938660498E-15));
#6810=DIRECTION('',(0.707106781186547,-0.707106781186549,-1.90373710615407E-15));
#6811=DIRECTION('',(0.707106781186549,0.707106781186547,4.19509078804572E-15));
#6812=DIRECTION('',(0.707106781186547,-0.707106781186549,-1.90373710615407E-15));
#6813=DIRECTION('',(0.707106781186549,0.707106781186547,4.19509078804572E-15));
#6814=DIRECTION('',(1.62023172656236E-15,4.31252256127834E-15,-1.));
#6815=DIRECTION('',(0.707106781186547,-0.707106781186549,-1.90373710615407E-15));
#6816=DIRECTION('',(0.707106781186549,0.707106781186547,4.19509078804572E-15));
#6817=DIRECTION('',(1.62023172656236E-15,4.31252256127834E-15,-1.));
#6818=DIRECTION('',(1.,-1.55431223447523E-15,1.62023172656235E-15));
#6819=DIRECTION('',(1.55431223447522E-15,1.,4.31252256127834E-15));
#6820=DIRECTION('',(1.55431223447523E-15,1.,4.31252256127835E-15));
#6821=DIRECTION('',(1.62023172656236E-15,4.31252256127834E-15,-1.));
#6822=DIRECTION('',(-1.,1.55431223447523E-15,-1.62023172656235E-15));
#6823=DIRECTION('',(1.55431223447523E-15,1.,0.));
#6824=DIRECTION('',(1.,-1.55431223447523E-15,1.62023172656235E-15));
#6825=DIRECTION('',(1.55431223447523E-15,1.,0.));
#6826=DIRECTION('',(1.,-1.55431223447523E-15,1.62023172656235E-15));
#6827=DIRECTION('',(1.55431223447523E-15,1.,0.));
#6828=DIRECTION('',(1.,-1.55431223447523E-15,1.62023172656235E-15));
#6829=DIRECTION('',(1.55431223447523E-15,1.,0.));
#6830=DIRECTION('',(0.707106781186547,0.707106781186548,4.19509078804572E-15));
#6831=DIRECTION('',(1.62023172656236E-15,4.31252256127834E-15,-1.));
#6832=DIRECTION('',(0.577350269189625,-0.577350269189628,0.577350269189625));
#6833=DIRECTION('',(1.62023172656236E-15,4.31252256127834E-15,-1.));
#6834=DIRECTION('',(0.,1.,4.31252256127834E-15));
#6835=DIRECTION('',(-1.,1.55431223447523E-15,-1.62023172656235E-15));
#6836=DIRECTION('',(-1.62023172656235E-15,0.,1.));
#6837=DIRECTION('',(-1.,1.55431223447523E-15,-1.62023172656235E-15));
#6838=DIRECTION('',(-1.62023172656235E-15,2.42959900359853E-30,1.));
#6839=DIRECTION('',(1.,0.,1.62023172656235E-15));
#6840=DIRECTION('',(-1.,1.55431223447523E-15,-1.62023172656235E-15));
#6841=DIRECTION('',(-1.,1.55431223447523E-15,-1.62023172656235E-15));
#6842=DIRECTION('',(-1.62023172656235E-15,0.,1.));
#6843=DIRECTION('',(1.55431223447522E-15,1.,4.31252256127834E-15));
#6844=DIRECTION('',(0.,-4.31252256127834E-15,1.));
#6845=DIRECTION('',(0.,1.,0.));
#6846=DIRECTION('',(0.,0.,1.));
#6847=DIRECTION('',(-1.55431223447522E-15,-1.,-4.31252256127834E-15));
#6848=DIRECTION('',(0.,4.31252256127834E-15,-1.));
#6849=DIRECTION('',(1.55431223447522E-15,1.,4.31252256127834E-15));
#6850=DIRECTION('',(0.,-4.31252256127834E-15,1.));
#6851=DIRECTION('',(0.,1.,0.));
#6852=DIRECTION('',(0.,0.,1.));
#6853=DIRECTION('',(1.55431223447522E-15,1.,4.31252256127834E-15));
#6854=DIRECTION('',(0.,-4.31252256127834E-15,1.));
#6855=DIRECTION('',(0.,1.,0.));
#6856=DIRECTION('',(0.,0.,1.));
#6857=DIRECTION('',(1.55431223447522E-15,1.,4.31252256127834E-15));
#6858=DIRECTION('',(0.,-4.31252256127834E-15,1.));
#6859=DIRECTION('',(0.,1.,0.));
#6860=DIRECTION('',(0.,0.,1.));
#6861=DIRECTION('',(-1.55431223447522E-15,-1.,-4.31252256127834E-15));
#6862=DIRECTION('',(0.,4.31252256127834E-15,-1.));
#6863=DIRECTION('',(0.,1.,0.));
#6864=DIRECTION('',(0.,0.,1.));
#6865=DIRECTION('',(0.,1.,0.));
#6866=DIRECTION('',(0.,0.,1.));
#6867=DIRECTION('',(0.,1.,0.));
#6868=DIRECTION('',(0.,0.,1.));
#6869=DIRECTION('',(0.,1.,0.));
#6870=DIRECTION('',(0.,0.,1.));
#6871=DIRECTION('',(0.707106781186549,1.95034922602124E-15,-0.707106781186547));
#6872=DIRECTION('',(-1.55431223447523E-15,-1.,-4.31252256127835E-15));
#6873=DIRECTION('',(0.707106781186542,-0.707106781186553,-1.9037371061541E-15));
#6874=DIRECTION('',(-1.62023172656236E-15,-4.31252256127834E-15,1.));
#6875=DIRECTION('',(0.707106781186554,-4.14847866817852E-15,0.707106781186541));
#6876=DIRECTION('',(-1.55431223447523E-15,-1.,-4.31252256127835E-15));
#6877=DIRECTION('',(0.70710678118655,0.707106781186545,4.19509078804572E-15));
#6878=DIRECTION('',(1.62023172656236E-15,4.31252256127834E-15,-1.));
#6879=DIRECTION('',(-0.707106781186473,0.707106781186622,1.9037371061545E-15));
#6880=DIRECTION('',(1.62023172656236E-15,4.31252256127834E-15,-1.));
#6881=DIRECTION('',(-0.70710678118656,-0.707106781186535,-4.19509078804569E-15));
#6882=DIRECTION('',(-1.62023172656236E-15,-4.31252256127834E-15,1.));
#6883=DIRECTION('',(1.,-1.55431223447523E-15,1.62023172656235E-15));
#6884=DIRECTION('',(1.62023172656235E-15,0.,-1.));
#6885=DIRECTION('',(-1.,1.55431223447523E-15,-1.62023172656235E-15));
#6886=DIRECTION('',(-1.62023172656235E-15,0.,1.));
#6887=DIRECTION('',(-1.,1.55431223447523E-15,-1.62023172656235E-15));
#6888=DIRECTION('',(-1.62023172656235E-15,0.,1.));
#6889=DIRECTION('',(1.,-1.55431223447523E-15,1.62023172656235E-15));
#6890=DIRECTION('',(1.62023172656235E-15,0.,-1.));
#6891=DIRECTION('',(-1.,1.55431223447523E-15,-1.62023172656235E-15));
#6892=DIRECTION('',(-1.62023172656235E-15,0.,1.));
#6893=DIRECTION('',(-1.,1.55431223447523E-15,-1.62023172656235E-15));
#6894=DIRECTION('',(-1.62023172656235E-15,0.,1.));
#6895=DIRECTION('',(-1.55431223447522E-15,-1.,-4.31252256127834E-15));
#6896=DIRECTION('',(1.,-1.55431223447523E-15,1.62023172656235E-15));
#6897=DIRECTION('',(-1.55431223447522E-15,-1.,-4.31252256127834E-15));
#6898=DIRECTION('',(1.,-1.55431223447523E-15,1.62023172656235E-15));
#6899=CARTESIAN_POINT('',(0.,0.,0.));
#6900=CARTESIAN_POINT('',(-0.0237715330145443,0.0840080041032348,0.00803353388530149));
#6901=CARTESIAN_POINT('',(0.0117284669854556,0.0840080041032344,0.104033533885302));
#6902=CARTESIAN_POINT('',(0.0117284669854556,0.0840080041032344,0.102633533885302));
#6903=CARTESIAN_POINT('',(0.0117284669854557,0.0840080041032347,0.0300335338853016));
#6904=CARTESIAN_POINT('',(0.0117284669854557,0.0840080041032347,0.0286335338853016));
#6905=CARTESIAN_POINT('',(0.00610564815385119,0.0840080041032346,0.0409107150536972));
#6906=CARTESIAN_POINT('',(0.00610564815385111,0.0840080041032344,0.092656352716906));
#6907=CARTESIAN_POINT('',(0.00610564815385119,0.0840080041032346,0.041410715053697));
#6908=CARTESIAN_POINT('',(-0.0153965330145443,0.0840080041032348,0.0199085338853015));
#6909=CARTESIAN_POINT('',(-0.0052715330145443,0.0840080041032347,0.0300335338853015));
#6910=CARTESIAN_POINT('',(-0.0098351235987421,0.0840080041032347,0.0345971244694993));
#6911=CARTESIAN_POINT('',(-0.0161487141829398,0.0840080041032347,0.040910715053697));
#6912=CARTESIAN_POINT('',(-0.0161487141829399,0.0840080041032346,0.0505949433011037));
#6913=CARTESIAN_POINT('',(-0.0161487141829399,0.0840080041032345,0.0931563527169059));
#6914=CARTESIAN_POINT('',(-0.0338965330145444,0.0840080041032346,0.0754085338853015));
#6915=CARTESIAN_POINT('',(-0.00527153301454442,0.0840080041032344,0.104033533885301));
#6916=CARTESIAN_POINT('',(0.0195420575696535,0.0840080041032345,0.0792199433011038));
#6917=CARTESIAN_POINT('',(-0.0127715330145444,0.0840080041032343,0.117383533885301));
#6918=CARTESIAN_POINT('',(0.00132476455101306,0.0840080041032343,0.117383533885302));
#6919=CARTESIAN_POINT('',(-0.00177153301454443,0.0840080041032343,0.117383533885302));
#6920=CARTESIAN_POINT('',(-0.00177153301454505,0.0840080041032346,0.0643585338853015));
#6921=CARTESIAN_POINT('',(-0.00177153301454444,0.0840080041032343,0.120683533885301));
#6922=CARTESIAN_POINT('',(-0.0112233842317657,0.0840080041032343,0.120683533885301));
#6923=CARTESIAN_POINT('',(0.00132476455101306,0.0840080041032343,0.120683533885301));
#6924=CARTESIAN_POINT('',(0.00672846698545556,0.0840080041032343,0.119033533885302));
#6925=CARTESIAN_POINT('',(-0.0127715330145443,0.0840080041032348,0.0133835338853015));
#6926=CARTESIAN_POINT('',(0.00132476455101323,0.0840080041032348,0.0133835338853015));
#6927=CARTESIAN_POINT('',(-0.00177153301454426,0.0840080041032348,0.0133835338853015));
#6928=CARTESIAN_POINT('',(-0.00177153301454426,0.0840080041032348,0.0123585338853014));
#6929=CARTESIAN_POINT('',(-0.00177153301454427,0.0840080041032348,0.0166835338853015));
#6930=CARTESIAN_POINT('',(-0.0112233842317656,0.0840080041032348,0.0166835338853015));
#6931=CARTESIAN_POINT('',(0.00132476455101323,0.0840080041032348,0.0166835338853016));
#6932=CARTESIAN_POINT('',(0.00672846698545573,0.0840080041032348,0.0150335338853016));
#6933=CARTESIAN_POINT('',(-0.0212715330145442,0.0840080041032348,0.00803353388530149));
#6934=CARTESIAN_POINT('',(-0.0212715330145444,0.0840080041032344,0.105013329782415));
#6935=CARTESIAN_POINT('',(-0.0212715330145445,0.0840080041032344,0.115043233144755));
#6936=CARTESIAN_POINT('',(-0.0222715330145443,0.0840080041032344,0.104033533885301));
#6937=CARTESIAN_POINT('',(-0.0212715330145444,0.0840080041032344,0.103053737988188));
#6938=CARTESIAN_POINT('',(-0.0212715330145442,0.0840080041032348,0.00803353388530149));
#6939=CARTESIAN_POINT('',(-0.0212715330145443,0.0840080041032347,0.0310133297824145));
#6940=CARTESIAN_POINT('',(-0.0222715330145446,0.0840080041032347,0.0300335338853015));
#6941=CARTESIAN_POINT('',(-0.0212715330145443,0.0840080041032347,0.0290537379881885));
#6942=CARTESIAN_POINT('',(-0.0212715330145442,0.0840080041032348,0.00803353388530149));
#6943=CARTESIAN_POINT('',(-0.0212715330145443,0.0840080041032348,0.0190238346258472));
#6944=CARTESIAN_POINT('',(-0.0172715330145442,0.0840080041032348,0.0150335338853015));
#6945=CARTESIAN_POINT('',(-0.0212715330145442,0.0840080041032348,0.0110432331447557));
#6946=CARTESIAN_POINT('',(-0.0212715330145442,0.0840080041032348,0.00803353388530149));
#6947=CARTESIAN_POINT('',(-0.0212715330145442,0.0840080041032348,0.00803353388530149));
#6948=CARTESIAN_POINT('',(-0.0237715330145443,0.0840080041032348,0.00803353388530149));
#6949=CARTESIAN_POINT('',(0.0162284669854558,0.0840080041032348,0.00803353388530155));
#6950=CARTESIAN_POINT('',(0.0162284669854558,0.0840080041032348,0.00803353388530155));
#6951=CARTESIAN_POINT('',(0.0162284669854556,0.0840080041032343,0.126033533885302));
#6952=CARTESIAN_POINT('',(-0.0237715330145444,0.0840080041032343,0.126033533885301));
#6953=CARTESIAN_POINT('',(-0.0212715330145445,0.0840080041032343,0.126033533885301));
#6954=CARTESIAN_POINT('',(-0.0212715330145442,0.0840080041032348,0.00803353388530149));
#6955=CARTESIAN_POINT('',(-0.0212715330145445,0.0840080041032343,0.123023834625847));
#6956=CARTESIAN_POINT('',(-0.0172715330145445,0.0840080041032343,0.119033533885301));
#6957=CARTESIAN_POINT('',(-0.00527153301454433,0.0395080041032348,0.00803353388530132));
#6958=CARTESIAN_POINT('',(0.0162284669854558,0.0870080041032348,0.00803353388530157));
#6959=CARTESIAN_POINT('',(0.0162284669854558,0.0870080041032348,0.00803353388530157));
#6960=CARTESIAN_POINT('',(-0.0267715330145443,0.0870080041032348,0.00803353388530149));
#6961=CARTESIAN_POINT('',(0.0162284669854558,0.0840080041032348,0.00803353388530155));
#6962=CARTESIAN_POINT('',(-0.0290215330145442,0.0762580041032349,0.00803353388530145));
#6963=CARTESIAN_POINT('',(-0.0237715330145443,0.0815080041032348,0.00803353388530148));
#6964=CARTESIAN_POINT('',(-0.0237715330145444,-0.00799199589676517,0.00803353388530109));
#6965=CARTESIAN_POINT('',(-0.0237715330145444,0.00900800410323483,0.00803353388530116));
#6966=CARTESIAN_POINT('',(-0.0237715330145444,-0.00799199589676517,0.00803353388530109));
#6967=CARTESIAN_POINT('',(-0.0237715330145444,-0.00799199589676517,0.00803353388530109));
#6968=CARTESIAN_POINT('',(-0.0267715330145444,-0.00799199589676517,0.00803353388530109));
#6969=CARTESIAN_POINT('',(-0.0267715330145444,-0.00799199589676517,0.00803353388530109));
#6970=CARTESIAN_POINT('',(-0.0267715330145443,0.0870080041032348,0.00803353388530149));
#6971=CARTESIAN_POINT('',(-0.00527153301454452,0.0395080041032343,0.126033533885301));
#6972=CARTESIAN_POINT('',(0.0162284669854556,0.0870080041032343,0.126033533885302));
#6973=CARTESIAN_POINT('',(0.0162284669854556,0.0870080041032343,0.126033533885302));
#6974=CARTESIAN_POINT('',(-0.0267715330145444,0.0870080041032343,0.126033533885301));
#6975=CARTESIAN_POINT('',(-0.0267715330145444,0.0870080041032343,0.126033533885301));
#6976=CARTESIAN_POINT('',(-0.0267715330145446,-0.00799199589676568,0.126033533885301));
#6977=CARTESIAN_POINT('',(-0.0267715330145446,-0.00799199589676568,0.126033533885301));
#6978=CARTESIAN_POINT('',(0.0232284669854554,-0.00799199589676575,0.126033533885301));
#6979=CARTESIAN_POINT('',(0.0232284669854554,0.00218241935323425,0.126033533885301));
#6980=CARTESIAN_POINT('',(0.0232284669854554,0.00557389110323425,0.126033533885301));
#6981=CARTESIAN_POINT('',(-0.0237715330145446,0.00557389110323432,0.126033533885301));
#6982=CARTESIAN_POINT('',(-0.0237715330145446,0.00557389110323432,0.126033533885301));
#6983=CARTESIAN_POINT('',(-0.0237715330145446,-0.00799199589676568,0.126033533885301));
#6984=CARTESIAN_POINT('',(-0.0237715330145444,0.0815080041032343,0.126033533885301));
#6985=CARTESIAN_POINT('',(-0.0290215330145444,0.0762580041032343,0.126033533885301));
#6986=CARTESIAN_POINT('',(0.0162284669854556,0.0840080041032343,0.126033533885302));
#6987=CARTESIAN_POINT('',(-0.0267715330145443,0.0870080041032348,0.00803353388530149));
#6988=CARTESIAN_POINT('',(-0.0267715330145443,0.0870080041032346,0.0645335338853015));
#6989=CARTESIAN_POINT('',(-0.0267715330145444,0.0406649107659646,0.0645335338853013));
#6990=CARTESIAN_POINT('',(-0.0267715330145444,0.0405933678811278,0.0645335338853013));
#6991=CARTESIAN_POINT('',(-0.0267715330145444,0.0441080041032346,0.0651621102695592));
#6992=CARTESIAN_POINT('',(-0.0267715330145444,0.0406080036060949,0.0651643949913497));
#6993=CARTESIAN_POINT('',(-0.0267715330145444,0.0266080041032346,0.0651735338853012));
#6994=CARTESIAN_POINT('',(-0.0267715330145444,0.0425530250102584,0.099995612208757));
#6995=CARTESIAN_POINT('',(-0.0267715330145445,0.0411521108628196,0.0993551460306476));
#6996=CARTESIAN_POINT('',(-0.0267715330145444,0.0694781002882265,0.112305146015746));
#6997=CARTESIAN_POINT('',(-0.0267715330145444,0.0682307432289745,0.115033533885301));
#6998=CARTESIAN_POINT('',(-0.0267715330145444,0.0682307432289745,0.118033533885301));
#6999=CARTESIAN_POINT('',(-0.0267715330145444,0.0845080041032344,0.118033533885301));
#7000=CARTESIAN_POINT('',(-0.0267715330145445,0.00311922689373236,0.118033533885301));
#7001=CARTESIAN_POINT('',(-0.0267715330145445,0.00311922689373237,0.115033533885301));
#7002=CARTESIAN_POINT('',(-0.0267715330145445,0.000745785121683473,0.113198656735546));
#7003=CARTESIAN_POINT('',(-0.0267715330145444,0.0404556053277425,0.0618333944616157));
#7004=CARTESIAN_POINT('',(-0.0267715330145445,0.0107572626905955,0.100248656750447));
#7005=CARTESIAN_POINT('',(-0.0267715330145445,0.0131307044626444,0.102083533900202));
#7006=CARTESIAN_POINT('',(-0.0267715330145445,0.0131307044626444,0.0990835339002024));
#7007=CARTESIAN_POINT('',(-0.0267715330145444,0.0493330041032344,0.0990835339002026));
#7008=CARTESIAN_POINT('',(-0.0267715330145445,0.0399047538035674,0.0990835339002025));
#7009=CARTESIAN_POINT('',(-0.0267715330145445,0.0399047538035674,0.102083533900202));
#7010=CARTESIAN_POINT('',(-0.0267715330145443,0.0845080041032346,0.0501621102695484));
#7011=CARTESIAN_POINT('',(-0.0267715330145443,0.0790080041032346,0.0501621102695484));
#7012=CARTESIAN_POINT('',(-0.0267715330145444,0.0505896319994854,0.0501621102695482));
#7013=CARTESIAN_POINT('',(-0.0267715330145444,0.0505896319994854,0.0471621102695482));
#7014=CARTESIAN_POINT('',(-0.0267715330145444,0.0489546669476992,0.0446467794206463));
#7015=CARTESIAN_POINT('',(-0.0267715330145443,0.0664526835799654,0.0332730686096733));
#7016=CARTESIAN_POINT('',(-0.0267715330145443,0.0773730390514484,0.0261748375532094));
#7017=CARTESIAN_POINT('',(-0.0267715330145443,0.0790080041032348,0.0286901684021113));
#7018=CARTESIAN_POINT('',(-0.0267715330145443,0.0820080041032348,0.0286901684021114));
#7019=CARTESIAN_POINT('',(-0.0267715330145443,0.0820080041032348,0.0155978220774249));
#7020=CARTESIAN_POINT('',(-0.0267715330145443,0.0820080041032347,0.0471621102695484));
#7021=CARTESIAN_POINT('',(-0.0267715330145443,0.0790080041032347,0.0471621102695484));
#7022=CARTESIAN_POINT('',(-0.0267715330145443,0.0637387733340039,0.0440335338853014));
#7023=CARTESIAN_POINT('',(-0.0267715330145444,0.0395802223608302,0.0440335338853013));
#7024=CARTESIAN_POINT('',(-0.0267715330145444,0.0139745386125076,0.0440335338853012));
#7025=CARTESIAN_POINT('',(-0.0267715330145444,0.0139745386125076,0.0410335338853012));
#7026=CARTESIAN_POINT('',(-0.0267715330145444,0.0113608865564812,0.0425062262937928));
#7027=CARTESIAN_POINT('',(-0.0267715330145444,0.0135342967519378,0.0463634730570604));
#7028=CARTESIAN_POINT('',(-0.0267715330145444,-0.000471805751211165,0.0215062262937929));
#7029=CARTESIAN_POINT('',(-0.0267715330145444,0.00214184630481519,0.0200335338853011));
#7030=CARTESIAN_POINT('',(-0.0267715330145444,0.00214184630481519,0.0170335338853011));
#7031=CARTESIAN_POINT('',(-0.0267715330145443,0.0420080041032348,0.0170335338853013));
#7032=CARTESIAN_POINT('',(-0.0267715330145443,0.0718879146685225,0.0170335338853015));
#7033=CARTESIAN_POINT('',(-0.0267715330145443,0.0718879146685225,0.0200335338853014));
#7034=CARTESIAN_POINT('',(-0.0267715330145443,0.0735228797203087,0.0225488647342033));
#7035=CARTESIAN_POINT('',(-0.0267715330145443,0.0858217123633403,0.0145546235162329));
#7036=CARTESIAN_POINT('',(-0.0267715330145444,0.0412151874126164,0.0435488647342032));
#7037=CARTESIAN_POINT('',(-0.0267715330145444,0.0395802223608302,0.0410335338853013));
#7038=CARTESIAN_POINT('',(-0.0267715330145444,0.0116580041032347,0.0440978220774246));
#7039=CARTESIAN_POINT('',(-0.0267715330145445,0.0116580041032345,0.0831621102695481));
#7040=CARTESIAN_POINT('',(-0.0267715330145445,0.0116580041032345,0.0903028456824807));
#7041=CARTESIAN_POINT('',(-0.0267715330145445,0.00865800410323448,0.0903028456824807));
#7042=CARTESIAN_POINT('',(-0.0267715330145445,0.0110314458752836,0.0921377228322358));
#7043=CARTESIAN_POINT('',(-0.0267715330145444,0.0459040291540851,0.0470295008108275));
#7044=CARTESIAN_POINT('',(-0.0267715330145445,0.00238144587528332,0.103326630673267));
#7045=CARTESIAN_POINT('',(-0.0267715330145445,8.00410323443211E-6,0.101491753523512));
#7046=CARTESIAN_POINT('',(-0.0267715330145445,-0.00299199589676557,0.101491753523512));
#7047=CARTESIAN_POINT('',(-0.0267715330145445,-0.00299199589676538,0.0591553970062552));
#7048=CARTESIAN_POINT('',(-0.0267715330145445,-0.00299199589676549,0.083162110269548));
#7049=CARTESIAN_POINT('',(-0.0267715330145445,8.00410323451017E-6,0.083162110269548));
#7050=CARTESIAN_POINT('',(-0.0267715330145445,8.00410323452405E-6,0.080162110269548));
#7051=CARTESIAN_POINT('',(-0.0267715330145444,0.0420080041032346,0.0801621102695482));
#7052=CARTESIAN_POINT('',(-0.0267715330145445,0.00865800410323452,0.0801621102695481));
#7053=CARTESIAN_POINT('',(-0.0267715330145445,0.00865800410323451,0.0831621102695481));
#7054=CARTESIAN_POINT('',(-0.0267715330145444,0.0405580041181361,0.0502341887866085));
#7055=CARTESIAN_POINT('',(-0.0267715330145444,0.0405580041181359,0.0905077244242232));
#7056=CARTESIAN_POINT('',(-0.0267715330145444,0.0405580041181359,0.0831621102695482));
#7057=CARTESIAN_POINT('',(-0.0267715330145444,0.0435580041181359,0.0831621102695482));
#7058=CARTESIAN_POINT('',(-0.0267715330145444,0.0435580041181359,0.0801621102695482));
#7059=CARTESIAN_POINT('',(-0.0267715330145444,0.0637830041106852,0.0801621102695483));
#7060=CARTESIAN_POINT('',(-0.0267715330145444,0.0790080041032345,0.0801621102695484));
#7061=CARTESIAN_POINT('',(-0.0267715330145444,0.0790080041032345,0.0831621102695484));
#7062=CARTESIAN_POINT('',(-0.0267715330145444,0.0820080041032345,0.0831621102695484));
#7063=CARTESIAN_POINT('',(-0.0267715330145443,0.0820080041032347,0.0440978220774249));
#7064=CARTESIAN_POINT('',(-0.0267715330145444,0.0820080041032344,0.106714660478044));
#7065=CARTESIAN_POINT('',(-0.0267715330145444,0.0790080041032344,0.106714660478044));
#7066=CARTESIAN_POINT('',(-0.0267715330145444,0.0777606470439824,0.109443048347599));
#7067=CARTESIAN_POINT('',(-0.0267715330145444,0.064535097984233,0.103396627248075));
#7068=CARTESIAN_POINT('',(-0.0267715330145444,0.0423106470588838,0.0932361122937781));
#7069=CARTESIAN_POINT('',(-0.0267715330145444,0.0435580041181359,0.0905077244242232));
#7070=CARTESIAN_POINT('',(-0.0267715330145444,0.0496147348724656,0.0501621102695482));
#7071=CARTESIAN_POINT('',(-0.0267715330145444,0.00708762344011605,0.0501621102695481));
#7072=CARTESIAN_POINT('',(-0.0267715330145444,8.00410323465242E-6,0.050162110269548));
#7073=CARTESIAN_POINT('',(-0.0267715330145444,8.0041032346663E-6,0.047162110269548));
#7074=CARTESIAN_POINT('',(-0.0267715330145444,-0.00299199589676533,0.047162110269548));
#7075=CARTESIAN_POINT('',(-0.0267715330145444,-0.00299199589676526,0.0290978220774245));
#7076=CARTESIAN_POINT('',(-0.0267715330145444,-0.00299199589676528,0.0345975981358338));
#7077=CARTESIAN_POINT('',(-0.0267715330145444,8.00410323472008E-6,0.0345975981358339));
#7078=CARTESIAN_POINT('',(-0.0267715330145444,0.00262165615926102,0.0331249057273421));
#7079=CARTESIAN_POINT('',(-0.0267715330145444,0.00461703613152991,0.0366661944153278));
#7080=CARTESIAN_POINT('',(-0.0267715330145444,0.00970127549614237,0.0456894178610563));
#7081=CARTESIAN_POINT('',(-0.0267715330145444,0.00708762344011607,0.0471621102695481));
#7082=CARTESIAN_POINT('',(-0.0267715330145444,0.0530575539732341,0.0630335338853014));
#7083=CARTESIAN_POINT('',(-0.0267715330145444,0.0191071038432337,0.0630335338853012));
#7084=CARTESIAN_POINT('',(-0.0267715330145443,0.0870080041032346,0.0630335338853015));
#7085=CARTESIAN_POINT('',(-0.0267715330145443,0.0870080041032348,0.00803353388530149));
#7086=CARTESIAN_POINT('',(-0.0267715330145443,0.0870080041032347,0.0315335338853015));
#7087=CARTESIAN_POINT('',(-0.0267715330145443,0.0870080041032347,0.0315335338853015));
#7088=CARTESIAN_POINT('',(-0.0267715330145443,0.0910080041032347,0.0315335338853015));
#7089=CARTESIAN_POINT('',(-0.0267715330145443,0.0910080041032348,0.00803353388530151));
#7090=CARTESIAN_POINT('',(-0.0267715330145443,0.0910080041032348,0.0285335338853015));
#7091=CARTESIAN_POINT('',(-0.0267715330145443,0.0870080041032348,0.0285335338853015));
#7092=CARTESIAN_POINT('',(-0.0267715330145443,0.0870080041032348,0.0285335338853015));
#7093=CARTESIAN_POINT('',(-0.0267715330145443,0.0870080041032348,0.00803353388530149));
#7094=CARTESIAN_POINT('',(-0.0267715330145444,-0.00799199589676517,0.00803353388530109));
#7095=CARTESIAN_POINT('',(-0.0267715330145443,0.0870080041032348,0.00803353388530149));
#7096=CARTESIAN_POINT('',(-0.0267715330145444,0.0870080041032344,0.105533533885301));
#7097=CARTESIAN_POINT('',(-0.0267715330145444,0.0870080041032344,0.105533533885301));
#7098=CARTESIAN_POINT('',(-0.0267715330145444,0.0910080041032344,0.105533533885301));
#7099=CARTESIAN_POINT('',(-0.0267715330145443,0.0910080041032348,0.00803353388530151));
#7100=CARTESIAN_POINT('',(-0.0267715330145444,0.0910080041032344,0.102533533885301));
#7101=CARTESIAN_POINT('',(-0.0267715330145444,0.0870080041032344,0.102533533885301));
#7102=CARTESIAN_POINT('',(-0.0267715330145444,0.0870080041032344,0.102533533885301));
#7103=CARTESIAN_POINT('',(-0.0267715330145443,0.0870080041032348,0.00803353388530149));
#7104=CARTESIAN_POINT('',(-0.0267715330145443,0.0870080041032346,0.0645335338853015));
#7105=CARTESIAN_POINT('',(-0.0267715330145443,0.0860080041032346,0.0645335338853014));
#7106=CARTESIAN_POINT('',(-0.0267715330145443,0.0860080041032346,0.0635335338853014));
#7107=CARTESIAN_POINT('',(-0.0267715330145444,0.0605575539732341,0.0635335338853014));
#7108=CARTESIAN_POINT('',(-0.0267715330145444,0.0351071038432337,0.0635335338853014));
#7109=CARTESIAN_POINT('',(-0.0267715330145444,0.0351071038432337,0.0645335338853014));
#7110=CARTESIAN_POINT('',(-0.0267715330145444,0.0341071038432337,0.0645335338853013));
#7111=CARTESIAN_POINT('',(-0.0267715330145444,0.0341071038432337,0.0710335338853013));
#7112=CARTESIAN_POINT('',(-0.0267715330145444,0.0341071038432337,0.0720335338853013));
#7113=CARTESIAN_POINT('',(-0.0267715330145444,0.0341071038432337,0.0720335338853013));
#7114=CARTESIAN_POINT('',(-0.0267715330145444,0.0191071038432336,0.0720335338853012));
#7115=CARTESIAN_POINT('',(-0.0267715330145444,0.0191071038432338,0.0395335338853012));
#7116=CARTESIAN_POINT('',(-0.0267715330145444,-0.00799199589676517,0.00803353388530109));
#7117=CARTESIAN_POINT('',(-0.0237715330145444,-0.00799199589676517,0.00803353388530109));
#7118=CARTESIAN_POINT('',(-0.0237715330145446,-0.0079919958967656,0.107033533885301));
#7119=CARTESIAN_POINT('',(-0.0237715330145446,-0.0079919958967656,0.107033533885301));
#7120=CARTESIAN_POINT('',(0.0232284669854554,-0.00799199589676567,0.107033533885301));
#7121=CARTESIAN_POINT('',(0.0232284669854554,-0.00799199589676573,0.121283533885301));
#7122=CARTESIAN_POINT('',(0.0162284669854558,0.0840080041032348,0.00803353388530155));
#7123=CARTESIAN_POINT('',(0.0162284669854558,0.0870080041032348,0.00803353388530157));
#7124=CARTESIAN_POINT('',(0.0162284669854557,0.0870080041032347,0.0300335338853016));
#7125=CARTESIAN_POINT('',(0.0162284669854558,0.0870080041032348,0.00803353388530157));
#7126=CARTESIAN_POINT('',(0.0162284669854556,0.0870080041032344,0.104033533885302));
#7127=CARTESIAN_POINT('',(0.0162284669854558,0.0870080041032348,0.00803353388530157));
#7128=CARTESIAN_POINT('',(-0.0267715330145444,0.0341071038432337,0.0630335338853013));
#7129=CARTESIAN_POINT('',(-0.0267715330145444,0.0341071038432338,0.0571259564181656));
#7130=CARTESIAN_POINT('',(-0.0251715330145444,0.0341071038432337,0.0571259564181656));
#7131=CARTESIAN_POINT('',(-0.0202715330145444,0.0341071038432337,0.0571259564181656));
#7132=CARTESIAN_POINT('',(-0.0202715330145445,0.0341071038432337,0.0757925499927167));
#7133=CARTESIAN_POINT('',(-0.0202715330145445,0.0341071038432337,0.0763991075049231));
#7134=CARTESIAN_POINT('',(-0.0207715330145444,0.0341071038432336,0.0769956954088784));
#7135=CARTESIAN_POINT('',(-0.0202447263683884,0.0341071038432336,0.076371842230128));
#7136=CARTESIAN_POINT('',(-0.0197715330145445,0.0341071038432337,0.0757925499927167));
#7137=CARTESIAN_POINT('',(-0.0207715330145445,0.0341071038432337,0.0769956954088785));
#7138=CARTESIAN_POINT('',(-0.0237715330145444,0.0341071038432337,0.0769956954088785));
#7139=CARTESIAN_POINT('',(-0.0231715330145445,0.0341071038432337,0.0769956954088785));
#7140=CARTESIAN_POINT('',(-0.0231715330145444,0.0341071038432337,0.0630335338853013));
#7141=CARTESIAN_POINT('',(-0.0231715330145444,0.0341071038432337,0.0630335338853013));
#7142=CARTESIAN_POINT('',(-0.0267715330145444,0.0341071038432337,0.0630335338853013));
#7143=CARTESIAN_POINT('',(-0.0256715330145444,0.0341071038432337,0.0630335338853013));
#7144=CARTESIAN_POINT('',(-0.0262215330145444,0.0341071038432337,0.0635835338853013));
#7145=CARTESIAN_POINT('',(-0.0251715330145444,0.0341071038432337,0.0625335338853013));
#7146=CARTESIAN_POINT('',(-0.0251715330145444,0.0341071038432338,0.0552274531235126));
#7147=CARTESIAN_POINT('',(-0.0267715330145444,0.0341071038432337,0.0720335338853013));
#7148=CARTESIAN_POINT('',(-0.0267715330145443,0.0870080041032346,0.0720335338853015));
#7149=CARTESIAN_POINT('',(-0.0242715330145443,0.0870080041032346,0.0720335338853015));
#7150=CARTESIAN_POINT('',(-0.0263715330145443,0.0870080041032346,0.0720335338853015));
#7151=CARTESIAN_POINT('',(-0.0242715330145445,0.0191071038432336,0.0720335338853012));
#7152=CARTESIAN_POINT('',(-0.0242715330145445,0.0191071038432336,0.0720335338853012));
#7153=CARTESIAN_POINT('',(-0.0267715330145444,0.0191071038432336,0.0720335338853012));
#7154=CARTESIAN_POINT('',(-0.0267715330145444,0.0341071038432337,0.0720335338853013));
#7155=CARTESIAN_POINT('',(-0.0263715330145444,0.0341071038432337,0.0720335338853013));
#7156=CARTESIAN_POINT('',(-0.0263715330145444,0.0605575539732342,0.0720335338853014));
#7157=CARTESIAN_POINT('',(-0.0267715330145444,0.0191071038432337,0.0630335338853012));
#7158=CARTESIAN_POINT('',(-0.0267715330145444,0.0191071038432337,0.0630335338853012));
#7159=CARTESIAN_POINT('',(-0.0256715330145444,0.0191071038432337,0.0630335338853012));
#7160=CARTESIAN_POINT('',(-0.0256715330145444,0.0341071038432337,0.0630335338853013));
#7161=CARTESIAN_POINT('',(-0.0174715330145445,0.0284071038432337,0.0630335338853013));
#7162=CARTESIAN_POINT('',(-0.0241715330145444,0.0351071038432337,0.0630335338853013));
#7163=CARTESIAN_POINT('',(-0.0241715330145444,0.0341071038432337,0.0630335338853013));
#7164=CARTESIAN_POINT('',(-0.0241715330145443,0.0840080041032346,0.0630335338853015));
#7165=CARTESIAN_POINT('',(-0.0402967580795446,0.0678827790382343,0.0630335338853014));
#7166=CARTESIAN_POINT('',(-0.0211715330145443,0.0870080041032346,0.0630335338853015));
#7167=CARTESIAN_POINT('',(-0.00527153301454434,0.0870080041032346,0.0630335338853015));
#7168=CARTESIAN_POINT('',(0.0232284669854554,-0.00120905239676571,0.116533533885301));
#7169=CARTESIAN_POINT('',(0.0232284669854554,-0.00460052414676567,0.107033533885301));
#7170=CARTESIAN_POINT('',(0.0232284669854554,-0.00639199589676567,0.107033533885301));
#7171=CARTESIAN_POINT('',(0.0232284669854554,-0.00605861344474335,0.111937057633864));
#7172=CARTESIAN_POINT('',(0.0232284669854554,-0.00612066889676569,0.111024320982989));
#7173=CARTESIAN_POINT('',(0.0232284669854554,-0.00531892986130248,0.114196922521338));
#7174=CARTESIAN_POINT('',(0.0232284669854554,-0.00430273589676572,0.118218154359312));
#7175=CARTESIAN_POINT('',(0.0232284669854554,-0.00275848964627944,0.118222886226092));
#7176=CARTESIAN_POINT('',(0.0232284669854554,-0.00130274998057411,0.118227346891716));
#7177=CARTESIAN_POINT('',(0.0232284669854554,-0.00169286227043077,0.117897961531073));
#7178=CARTESIAN_POINT('',(0.0232284669854554,0.00557389110323426,0.124033533885301));
#7179=CARTESIAN_POINT('',(0.0232284669854554,0.00557389110323427,0.120283533885301));
#7180=CARTESIAN_POINT('',(-0.0237715330145446,-0.0079919958967656,0.107033533885301));
#7181=CARTESIAN_POINT('',(-0.0237715330145446,-0.0079919958967656,0.107033533885301));
#7182=CARTESIAN_POINT('',(-0.0237715330145446,-0.0063919958967656,0.107033533885301));
#7183=CARTESIAN_POINT('',(-0.0237715330145446,-0.0063919958967656,0.107033533885301));
#7184=CARTESIAN_POINT('',(-0.0237715330145446,-0.0063919958967656,0.107033533885301));
#7185=CARTESIAN_POINT('',(-0.0237715330145445,-0.00974561496364241,0.0577071502130075));
#7186=CARTESIAN_POINT('',(-0.0237715330145446,-0.00612066889676562,0.111024320982989));
#7187=CARTESIAN_POINT('',(-0.0237715330145446,-0.00612066889676562,0.111024320982989));
#7188=CARTESIAN_POINT('',(-0.0237715330145446,-0.00612066889676562,0.111024320982989));
#7189=CARTESIAN_POINT('',(-0.0237715330145445,-0.0184089347649276,0.0623978110183668));
#7190=CARTESIAN_POINT('',(-0.0237715330145446,-0.00430273589676565,0.118218154359312));
#7191=CARTESIAN_POINT('',(-0.0237715330145446,-0.00430273589676565,0.118218154359312));
#7192=CARTESIAN_POINT('',(-0.0237715330145446,-0.00430273589676565,0.118218154359312));
#7193=CARTESIAN_POINT('',(-0.0237715330145446,-0.00631616040037723,0.118211984840351));
#7194=CARTESIAN_POINT('',(-0.0237715330145446,-0.00130274998057404,0.118227346891716));
#7195=CARTESIAN_POINT('',(-0.0237715330145446,-0.00130274998057404,0.118227346891716));
#7196=CARTESIAN_POINT('',(-0.0237715330145446,-0.00130274998057404,0.118227346891716));
#7197=CARTESIAN_POINT('',(-0.0237715330145446,-0.0304140942753802,0.0936476274399806));
#7198=CARTESIAN_POINT('',(-0.0237715330145446,0.00557389110323433,0.124033533885301));
#7199=CARTESIAN_POINT('',(-0.0237715330145446,0.00557389110323433,0.124033533885301));
#7200=CARTESIAN_POINT('',(-0.0237715330145446,0.00557389110323433,0.124033533885301));
#7201=CARTESIAN_POINT('',(-0.0237715330145445,0.00557389110323478,0.0660335338853011));
#7202=CARTESIAN_POINT('',(-0.000771533014544468,0.0325580041106853,0.0880335338853013));
#7203=CARTESIAN_POINT('',(-0.00077153301454446,0.0329580041032345,0.0835085338853013));
#7204=CARTESIAN_POINT('',(-0.000771533014544461,0.0329580041032345,0.0844085338853013));
#7205=CARTESIAN_POINT('',(-0.000771533014544475,0.0329580041032345,0.0925585338853013));
#7206=CARTESIAN_POINT('',(-0.000771533014544476,0.0329580041032345,0.0934585338853013));
#7207=CARTESIAN_POINT('',(-0.000771533014544478,0.0295580041032345,0.0920585338927519));
#7208=CARTESIAN_POINT('',(-0.000771533014544485,0.0295580041032344,0.0960835339002025));
#7209=CARTESIAN_POINT('',(-0.000771533014544461,0.0295580041032345,0.0799835338704001));
#7210=CARTESIAN_POINT('',(-0.000771533014544457,0.03105800410696,0.0799835338704001));
#7211=CARTESIAN_POINT('',(-0.00077153301454445,0.0355580041181359,0.0799835338704001));
#7212=CARTESIAN_POINT('',(-0.000771533014544457,0.0355580041181358,0.0840085338778507));
#7213=CARTESIAN_POINT('',(-0.000771533014544478,0.0355580041181358,0.0960835339002025));
#7214=CARTESIAN_POINT('',(-0.000771533014544478,0.0340580041144105,0.0960835339002025));
#7215=CARTESIAN_POINT('',(-0.0237715330145445,0.0295580041032345,0.0960835339002025));
#7216=CARTESIAN_POINT('',(-0.0117715330145444,0.0295580041032346,0.0520585338927519));
#7217=CARTESIAN_POINT('',(-0.0117715330145448,0.0295580041032345,0.0799835338704001));
#7218=CARTESIAN_POINT('',(-0.0117715330145445,0.0295580041032345,0.0960835339002025));
#7219=CARTESIAN_POINT('',(-0.0237715330145444,0.0295580041032345,0.0799835338704001));
#7220=CARTESIAN_POINT('',(-0.0237715330145445,0.0295580041032345,0.0960835339002025));
#7221=CARTESIAN_POINT('',(-0.0237715330145444,0.0295580041032345,0.0799835338704001));
#7222=CARTESIAN_POINT('',(-0.0237715330145445,0.0107830041032345,0.0799835338704));
#7223=CARTESIAN_POINT('',(-0.0237715330145444,0.0372580041181359,0.0799835338704001));
#7224=CARTESIAN_POINT('',(-0.0237715330145444,0.0278580041032345,0.0799835338704001));
#7225=CARTESIAN_POINT('',(-0.0202368471941891,0.0367572569602522,0.0799835338704001));
#7226=CARTESIAN_POINT('',(-0.0117715330145446,0.0355580041181359,0.0799835338704001));
#7227=CARTESIAN_POINT('',(-0.0237715330145444,0.0355580041181359,0.0799835338704001));
#7228=CARTESIAN_POINT('',(-0.0206534854959932,0.0282997275016962,0.0799835338704001));
#7229=CARTESIAN_POINT('',(-0.0237715330145444,0.0355580041181359,0.0799835338704001));
#7230=CARTESIAN_POINT('',(-0.0117715330145444,0.035558004118136,0.0440085338778507));
#7231=CARTESIAN_POINT('',(-0.0117715330145445,0.0355580041181358,0.0960835339002025));
#7232=CARTESIAN_POINT('',(-0.0237715330145445,0.0355580041181358,0.0960835339002025));
#7233=CARTESIAN_POINT('',(-0.0237715330145445,0.0355580041181358,0.0960835339002025));
#7234=CARTESIAN_POINT('',(-0.0117715330145445,0.0137830041106851,0.0960835339002024));
#7235=CARTESIAN_POINT('',(-0.0177715330145444,0.0364080041181361,0.0440085338778507));
#7236=CARTESIAN_POINT('',(-0.0237715330145444,0.0372580041181361,0.0440085338778507));
#7237=CARTESIAN_POINT('',(-0.0237715330145445,0.0372580041181358,0.0977835339002025));
#7238=CARTESIAN_POINT('',(-0.0117715330145445,0.0355580041181358,0.0960835339002025));
#7239=CARTESIAN_POINT('',(-0.0177715330145444,0.0287080041032346,0.0520585338927519));
#7240=CARTESIAN_POINT('',(-0.0237715330145444,0.0278580041032346,0.0520585338927519));
#7241=CARTESIAN_POINT('',(-0.0237715330145445,0.0278580041032345,0.0977835339002024));
#7242=CARTESIAN_POINT('',(-0.0237715330145445,0.0278580041032345,0.0977835339002024));
#7243=CARTESIAN_POINT('',(-0.0177715330145445,0.0137830041106851,0.0969335339002024));
#7244=CARTESIAN_POINT('',(-0.0237715330145445,0.0137830041106851,0.0977835339002024));
#7245=CARTESIAN_POINT('',(-0.0227715330145444,0.0910080041032347,0.0300335338853015));
#7246=CARTESIAN_POINT('',(-0.0222715330145443,0.0910080041032344,0.104033533885301));
#7247=CARTESIAN_POINT('',(-0.0222715330145443,0.0910080041032344,0.105633533885301));
#7248=CARTESIAN_POINT('',(-0.0222715330145443,0.0910080041032344,0.104033533885301));
#7249=CARTESIAN_POINT('',(-0.0254338106747127,0.0910080041032344,0.105533533885301));
#7250=CARTESIAN_POINT('',(-0.0254338106747127,0.0910080041032344,0.102533533885301));
#7251=CARTESIAN_POINT('',(-0.0222715330145443,0.0910080041032344,0.102533533885301));
#7252=CARTESIAN_POINT('',(-0.0222715330145443,0.0910080041032344,0.105533533885301));
#7253=CARTESIAN_POINT('',(0.00472846698545559,0.0870080041032344,0.105533533885302));
#7254=CARTESIAN_POINT('',(-0.0265141737016636,0.0870080041032344,0.105533533885301));
#7255=CARTESIAN_POINT('',(-0.0259064694990037,0.0875809531201097,0.105533533885302));
#7256=CARTESIAN_POINT('',(-0.0254338106747127,0.0880080041032343,0.105533533885302));
#7257=CARTESIAN_POINT('',(-0.0265141737016636,0.0870080041032344,0.105533533885301));
#7258=CARTESIAN_POINT('',(-0.0254338106747127,0.0880080041032344,0.105533533885301));
#7259=CARTESIAN_POINT('',(-0.0254338106747127,0.0870080041032344,0.105533533885301));
#7260=CARTESIAN_POINT('',(-0.00527153301454441,0.0870080041032344,0.105533533885301));
#7261=CARTESIAN_POINT('',(-0.0227715330145444,0.0910080041032347,0.0300335338853015));
#7262=CARTESIAN_POINT('',(-0.0222715330145445,0.0910080041032347,0.0300335338853015));
#7263=CARTESIAN_POINT('',(-0.0222715330145445,0.0910080041032347,0.0316335338853015));
#7264=CARTESIAN_POINT('',(-0.0222715330145445,0.0910080041032347,0.0300335338853015));
#7265=CARTESIAN_POINT('',(-0.025433810674713,0.0910080041032347,0.0315335338853015));
#7266=CARTESIAN_POINT('',(-0.0254338106747129,0.0910080041032348,0.0285335338853015));
#7267=CARTESIAN_POINT('',(-0.0222715330145442,0.0910080041032348,0.0285335338853015));
#7268=CARTESIAN_POINT('',(-0.0222715330145442,0.0910080041032347,0.0315335338853015));
#7269=CARTESIAN_POINT('',(0.00856618932528712,0.0870080041032347,0.0285335338853016));
#7270=CARTESIAN_POINT('',(-0.0254338106747129,0.0880080041032347,0.0285335338853015));
#7271=CARTESIAN_POINT('',(-0.0259064694990039,0.0875809531201098,0.0285335338853014));
#7272=CARTESIAN_POINT('',(-0.0265141737016639,0.0870080041032348,0.0285335338853015));
#7273=CARTESIAN_POINT('',(-0.0254338106747129,0.0880080041032348,0.0285335338853015));
#7274=CARTESIAN_POINT('',(-0.0265141737016639,0.0870080041032348,0.0285335338853015));
#7275=CARTESIAN_POINT('',(-0.00460267184462859,0.0870080041032347,0.0285335338853016));
#7276=CARTESIAN_POINT('',(-0.0254338106747129,0.0870080041032348,0.0285335338853015));
#7277=CARTESIAN_POINT('',(0.0085661893252875,0.0870080041032344,0.102533533885302));
#7278=CARTESIAN_POINT('',(0.0085661893252875,0.0880080041032343,0.102533533885302));
#7279=CARTESIAN_POINT('',(0.00809353050099648,0.0875809531201096,0.102533533885301));
#7280=CARTESIAN_POINT('',(0.00748582629833649,0.0870080041032344,0.102533533885302));
#7281=CARTESIAN_POINT('',(0.0085661893252875,0.0880080041032344,0.102533533885302));
#7282=CARTESIAN_POINT('',(0.0074858262983366,0.0870080041032344,0.102533533885302));
#7283=CARTESIAN_POINT('',(0.0123973281553715,0.0870080041032344,0.102533533885302));
#7284=CARTESIAN_POINT('',(0.00472846698545559,0.0870080041032344,0.102533533885302));
#7285=CARTESIAN_POINT('',(0.00668789757041369,0.0889674346881923,0.102533533885302));
#7286=CARTESIAN_POINT('',(0.00856618932528746,0.0908457264430661,0.102533533885302));
#7287=CARTESIAN_POINT('',(0.0085661893252875,0.0870080041032344,0.102533533885302));
#7288=CARTESIAN_POINT('',(0.00856618932528712,0.0870080041032347,0.0285335338853016));
#7289=CARTESIAN_POINT('',(0.00856618932528711,0.0880080041032347,0.0285335338853016));
#7290=CARTESIAN_POINT('',(0.00809353050099619,0.0875809531201098,0.0285335338853016));
#7291=CARTESIAN_POINT('',(0.00748582629833621,0.0870080041032347,0.0285335338853016));
#7292=CARTESIAN_POINT('',(0.00856618932528712,0.0880080041032347,0.0285335338853016));
#7293=CARTESIAN_POINT('',(0.00748582629833621,0.0870080041032347,0.0285335338853016));
#7294=CARTESIAN_POINT('',(0.0123973281553714,0.0870080041032347,0.0285335338853016));
#7295=CARTESIAN_POINT('',(0.00472846698545571,0.0870080041032347,0.0285335338853016));
#7296=CARTESIAN_POINT('',(0.00668789757041371,0.0889674346881925,0.0285335338853016));
#7297=CARTESIAN_POINT('',(0.00856618932528712,0.0908457264430661,0.0285335338853016));
#7298=CARTESIAN_POINT('',(0.00856618932528712,0.0870080041032347,0.0285335338853016));
#7299=CARTESIAN_POINT('',(-0.0227715330145444,0.0910080041032347,0.0300335338853015));
#7300=CARTESIAN_POINT('',(0.0117284669854556,0.0910080041032344,0.104033533885302));
#7301=CARTESIAN_POINT('',(0.0117284669854556,0.0910080041032344,0.105633533885302));
#7302=CARTESIAN_POINT('',(0.0087284669854556,0.0910080041032344,0.103283533885302));
#7303=CARTESIAN_POINT('',(0.00872846698545559,0.0910080041032344,0.105836309523033));
#7304=CARTESIAN_POINT('',(0.0087284669854556,0.0910080041032344,0.102230758247569));
#7305=CARTESIAN_POINT('',(0.0117284669854556,0.0910080041032344,0.104033533885302));
#7306=CARTESIAN_POINT('',(0.00672846698545572,0.0890080041032347,0.0292835338853016));
#7307=CARTESIAN_POINT('',(0.0117284669854556,0.0940080041032343,0.104033533885302));
#7308=CARTESIAN_POINT('',(0.00856618932528745,0.090845726443066,0.105533533885302));
#7309=CARTESIAN_POINT('',(0.0117284669854556,0.0940080041032343,0.104033533885302));
#7310=CARTESIAN_POINT('',(0.00472846698545567,0.0870080041032346,0.0552835338853016));
#7311=CARTESIAN_POINT('',(0.00472846698545559,0.0870080041032344,0.105533533885302));
#7312=CARTESIAN_POINT('',(0.00572846698545559,0.0880080041032344,0.105533533885302));
#7313=CARTESIAN_POINT('',(-0.0227715330145444,0.0910080041032347,0.0300335338853015));
#7314=CARTESIAN_POINT('',(0.0117284669854557,0.0910080041032347,0.0300335338853016));
#7315=CARTESIAN_POINT('',(0.0117284669854557,0.0910080041032347,0.0316335338853016));
#7316=CARTESIAN_POINT('',(0.00872846698545572,0.0910080041032347,0.0292835338853016));
#7317=CARTESIAN_POINT('',(0.00872846698545572,0.0910080041032347,0.0318363095230336));
#7318=CARTESIAN_POINT('',(0.00872846698545572,0.0910080041032347,0.0282307582475691));
#7319=CARTESIAN_POINT('',(0.0117284669854557,0.0910080041032347,0.0300335338853016));
#7320=CARTESIAN_POINT('',(0.00672846698545572,0.0890080041032347,0.0292835338853016));
#7321=CARTESIAN_POINT('',(0.0117284669854557,0.0940080041032347,0.0300335338853016));
#7322=CARTESIAN_POINT('',(0.00856618932528747,0.0908457264430663,0.0315335338853015));
#7323=CARTESIAN_POINT('',(0.0117284669854557,0.0940080041032347,0.0300335338853016));
#7324=CARTESIAN_POINT('',(0.00472846698545573,0.0870080041032348,0.0182835338853016));
#7325=CARTESIAN_POINT('',(0.00472846698545571,0.0870080041032347,0.0315335338853015));
#7326=CARTESIAN_POINT('',(0.00572846698545571,0.0880080041032347,0.0315335338853015));
#7327=CARTESIAN_POINT('',(0.0117284669854557,0.0870080041032347,0.0300335338853016));
#7328=CARTESIAN_POINT('',(0.0117284669854557,0.0880080041032347,0.0300335338853016));
#7329=CARTESIAN_POINT('',(0.00856618932528732,0.0880080041032347,0.0315335338853015));
#7330=CARTESIAN_POINT('',(0.00856618932528732,0.0870080041032347,0.0315335338853015));
#7331=CARTESIAN_POINT('',(0.00472846698545571,0.0870080041032347,0.0315335338853015));
#7332=CARTESIAN_POINT('',(0.00748582629833642,0.0870080041032347,0.0315335338853015));
#7333=CARTESIAN_POINT('',(0.00809353050099632,0.08758095312011,0.0315335338853016));
#7334=CARTESIAN_POINT('',(0.00856618932528705,0.0880080041032347,0.0315335338853015));
#7335=CARTESIAN_POINT('',(0.00748582629833642,0.0870080041032347,0.0315335338853015));
#7336=CARTESIAN_POINT('',(0.0104784669854557,0.0870080041032347,0.0315335338853015));
#7337=CARTESIAN_POINT('',(0.0117284669854557,0.0875080041032347,0.0300335338853016));
#7338=CARTESIAN_POINT('',(0.0117284669854557,0.0870080041032347,0.0300335338853016));
#7339=CARTESIAN_POINT('',(0.0117284669854557,0.0870080041032347,0.0300335338853016));
#7340=CARTESIAN_POINT('',(-0.0222715330145446,0.0870080041032347,0.0300335338853015));
#7341=CARTESIAN_POINT('',(-0.0222715330145446,0.0880080041032347,0.0300335338853015));
#7342=CARTESIAN_POINT('',(-0.025433810674713,0.0880080041032347,0.0315335338853015));
#7343=CARTESIAN_POINT('',(-0.025433810674713,0.0870080041032347,0.0315335338853015));
#7344=CARTESIAN_POINT('',(0.00472846698545571,0.0870080041032347,0.0315335338853015));
#7345=CARTESIAN_POINT('',(-0.0265141737016639,0.0870080041032347,0.0315335338853015));
#7346=CARTESIAN_POINT('',(-0.025906469499004,0.0875809531201098,0.0315335338853014));
#7347=CARTESIAN_POINT('',(-0.025433810674713,0.0880080041032347,0.0315335338853015));
#7348=CARTESIAN_POINT('',(-0.0265141737016639,0.0870080041032347,0.0315335338853015));
#7349=CARTESIAN_POINT('',(-0.00527153301454429,0.0870080041032347,0.0315335338853015));
#7350=CARTESIAN_POINT('',(-0.0222715330145446,0.0875080041032347,0.0300335338853015));
#7351=CARTESIAN_POINT('',(-0.0222715330145446,0.0870080041032347,0.0300335338853015));
#7352=CARTESIAN_POINT('',(0.0085661893252875,0.0870080041032344,0.102533533885302));
#7353=CARTESIAN_POINT('',(-0.0254338106747127,0.0880080041032344,0.102533533885302));
#7354=CARTESIAN_POINT('',(-0.0259064694990038,0.0875809531201096,0.102533533885302));
#7355=CARTESIAN_POINT('',(-0.0265141737016636,0.0870080041032344,0.102533533885301));
#7356=CARTESIAN_POINT('',(-0.0254338106747127,0.0880080041032344,0.102533533885301));
#7357=CARTESIAN_POINT('',(-0.0265141737016636,0.0870080041032344,0.102533533885301));
#7358=CARTESIAN_POINT('',(-0.00460267184462851,0.0870080041032344,0.102533533885301));
#7359=CARTESIAN_POINT('',(-0.0254338106747127,0.0870080041032344,0.102533533885301));
#7360=CARTESIAN_POINT('',(-0.0222715330145443,0.0870080041032344,0.104033533885301));
#7361=CARTESIAN_POINT('',(-0.0222715330145443,0.0880080041032344,0.104033533885301));
#7362=CARTESIAN_POINT('',(-0.0222715330145443,0.0875080041032344,0.104033533885301));
#7363=CARTESIAN_POINT('',(-0.0222715330145443,0.0870080041032344,0.104033533885301));
#7364=CARTESIAN_POINT('',(0.0117284669854556,0.0870080041032344,0.104033533885302));
#7365=CARTESIAN_POINT('',(0.0117284669854556,0.0880080041032344,0.104033533885302));
#7366=CARTESIAN_POINT('',(0.0085661893252875,0.0880080041032344,0.105533533885302));
#7367=CARTESIAN_POINT('',(0.0085661893252875,0.0870080041032344,0.105533533885302));
#7368=CARTESIAN_POINT('',(0.00472846698545559,0.0870080041032344,0.105533533885302));
#7369=CARTESIAN_POINT('',(0.00748582629833649,0.0870080041032344,0.105533533885302));
#7370=CARTESIAN_POINT('',(0.00809353050099647,0.0875809531201096,0.105533533885301));
#7371=CARTESIAN_POINT('',(0.0085661893252875,0.0880080041032343,0.105533533885302));
#7372=CARTESIAN_POINT('',(0.0074858262983366,0.0870080041032344,0.105533533885302));
#7373=CARTESIAN_POINT('',(0.0104784669854556,0.0870080041032344,0.105533533885302));
#7374=CARTESIAN_POINT('',(0.0117284669854556,0.0875080041032344,0.104033533885302));
#7375=CARTESIAN_POINT('',(0.0117284669854556,0.0870080041032344,0.104033533885302));
#7376=CARTESIAN_POINT('',(0.0117284669854556,0.0870080041032344,0.104033533885302));
#7377=CARTESIAN_POINT('',(0.00560564815385111,0.0870080041032344,0.0931563527169059));
#7378=CARTESIAN_POINT('',(-0.00527153301454441,0.0870080041032344,0.104033533885301));
#7379=CARTESIAN_POINT('',(-0.00527153301454441,0.0870080041032344,0.104033533885301));
#7380=CARTESIAN_POINT('',(0.0295420575696534,0.0870080041032345,0.0692199433011038));
#7381=CARTESIAN_POINT('',(0.00610564815385121,0.0870080041032344,0.0926563527169059));
#7382=CARTESIAN_POINT('',(0.00577231482051776,0.0866746707699011,0.0929896860502393));
#7383=CARTESIAN_POINT('',(0.00560564815385111,0.0865080041032344,0.0931563527169059));
#7384=CARTESIAN_POINT('',(0.00560564815385111,0.0870080041032344,0.0931563527169059));
#7385=CARTESIAN_POINT('',(0.00560564815385111,0.0845080041032345,0.0931563527169059));
#7386=CARTESIAN_POINT('',(0.00477231482051777,0.0853413374365678,0.0939896860502393));
#7387=CARTESIAN_POINT('',(-0.00527153301454441,0.0870080041032344,0.104033533885301));
#7388=CARTESIAN_POINT('',(-0.0161487141829399,0.0870080041032345,0.0931563527169059));
#7389=CARTESIAN_POINT('',(-0.0161487141829399,0.0870080041032345,0.0931563527169059));
#7390=CARTESIAN_POINT('',(-0.0238965330145443,0.0870080041032345,0.0854085338853015));
#7391=CARTESIAN_POINT('',(-0.0161487141829399,0.0870080041032345,0.0931563527169059));
#7392=CARTESIAN_POINT('',(-0.0161487141829398,0.0870080041032347,0.0409107150536971));
#7393=CARTESIAN_POINT('',(-0.0161487141829398,0.0870080041032347,0.0409107150536971));
#7394=CARTESIAN_POINT('',(-0.0161487141829398,0.0870080041032346,0.0505949433011037));
#7395=CARTESIAN_POINT('',(-0.0161487141829398,0.0870080041032347,0.0409107150536971));
#7396=CARTESIAN_POINT('',(-0.00527153301454429,0.0870080041032347,0.0300335338853016));
#7397=CARTESIAN_POINT('',(-0.00527153301454429,0.0870080041032347,0.0300335338853016));
#7398=CARTESIAN_POINT('',(0.000164876401258021,0.0870080041032347,0.0245971244694994));
#7399=CARTESIAN_POINT('',(-0.00527153301454429,0.0870080041032347,0.0300335338853016));
#7400=CARTESIAN_POINT('',(-0.00247913929174563,0.0925927915488318,0.0328259276081002));
#7401=CARTESIAN_POINT('',(0.00560564815385119,0.0845080041032347,0.0409107150536972));
#7402=CARTESIAN_POINT('',(0.00560564815385119,0.0870080041032346,0.0409107150536972));
#7403=CARTESIAN_POINT('',(0.00560564815385119,0.0865080041032347,0.0409107150536972));
#7404=CARTESIAN_POINT('',(-0.00147913929174683,0.0794232166576381,0.033825927608099));
#7405=CARTESIAN_POINT('',(0.00610564815385129,0.0870080041032346,0.0414107150536972));
#7406=CARTESIAN_POINT('',(-0.00539653301454429,0.0870080041032347,0.0299085338853016));
#7407=CARTESIAN_POINT('',(0.00560564815385119,0.0870080041032346,0.0409107150536972));
#7408=CARTESIAN_POINT('',(0.00560564815385119,0.0865080041032347,0.0409107150536972));
#7409=CARTESIAN_POINT('',(0.00560564815385111,0.0845080041032345,0.093156352716906));
#7410=CARTESIAN_POINT('',(-0.0237715330145444,0.00910620358323248,0.0651621102695591));
#7411=CARTESIAN_POINT('',(-0.0127715330145445,0.00910620358323246,0.0651621102695591));
#7412=CARTESIAN_POINT('',(-0.0127715330145445,0.00775620358323398,0.0619329462910649));
#7413=CARTESIAN_POINT('',(-0.0127715330145445,0.00616501559042417,0.06326489831752));
#7414=CARTESIAN_POINT('',(-0.0237715330145444,0.007756203583234,0.0619329462910649));
#7415=CARTESIAN_POINT('',(-0.00184873178111752,0.00775620358323396,0.0619329462910649));
#7416=CARTESIAN_POINT('',(0.00669905522077883,0.00910620358323243,0.0651621102695591));
#7417=CARTESIAN_POINT('',(-0.00177153301454447,0.00768845889538151,0.0619621102695481));
#7418=CARTESIAN_POINT('',(-0.00177153301454447,0.00910620358323245,0.0651621102695591));
#7419=CARTESIAN_POINT('',(-0.00177153301454447,0.00616501559042416,0.06326489831752));
#7420=CARTESIAN_POINT('',(-0.0237715330145444,0.00616501559042419,0.06326489831752));
#7421=CARTESIAN_POINT('',(-0.0237715330145444,0.007756203583234,0.0619329462910649));
#7422=CARTESIAN_POINT('',(-0.0237715330145445,0.00775620358323396,0.0712645687905164));
#7423=CARTESIAN_POINT('',(-0.0165780311626986,0.00775620358323396,0.0694227133145783));
#7424=CARTESIAN_POINT('',(-0.0127715330145445,0.00775620358323395,0.0683912742480532));
#7425=CARTESIAN_POINT('',(-0.0237715330145445,0.00775620358323396,0.0712645687905164));
#7426=CARTESIAN_POINT('',(-0.0127715330145445,0.00775620358323395,0.0683912742480532));
#7427=CARTESIAN_POINT('',(-0.0237715330145445,0.00775620358323397,0.0683912742480532));
#7428=CARTESIAN_POINT('',(-0.00184873178117567,0.00775620358323394,0.0683912742480532));
#7429=CARTESIAN_POINT('',(-0.0170217490906032,0.00775620358323394,0.0741233030093925));
#7430=CARTESIAN_POINT('',(-0.0197715330145445,0.00775620358323394,0.0751621102695481));
#7431=CARTESIAN_POINT('',(-0.0237715330145445,0.00775620358323394,0.0751621102695481));
#7432=CARTESIAN_POINT('',(-0.0237715330145445,0.00775620358323394,0.0751621102695481));
#7433=CARTESIAN_POINT('',(-0.0237715330145444,0.00775620358323409,0.0415978220774246));
#7434=CARTESIAN_POINT('',(-0.0237715330145444,0.00910620358323248,0.0651621102695591));
#7435=CARTESIAN_POINT('',(-0.0127715330145445,0.00910620358323246,0.0651621102695591));
#7436=CARTESIAN_POINT('',(-0.0127715330145445,0.00616501559042416,0.0670593222215982));
#7437=CARTESIAN_POINT('',(-0.0237715330145445,0.00616501559042417,0.0670593222215982));
#7438=CARTESIAN_POINT('',(-0.00177153301454448,0.00616501559042414,0.0670593222215982));
#7439=CARTESIAN_POINT('',(-0.00177153301454447,0.00910620358323245,0.0651621102695591));
#7440=CARTESIAN_POINT('',(-0.00177153301454448,0.00768845889533178,0.0683621102695481));
#7441=CARTESIAN_POINT('',(0.00669905522072053,0.00910620358323243,0.0651621102695591));
#7442=CARTESIAN_POINT('',(-0.0237715330145444,0.0454580041032334,0.0551621102695482));
#7443=CARTESIAN_POINT('',(-0.0237715330145444,0.0454580041032334,0.0590596517486019));
#7444=CARTESIAN_POINT('',(-0.0165780311626986,0.0454580041032334,0.0609015072245399));
#7445=CARTESIAN_POINT('',(-0.0127715330145444,0.0454580041032334,0.0619329462910651));
#7446=CARTESIAN_POINT('',(-0.0237715330145444,0.0454580041032334,0.0590596517486019));
#7447=CARTESIAN_POINT('',(-0.0127715330145444,0.0454580041032334,0.0619329462910651));
#7448=CARTESIAN_POINT('',(-0.0237715330145444,0.0454580041032334,0.0619329462910651));
#7449=CARTESIAN_POINT('',(-0.0018487317811173,0.0454580041032334,0.0619329462910652));
#7450=CARTESIAN_POINT('',(-0.0170217490906031,0.0454580041032334,0.0562009175297037));
#7451=CARTESIAN_POINT('',(-0.0197715330145444,0.0454580041032334,0.0551621102695482));
#7452=CARTESIAN_POINT('',(-0.0237715330145444,0.0454580041032334,0.0551621102695482));
#7453=CARTESIAN_POINT('',(-0.0237715330145444,0.0454580041032334,0.0551621102695482));
#7454=CARTESIAN_POINT('',(-0.0237715330145443,0.0454580041032335,0.0315978220774247));
#7455=CARTESIAN_POINT('',(-0.0237715330145444,0.0441080041032346,0.0651621102695592));
#7456=CARTESIAN_POINT('',(-0.0127715330145444,0.0441080041032346,0.0651621102695592));
#7457=CARTESIAN_POINT('',(-0.0127715330145444,0.0470473917945747,0.0632621102695593));
#7458=CARTESIAN_POINT('',(-0.0237715330145444,0.0470473917945747,0.0632621102695592));
#7459=CARTESIAN_POINT('',(-0.00177153301454441,0.0470473917945747,0.0632621102695593));
#7460=CARTESIAN_POINT('',(-0.00177153301454441,0.0441080041032346,0.0651621102695593));
#7461=CARTESIAN_POINT('',(-0.00177153301454441,0.0455257487910858,0.0619621102695483));
#7462=CARTESIAN_POINT('',(0.00669905522077889,0.0441080041032346,0.0651621102695593));
#7463=CARTESIAN_POINT('',(-0.0237715330145444,0.0501080041032346,0.0632621102695592));
#7464=CARTESIAN_POINT('',(-0.0197715330145444,0.0501080041032346,0.0642121102695537));
#7465=CARTESIAN_POINT('',(-0.0197715330145444,0.0501080041032346,0.0632621102695593));
#7466=CARTESIAN_POINT('',(-0.0197715330145444,0.0501080041032346,0.0670621102695592));
#7467=CARTESIAN_POINT('',(-0.0237715330145444,0.0501080041032346,0.0632621102695592));
#7468=CARTESIAN_POINT('',(-0.0237715330145444,0.0501080041032346,0.0632621102695592));
#7469=CARTESIAN_POINT('',(-0.0237715330145443,0.0501080041032347,0.0356478220774303));
#7470=CARTESIAN_POINT('',(-0.0237715330145444,0.0501080041032346,0.0670621102695592));
#7471=CARTESIAN_POINT('',(-0.0237715330145444,0.0501080041032346,0.0670621102695592));
#7472=CARTESIAN_POINT('',(-0.0237715330145444,0.0501080041032346,0.0670621102695592));
#7473=CARTESIAN_POINT('',(-0.0237715330145444,0.0500622043014143,0.0670621102695592));
#7474=CARTESIAN_POINT('',(-0.016407103383489,0.0481296321816455,0.0670621102695592));
#7475=CARTESIAN_POINT('',(-0.0127715330145444,0.0470473917945746,0.0670621102695593));
#7476=CARTESIAN_POINT('',(-0.0237715330145444,0.0500622043014143,0.0670621102695592));
#7477=CARTESIAN_POINT('',(-0.0127715330145444,0.0470473917945747,0.0670621102695592));
#7478=CARTESIAN_POINT('',(-0.0237715330145444,0.0470473917945747,0.0670621102695592));
#7479=CARTESIAN_POINT('',(-0.00177153301454441,0.0470473917945746,0.0670621102695593));
#7480=CARTESIAN_POINT('',(-0.00177153301454442,0.0383580041032346,0.0670621102695592));
#7481=CARTESIAN_POINT('',(-0.00177153301454441,0.0471080041032345,0.0670621102695593));
#7482=CARTESIAN_POINT('',(-0.0172174789604904,0.0496823284275592,0.0670621102695593));
#7483=CARTESIAN_POINT('',(-0.0237715330145444,0.0210580041032346,0.0670621102695591));
#7484=CARTESIAN_POINT('',(-0.0237715330145444,0.0441080041032346,0.0651621102695592));
#7485=CARTESIAN_POINT('',(-0.0127715330145444,0.0441080041032346,0.0651621102695592));
#7486=CARTESIAN_POINT('',(-0.0127715330145444,0.0454580041032334,0.0683912742480533));
#7487=CARTESIAN_POINT('',(-0.0237715330145444,0.0454580041032334,0.0683912742480533));
#7488=CARTESIAN_POINT('',(-0.00184873178117557,0.0454580041032333,0.0683912742480533));
#7489=CARTESIAN_POINT('',(0.00669905522072059,0.0441080041032346,0.0651621102695593));
#7490=CARTESIAN_POINT('',(-0.00177153301454441,0.0455257487911354,0.0683621102695483));
#7491=CARTESIAN_POINT('',(-0.00177153301454441,0.0441080041032346,0.0651621102695593));
#7492=CARTESIAN_POINT('',(-0.0167715330145445,0.0266080041032346,0.0651621102695592));
#7493=CARTESIAN_POINT('',(-0.0167715330145444,0.0441080041032346,0.0651621102695592));
#7494=CARTESIAN_POINT('',(-0.0167715330145444,0.0460080041032346,0.0651621102695592));
#7495=CARTESIAN_POINT('',(-0.00177153301454441,0.0441080041032346,0.0651621102695593));
#7496=CARTESIAN_POINT('',(-0.00177153301454441,0.0441080041032346,0.0651621102695593));
#7497=CARTESIAN_POINT('',(-0.00177153301454441,0.0460080041032346,0.0651621102695593));
#7498=CARTESIAN_POINT('',(-0.0167715330145445,0.0266080041032346,0.0651621102695592));
#7499=CARTESIAN_POINT('',(-0.0167715330145445,0.00910800410323457,0.0651621102695591));
#7500=CARTESIAN_POINT('',(-0.0167715330145444,0.0110080041032346,0.0651621102695591));
#7501=CARTESIAN_POINT('',(-0.00177153301454447,0.00910800410323455,0.0651621102695591));
#7502=CARTESIAN_POINT('',(-0.00177153301454447,0.00910800410323455,0.0651621102695591));
#7503=CARTESIAN_POINT('',(-0.00177153301454447,0.0110080041032346,0.0651621102695591));
#7504=CARTESIAN_POINT('',(-0.0197715330145445,0.0266071038432336,0.0651735338853013));
#7505=CARTESIAN_POINT('',(-0.0197715330145445,0.0266080041032346,0.0651735338853013));
#7506=CARTESIAN_POINT('',(-0.0197715330145445,0.0191071038432337,0.0571276346012239));
#7507=CARTESIAN_POINT('',(-0.0197715330145445,0.0186071038432337,0.0576246535027864));
#7508=CARTESIAN_POINT('',(-0.0197715330145445,0.0186071038432336,0.0757912782450753));
#7509=CARTESIAN_POINT('',(-0.0197715330145445,0.0186071038432336,0.0754197817365645));
#7510=CARTESIAN_POINT('',(-0.0197715330145445,0.0266080041032346,0.0651735338853013));
#7511=CARTESIAN_POINT('',(-0.0197715330145445,0.0172162260721842,0.0741621102695507));
#7512=CARTESIAN_POINT('',(-0.0197715330145445,0.0185316537132337,0.0741621102695481));
#7513=CARTESIAN_POINT('',(-0.0197715330145445,0.0104562035832339,0.0741621102695481));
#7514=CARTESIAN_POINT('',(-0.0197715330145445,0.010456203583234,0.0667824040666766));
#7515=CARTESIAN_POINT('',(-0.0197715330145445,0.010456203583234,0.068391274248052));
#7516=CARTESIAN_POINT('',(-0.0197715330145445,0.00910620358323247,0.0651621102695591));
#7517=CARTESIAN_POINT('',(-0.0197715330145445,0.010456203583234,0.0619329462910662));
#7518=CARTESIAN_POINT('',(-0.0197715330145445,0.010456203583234,0.0601678220774246));
#7519=CARTESIAN_POINT('',(-0.0197715330145445,0.010456203583234,0.0561621102695481));
#7520=CARTESIAN_POINT('',(-0.0197715330145445,0.0171816537132338,0.0561621102695481));
#7521=CARTESIAN_POINT('',(-0.0197715330145445,0.017238145810953,0.0561621102695473));
#7522=CARTESIAN_POINT('',(-0.0197715330145445,0.0266080041032346,0.0651735338853013));
#7523=CARTESIAN_POINT('',(-0.0197715330145445,0.0191071038432337,0.0545557895255271));
#7524=CARTESIAN_POINT('',(-0.0197715330145445,0.0191071038432337,0.0592630242776295));
#7525=CARTESIAN_POINT('',(-0.0197715330145445,0.0266071038432336,0.0651735338853013));
#7526=CARTESIAN_POINT('',(-0.0197715330145445,0.0266080041032346,0.0651735338853013));
#7527=CARTESIAN_POINT('',(-0.0197715330145445,0.0346071038432336,0.0754211874386542));
#7528=CARTESIAN_POINT('',(-0.0197715330145445,0.0359997821342871,0.0741621102695482));
#7529=CARTESIAN_POINT('',(-0.0197715330145444,0.0346071038432337,0.0571259564181656));
#7530=CARTESIAN_POINT('',(-0.0197715330145444,0.0346071038432337,0.0576227456251561));
#7531=CARTESIAN_POINT('',(-0.0197715330145445,0.0266080041032346,0.0651735338853013));
#7532=CARTESIAN_POINT('',(-0.0197715330145444,0.0341071038432337,0.0571259564181656));
#7533=CARTESIAN_POINT('',(-0.0197715330145445,0.0341071038432337,0.0710846146470899));
#7534=CARTESIAN_POINT('',(-0.0197715330145444,0.0341071038432338,0.0545545177778859));
#7535=CARTESIAN_POINT('',(-0.0197715330145445,0.0266080041032346,0.0651735338853013));
#7536=CARTESIAN_POINT('',(-0.0197715330145444,0.0359778623955164,0.0561621102695474));
#7537=CARTESIAN_POINT('',(-0.0197715330145444,0.0346825539732335,0.0561621102695481));
#7538=CARTESIAN_POINT('',(-0.0197715330145444,0.0427580041032334,0.0561621102695481));
#7539=CARTESIAN_POINT('',(-0.0197715330145444,0.0427580041032334,0.0635532400881838));
#7540=CARTESIAN_POINT('',(-0.0197715330145444,0.0427580041032334,0.0619329462910663));
#7541=CARTESIAN_POINT('',(-0.0197715330145444,0.0441080041032346,0.0651621102695592));
#7542=CARTESIAN_POINT('',(-0.0197715330145444,0.0427580041032333,0.0683912742480521));
#7543=CARTESIAN_POINT('',(-0.0197715330145444,0.0427580041032333,0.0701678220774247));
#7544=CARTESIAN_POINT('',(-0.0197715330145445,0.0427580041032333,0.0741621102695482));
#7545=CARTESIAN_POINT('',(-0.0197715330145445,0.0360325539732334,0.0741621102695482));
#7546=CARTESIAN_POINT('',(-0.0237715330145444,0.010456203583234,0.0551621102695481));
#7547=CARTESIAN_POINT('',(-0.0170217490906032,0.010456203583234,0.0562009175297036));
#7548=CARTESIAN_POINT('',(-0.0197715330145444,0.010456203583234,0.0551621102695481));
#7549=CARTESIAN_POINT('',(-0.00184873178111406,0.010456203583234,0.0619329462910662));
#7550=CARTESIAN_POINT('',(-0.0237715330145444,0.010456203583234,0.0551621102695481));
#7551=CARTESIAN_POINT('',(-0.0207715330145445,0.010456203583234,0.0551621102695481));
#7552=CARTESIAN_POINT('',(-0.0212715330145445,0.010456203583234,0.0546621102695481));
#7553=CARTESIAN_POINT('',(-0.0237715330145444,0.010456203583234,0.0619329462910662));
#7554=CARTESIAN_POINT('',(-0.0107715330145444,0.0346830041032341,0.0585621102695481));
#7555=CARTESIAN_POINT('',(-0.0159025421855772,0.00775620358323401,0.0566237290271579));
#7556=CARTESIAN_POINT('',(-0.0197715330145444,0.00775620358323402,0.0551621102695481));
#7557=CARTESIAN_POINT('',(-0.0197715330145445,0.0171821038432344,0.0551621102695481));
#7558=CARTESIAN_POINT('',(0.00669905522077883,0.00910620358323243,0.0651621102695591));
#7559=CARTESIAN_POINT('',(-0.00177153301454446,0.0105239482710834,0.0619621102695481));
#7560=CARTESIAN_POINT('',(-0.00177153301454445,0.0171821038432344,0.0619621102695481));
#7561=CARTESIAN_POINT('',(-0.00177153301454444,0.0266080041032346,0.0651621102695482));
#7562=CARTESIAN_POINT('',(-0.00177153301454448,0.00610800410323474,0.0661092677685202));
#7563=CARTESIAN_POINT('',(-0.00177153301454447,0.00610800410323476,0.06326495234403));
#7564=CARTESIAN_POINT('',(-0.00177153301454448,0.00610800410323474,0.0670592681950881));
#7565=CARTESIAN_POINT('',(-0.00177153301454446,0.0148570959855099,0.0632566613324465));
#7566=CARTESIAN_POINT('',(-0.00177153301454447,0.00910620358323245,0.0651621102695591));
#7567=CARTESIAN_POINT('',(-0.00177153301454447,0.0105239482711331,0.0683621102695481));
#7568=CARTESIAN_POINT('',(-0.00177153301454446,0.0185321038432344,0.0683621102695481));
#7569=CARTESIAN_POINT('',(-0.00177153301454446,0.0163856017291047,0.0670690076837246));
#7570=CARTESIAN_POINT('',(-0.0237715330145444,0.00910620358323248,0.0651621102695591));
#7571=CARTESIAN_POINT('',(0.00669905522072053,0.00910620358323243,0.0651621102695591));
#7572=CARTESIAN_POINT('',(-0.00184873178117252,0.0104562035832339,0.068391274248052));
#7573=CARTESIAN_POINT('',(-0.0237715330145444,0.010456203583234,0.068391274248052));
#7574=CARTESIAN_POINT('',(-0.0237715330145444,0.010456203583234,0.0551621102695481));
#7575=CARTESIAN_POINT('',(-0.0159025421855807,0.0104562035832339,0.0737004915119395));
#7576=CARTESIAN_POINT('',(-0.0197715330145446,0.0104562035832339,0.0751621102695481));
#7577=CARTESIAN_POINT('',(-0.0195788240091705,0.0104562035832339,0.0739694012641741));
#7578=CARTESIAN_POINT('',(-0.0207715330145445,0.0104562035832339,0.0751621102695481));
#7579=CARTESIAN_POINT('',(-0.0237715330145445,0.0104562035832339,0.0751621102695481));
#7580=CARTESIAN_POINT('',(-0.0107715330145444,0.0360330041032341,0.0717621102695482));
#7581=CARTESIAN_POINT('',(-0.0197715330145445,0.0185321038432344,0.0751621102695481));
#7582=CARTESIAN_POINT('',(-0.0237715330145444,0.0427580041032334,0.0619329462910663));
#7583=CARTESIAN_POINT('',(-0.0170217490906032,0.0427580041032333,0.0741233030093926));
#7584=CARTESIAN_POINT('',(-0.0197715330145445,0.0427580041032333,0.0751621102695482));
#7585=CARTESIAN_POINT('',(-0.00184873178117242,0.0427580041032333,0.0683912742480521));
#7586=CARTESIAN_POINT('',(-0.0237715330145444,0.0427580041032333,0.0751621102695482));
#7587=CARTESIAN_POINT('',(-0.0207715330145445,0.0427580041032333,0.0751621102695482));
#7588=CARTESIAN_POINT('',(-0.0212715330145445,0.0427580041032333,0.0756621102695482));
#7589=CARTESIAN_POINT('',(-0.0237715330145444,0.0427580041032333,0.0683912742480521));
#7590=CARTESIAN_POINT('',(-0.0107715330145444,0.0360330041032341,0.0717621102695482));
#7591=CARTESIAN_POINT('',(-0.0159025421855808,0.0454580041032333,0.0737004915119398));
#7592=CARTESIAN_POINT('',(-0.0197715330145445,0.0454580041032333,0.0751621102695482));
#7593=CARTESIAN_POINT('',(-0.0197715330145445,0.0360330041032341,0.0751621102695482));
#7594=CARTESIAN_POINT('',(0.00669905522072059,0.0441080041032346,0.0651621102695593));
#7595=CARTESIAN_POINT('',(-0.00177153301454442,0.0426902594153342,0.0683621102695482));
#7596=CARTESIAN_POINT('',(-0.00177153301454443,0.0360330041032341,0.0683621102695482));
#7597=CARTESIAN_POINT('',(-0.0237715330145444,0.0441080041032346,0.0651621102695592));
#7598=CARTESIAN_POINT('',(0.00669905522077889,0.0441080041032346,0.0651621102695593));
#7599=CARTESIAN_POINT('',(-0.00177153301454441,0.0426902594153838,0.0619621102695483));
#7600=CARTESIAN_POINT('',(-0.00184873178111406,0.0427580041032333,0.0619329462910664));
#7601=CARTESIAN_POINT('',(-0.00177153301454441,0.0441080041032346,0.0651621102695593));
#7602=CARTESIAN_POINT('',(-0.0237715330145444,0.0427580041032334,0.0619329462910663));
#7603=CARTESIAN_POINT('',(-0.0237715330145444,0.0427580041032334,0.0619329462910663));
#7604=CARTESIAN_POINT('',(-0.0159025421855769,0.0427580041032334,0.0566237290271581));
#7605=CARTESIAN_POINT('',(-0.0197715330145444,0.0427580041032334,0.0551621102695482));
#7606=CARTESIAN_POINT('',(-0.0195788240091649,0.0427580041032334,0.0563548192749277));
#7607=CARTESIAN_POINT('',(-0.0207715330145444,0.0427580041032334,0.0551621102695482));
#7608=CARTESIAN_POINT('',(-0.0237715330145444,0.0427580041032334,0.0551621102695482));
#7609=CARTESIAN_POINT('',(-0.0107715330145444,0.0346830041032341,0.0585621102695481));
#7610=CARTESIAN_POINT('',(-0.00177153301454442,0.034683004103234,0.0619621102695482));
#7611=CARTESIAN_POINT('',(-0.0197715330145444,0.0346830041032341,0.0551621102695482));
#7612=CARTESIAN_POINT('',(-0.0237715330145445,0.00310800410323478,0.0670564252674922));
#7613=CARTESIAN_POINT('',(-0.0197715330145445,0.00310800410323478,0.0661092677685202));
#7614=CARTESIAN_POINT('',(-0.0197715330145445,0.00310800410323477,0.0670564252674922));
#7615=CARTESIAN_POINT('',(-0.0197715330145445,0.00310800410323479,0.0632677952716258));
#7616=CARTESIAN_POINT('',(-0.0237715330145445,0.00310800410323478,0.0670564252674922));
#7617=CARTESIAN_POINT('',(-0.0237715330145445,0.00310800410323478,0.0670564252674922));
#7618=CARTESIAN_POINT('',(-0.0237715330145444,0.00310800410323491,0.0375449795763967));
#7619=CARTESIAN_POINT('',(-0.0237715330145445,0.00310800410323479,0.0632677952716258));
#7620=CARTESIAN_POINT('',(-0.0237715330145445,0.00310800410323479,0.0632677952716258));
#7621=CARTESIAN_POINT('',(-0.0237715330145445,0.00310800410323479,0.0632677952716258));
#7622=CARTESIAN_POINT('',(-0.0237715330145445,0.00315020499571269,0.0632677552802652));
#7623=CARTESIAN_POINT('',(-0.0164071040741919,0.00508277588975828,0.0632659238938901));
#7624=CARTESIAN_POINT('',(-0.0127715330145445,0.00616501559042418,0.06326489831752));
#7625=CARTESIAN_POINT('',(-0.0237715330145445,0.00315020499571269,0.0632677552802652));
#7626=CARTESIAN_POINT('',(-0.0172176973495171,0.00353364338073928,0.0632673919177433));
#7627=CARTESIAN_POINT('',(-0.0237715330145445,-0.00241581976857062,0.0632730298820657));
#7628=CARTESIAN_POINT('',(-0.0107715330145445,0.00460800410323476,0.0661092677685202));
#7629=CARTESIAN_POINT('',(-0.0169696857853263,0.00357497864143776,0.067056867792426));
#7630=CARTESIAN_POINT('',(-0.00177153301454444,0.0266080041032346,0.0651621102695482));
#7631=CARTESIAN_POINT('',(-0.00177153301454441,0.0471080041032346,0.0642121102695538));
#7632=CARTESIAN_POINT('',(-0.00177153301454441,0.0471080041032346,0.0632621102695593));
#7633=CARTESIAN_POINT('',(-0.00177153301454442,0.0368276979489046,0.0632621102695592));
#7634=CARTESIAN_POINT('',(-0.0107715330145444,0.0486080041032346,0.0642121102695537));
#7635=CARTESIAN_POINT('',(-0.0169693212057341,0.0496409688017665,0.0632621102695593));
#7636=CARTESIAN_POINT('',(-0.0237715330145444,0.007756203583234,0.0619329462910649));
#7637=CARTESIAN_POINT('',(-0.0127715330145445,0.00775620358323398,0.0619329462910648));
#7638=CARTESIAN_POINT('',(-0.0165780311627557,0.00775620358323397,0.0609015072245189));
#7639=CARTESIAN_POINT('',(-0.0237715330145444,0.00775620358323401,0.0590596517486018));
#7640=CARTESIAN_POINT('',(-0.0237715330145444,0.00775620358323401,0.0590596517486018));
#7641=CARTESIAN_POINT('',(-0.0237715330145444,0.00775620358323412,0.034983240088183));
#7642=CARTESIAN_POINT('',(-0.0237715330145444,0.00775620358323403,0.0551621102695481));
#7643=CARTESIAN_POINT('',(-0.0237715330145444,0.00775620358323403,0.0551621102695481));
#7644=CARTESIAN_POINT('',(-0.0182715330145445,0.00910620358323247,0.0651621102695591));
#7645=CARTESIAN_POINT('',(-0.0237715330145444,0.00910620358323248,0.0651621102695591));
#7646=CARTESIAN_POINT('',(-0.0237715330145445,0.00616501559042417,0.0670593222215982));
#7647=CARTESIAN_POINT('',(-0.0127715330145445,0.00616501559042416,0.0670593222215981));
#7648=CARTESIAN_POINT('',(-0.0164071040741918,0.00508277588975827,0.0670582966452281));
#7649=CARTESIAN_POINT('',(-0.0237715330145445,0.00315020499571268,0.0670564652588528));
#7650=CARTESIAN_POINT('',(-0.0237715330145445,0.00315020499571268,0.0670564652588528));
#7651=CARTESIAN_POINT('',(-0.0237715330145445,-0.000941451445130455,0.0670525878311833));
#7652=CARTESIAN_POINT('',(-0.0182715330145445,0.00910620358323247,0.0651621102695591));
#7653=CARTESIAN_POINT('',(-0.0237715330145444,0.00910620358323248,0.0651621102695591));
#7654=CARTESIAN_POINT('',(-0.0237715330145444,0.0454580041032334,0.0551621102695482));
#7655=CARTESIAN_POINT('',(-0.0127715330145444,0.0454580041032334,0.0683912742480533));
#7656=CARTESIAN_POINT('',(-0.0165780311627555,0.0454580041032334,0.0694227133145994));
#7657=CARTESIAN_POINT('',(-0.0237715330145444,0.0454580041032334,0.0712645687905164));
#7658=CARTESIAN_POINT('',(-0.0237715330145444,0.0454580041032334,0.0712645687905165));
#7659=CARTESIAN_POINT('',(-0.0237715330145443,0.0454580041032335,0.0382124040666773));
#7660=CARTESIAN_POINT('',(-0.0237715330145444,0.0454580041032333,0.0751621102695482));
#7661=CARTESIAN_POINT('',(-0.0237715330145444,0.0454580041032333,0.0751621102695482));
#7662=CARTESIAN_POINT('',(-0.0182715330145444,0.0441080041032346,0.0651621102695592));
#7663=CARTESIAN_POINT('',(-0.0237715330145444,0.0441080041032346,0.0651621102695592));
#7664=CARTESIAN_POINT('',(-0.0237715330145444,0.0470473917945747,0.0632621102695592));
#7665=CARTESIAN_POINT('',(-0.0127715330145444,0.0470473917945747,0.0632621102695592));
#7666=CARTESIAN_POINT('',(-0.016407103383489,0.0481296321816455,0.0632621102695592));
#7667=CARTESIAN_POINT('',(-0.0237715330145444,0.0500622043014143,0.0632621102695592));
#7668=CARTESIAN_POINT('',(-0.0237715330145444,0.0500622043014143,0.0632621102695592));
#7669=CARTESIAN_POINT('',(-0.0237715330145444,0.0195276979489046,0.0632621102695591));
#7670=CARTESIAN_POINT('',(-0.0182715330145444,0.0441080041032346,0.0651621102695592));
#7671=CARTESIAN_POINT('',(-0.0237715330145444,0.0441080041032346,0.0651621102695592));
#7672=CARTESIAN_POINT('',(-0.0267715330145444,0.0341071038432337,0.0630335338853013));
#7673=CARTESIAN_POINT('',(-0.0203715330145444,0.0341071038432337,0.053351372361724));
#7674=CARTESIAN_POINT('',(-0.0198447263683881,0.0341071038432337,0.0539752255404748));
#7675=CARTESIAN_POINT('',(-0.0193715330145444,0.0341071038432338,0.0545545177778858));
#7676=CARTESIAN_POINT('',(-0.0203715330145444,0.0341071038432338,0.053351372361724));
#7677=CARTESIAN_POINT('',(-0.0193715330145444,0.0341071038432338,0.0545545177778859));
#7678=CARTESIAN_POINT('',(-0.0267715330145444,0.0341071038432338,0.053351372361724));
#7679=CARTESIAN_POINT('',(-0.0207715330145444,0.0341071038432338,0.053351372361724));
#7680=CARTESIAN_POINT('',(-0.0207715330145444,0.0341071038432338,0.053351372361724));
#7681=CARTESIAN_POINT('',(-0.0202447263683883,0.0341071038432338,0.0539752255404745));
#7682=CARTESIAN_POINT('',(-0.0197715330145444,0.0341071038432338,0.0545545177778858));
#7683=CARTESIAN_POINT('',(-0.0267715330145444,0.0341071038432338,0.0571259564181656));
#7684=CARTESIAN_POINT('',(-0.0193715330145444,0.0341071038432337,0.0571259564181657));
#7685=CARTESIAN_POINT('',(-0.0193715330145445,0.0341071038432337,0.0630335338853013));
#7686=CARTESIAN_POINT('',(-0.0267715330145444,0.0266080041032346,0.0651735338853012));
#7687=CARTESIAN_POINT('',(-0.0238724332745456,0.0266080041032346,0.0651735338853012));
#7688=CARTESIAN_POINT('',(-0.0193715330145444,0.031108904363236,0.0551365075901518));
#7689=CARTESIAN_POINT('',(-0.0203715330145444,0.030108904363236,0.0547455092703742));
#7690=CARTESIAN_POINT('',(-0.0193715330145445,0.0266080041032346,0.0651735338853013));
#7691=CARTESIAN_POINT('',(-0.0277706327545436,0.0266080041032346,0.0651735338853012));
#7692=CARTESIAN_POINT('',(-0.0251715330145444,0.0266080041032346,0.0651735338853012));
#7693=CARTESIAN_POINT('',(-0.0251715330145444,0.030108904363236,0.0547455092703742));
#7694=CARTESIAN_POINT('',(-0.0267715330145444,0.030108904363236,0.0547455092703742));
#7695=CARTESIAN_POINT('',(-0.0251715330145444,0.0266071038432337,0.0571035338853013));
#7696=CARTESIAN_POINT('',(-0.0251715330145444,0.0191071038432337,0.0625335338853012));
#7697=CARTESIAN_POINT('',(-0.0251715330145444,0.0191071038432337,0.0625335338853012));
#7698=CARTESIAN_POINT('',(-0.0251715330145444,0.0191071038432337,0.0600685338853012));
#7699=CARTESIAN_POINT('',(-0.0251715330145444,0.0191071038432337,0.0571276346012239));
#7700=CARTESIAN_POINT('',(-0.0251715330145444,0.0266080041032346,0.0651735338853012));
#7701=CARTESIAN_POINT('',(-0.0251715330145444,0.0231071038432338,0.0547455092703741));
#7702=CARTESIAN_POINT('',(-0.0251715330145444,0.0231071038432338,0.0543609292684486));
#7703=CARTESIAN_POINT('',(-0.0251715330145444,0.0231071038432338,0.0530696627124274));
#7704=CARTESIAN_POINT('',(-0.0251715330145444,0.0266080041032346,0.0651735338853012));
#7705=CARTESIAN_POINT('',(-0.0251715330145444,0.030108904363236,0.0530696627124275));
#7706=CARTESIAN_POINT('',(-0.0251715330145444,0.030108904363236,0.0559245215778377));
#7707=CARTESIAN_POINT('',(-0.0267715330145444,0.0231071038432338,0.051618324651596));
#7708=CARTESIAN_POINT('',(-0.0203715330145445,0.0231071038432338,0.052995652139003));
#7709=CARTESIAN_POINT('',(-0.0203715330145445,0.0231071038432338,0.051618324651596));
#7710=CARTESIAN_POINT('',(-0.0203715330145445,0.0231071038432338,0.0547455092703741));
#7711=CARTESIAN_POINT('',(-0.0267715330145444,0.0231071038432338,0.051618324651596));
#7712=CARTESIAN_POINT('',(-0.0237715330145444,0.0231071038432338,0.051618324651596));
#7713=CARTESIAN_POINT('',(-0.0237715330145444,0.0231071038432337,0.051618324651596));
#7714=CARTESIAN_POINT('',(-0.0245111266642969,0.0231071038432338,0.0523821867888759));
#7715=CARTESIAN_POINT('',(-0.0251715330145444,0.0231071038432338,0.0530696627124274));
#7716=CARTESIAN_POINT('',(-0.0267715330145444,0.0231071038432338,0.0547455092703741));
#7717=CARTESIAN_POINT('',(-0.0267715330145444,0.0191071038432336,0.0710335338853012));
#7718=CARTESIAN_POINT('',(-0.0193715330145445,0.0191071038432337,0.054555789525527));
#7719=CARTESIAN_POINT('',(-0.0198447206001364,0.0191071038432337,0.0539764349654379));
#7720=CARTESIAN_POINT('',(-0.0203715330145444,0.0191071038432337,0.0533525146699578));
#7721=CARTESIAN_POINT('',(-0.0193715330145445,0.0191071038432337,0.054555789525527));
#7722=CARTESIAN_POINT('',(-0.0203715330145445,0.0191071038432338,0.0533525146699579));
#7723=CARTESIAN_POINT('',(-0.0193715330145445,0.0191071038432338,0.0490335338853012));
#7724=CARTESIAN_POINT('',(-0.0193715330145445,0.0191071038432337,0.0571276346012239));
#7725=CARTESIAN_POINT('',(-0.0267715330145444,0.0191071038432337,0.0571276346012239));
#7726=CARTESIAN_POINT('',(-0.0197715330145445,0.0191071038432337,0.054555789525527));
#7727=CARTESIAN_POINT('',(-0.0202447206001367,0.0191071038432337,0.0539764349654375));
#7728=CARTESIAN_POINT('',(-0.0207715330145445,0.0191071038432338,0.0533525146699578));
#7729=CARTESIAN_POINT('',(-0.0207715330145445,0.0191071038432338,0.0533525146699578));
#7730=CARTESIAN_POINT('',(-0.0267715330145444,0.0191071038432338,0.0533525146699578));
#7731=CARTESIAN_POINT('',(-0.0267715330145444,0.030108904363236,0.0547455092703742));
#7732=CARTESIAN_POINT('',(-0.0203715330145444,0.030108904363236,0.0545588249026275));
#7733=CARTESIAN_POINT('',(-0.0203715330145444,0.030108904363236,0.0516183246515961));
#7734=CARTESIAN_POINT('',(-0.0251715330145444,0.030108904363236,0.0530696627124275));
#7735=CARTESIAN_POINT('',(-0.0245111266642969,0.0301089043632359,0.0523821867888759));
#7736=CARTESIAN_POINT('',(-0.0237715330145444,0.0301089043632359,0.051618324651596));
#7737=CARTESIAN_POINT('',(-0.0237715330145444,0.030108904363236,0.0516183246515961));
#7738=CARTESIAN_POINT('',(-0.0267715330145444,0.030108904363236,0.0516183246515961));
#7739=CARTESIAN_POINT('',(-0.0244715330145444,0.0266080041032346,0.0651735338853012));
#7740=CARTESIAN_POINT('',(-0.0237715330145444,0.0266080041032346,0.0651735338853012));
#7741=CARTESIAN_POINT('',(-0.0237715330145444,0.0427580041032334,0.0551621102695482));
#7742=CARTESIAN_POINT('',(-0.0207715330145444,0.0346825539732336,0.0551621102695482));
#7743=CARTESIAN_POINT('',(-0.0207715330145444,0.0363942902826768,0.0551621102695477));
#7744=CARTESIAN_POINT('',(-0.0237715330145444,0.0363942902826771,0.0551621102695482));
#7745=CARTESIAN_POINT('',(-0.0237715330145444,0.0363942902826771,0.0551621102695482));
#7746=CARTESIAN_POINT('',(-0.0237715330145444,0.017383004103234,0.0551621102695481));
#7747=CARTESIAN_POINT('',(-0.0202715330145445,0.0266080041032346,0.0651735338853013));
#7748=CARTESIAN_POINT('',(-0.0207715330145445,0.0266080041032346,0.0651735338853013));
#7749=CARTESIAN_POINT('',(-2.63904438689049,0.0361495828732093,-2.56311074360727));
#7750=CARTESIAN_POINT('',(-0.0202715330145444,0.0346825539732335,0.0556621102695481));
#7751=CARTESIAN_POINT('',(-0.0237715330145444,0.0454580041032333,0.0751621102695482));
#7752=CARTESIAN_POINT('',(-0.0207715330145445,0.0360325539732334,0.0751621102695482));
#7753=CARTESIAN_POINT('',(-0.0207715330145445,0.0364176086730496,0.0751621102695447));
#7754=CARTESIAN_POINT('',(-0.0237715330145444,0.0173830041032339,0.0751621102695481));
#7755=CARTESIAN_POINT('',(-0.0237715330145444,0.0364176086730462,0.0751621102695482));
#7756=CARTESIAN_POINT('',(-0.0237715330145444,0.0364176086730462,0.0751621102695482));
#7757=CARTESIAN_POINT('',(-0.0237715330145444,0.0266080041032346,0.0651735338853012));
#7758=CARTESIAN_POINT('',(-0.0237715330145444,0.0266080041032346,0.0651735338853012));
#7759=CARTESIAN_POINT('',(-0.0237715330145444,0.0347071038432337,0.0765930165093761));
#7760=CARTESIAN_POINT('',(-0.0156724332745453,0.0266080041032346,0.0651735338853013));
#7761=CARTESIAN_POINT('',(-0.0207715330145445,0.0266080041032346,0.0651735338853013));
#7762=CARTESIAN_POINT('',(-0.0202715330145445,0.0360325539732334,0.0746621102695482));
#7763=CARTESIAN_POINT('',(-2.63796940425934,0.036172080222122,2.69235998152367));
#7764=CARTESIAN_POINT('',(-0.0202715330145445,0.0266080041032346,0.0651735338853013));
#7765=CARTESIAN_POINT('',(-0.0202715330145445,0.0341071038432337,0.0763991075049231));
#7766=CARTESIAN_POINT('',(-0.0200999588010227,0.0342786780567554,0.0760781525012289));
#7767=CARTESIAN_POINT('',(-0.0199331362309742,0.0344455006268039,0.0757523385692467));
#7768=CARTESIAN_POINT('',(-0.0197715330145445,0.0346071038432337,0.0754211874386542));
#7769=CARTESIAN_POINT('',(-0.0267715330145444,0.0191071038432336,0.0710335338853012));
#7770=CARTESIAN_POINT('',(-0.0197715330145445,0.0191071038432336,0.0757912782450753));
#7771=CARTESIAN_POINT('',(-0.0202447206001362,0.0191071038432336,0.0763706328051642));
#7772=CARTESIAN_POINT('',(-0.0207715330145445,0.0191071038432336,0.0769945531006445));
#7773=CARTESIAN_POINT('',(-0.0202715330145445,0.0191071038432336,0.0763979044818877));
#7774=CARTESIAN_POINT('',(-0.0207715330145445,0.0191071038432336,0.0769945531006445));
#7775=CARTESIAN_POINT('',(-0.0202715330145445,0.0191071038432337,0.0571276346012239));
#7776=CARTESIAN_POINT('',(-0.0202715330145445,0.0191071038432337,0.0571276346012238));
#7777=CARTESIAN_POINT('',(-0.0267715330145444,0.0191071038432337,0.0571276346012238));
#7778=CARTESIAN_POINT('',(-0.0302215330145444,0.0191071038432337,0.0675835338853013));
#7779=CARTESIAN_POINT('',(-0.0260215330145444,0.0191071038432336,0.0702835338853012));
#7780=CARTESIAN_POINT('',(-0.0237715330145444,0.0191071038432336,0.0725335338853012));
#7781=CARTESIAN_POINT('',(-0.0237715330145444,0.0191071038432339,0.0306930242776295));
#7782=CARTESIAN_POINT('',(-0.0237715330145444,0.0191071038432336,0.0769945531006445));
#7783=CARTESIAN_POINT('',(-0.0237715330145444,0.0191071038432336,0.0769945531006445));
#7784=CARTESIAN_POINT('',(-0.0237715330145444,0.0266080041032346,0.0651735338853012));
#7785=CARTESIAN_POINT('',(-0.0207715330145445,0.0266080041032346,0.0651735338853013));
#7786=CARTESIAN_POINT('',(-0.0207715330145445,0.0167983995334253,0.0751621102695506));
#7787=CARTESIAN_POINT('',(-0.0237715330145444,0.0266080041032346,0.0651735338853012));
#7788=CARTESIAN_POINT('',(-0.0237715330145444,0.0167983995334233,0.0751621102695481));
#7789=CARTESIAN_POINT('',(-0.0237715330145444,0.0167983995334233,0.0751621102695481));
#7790=CARTESIAN_POINT('',(-0.0237715330145444,0.0454580041032333,0.0751621102695482));
#7791=CARTESIAN_POINT('',(-0.0207715330145445,0.0185316537132337,0.0751621102695481));
#7792=CARTESIAN_POINT('',(-0.0237715330145445,0.00123210384323423,0.075162110269548));
#7793=CARTESIAN_POINT('',(-0.0202715330145445,0.0266080041032346,0.0651735338853013));
#7794=CARTESIAN_POINT('',(-0.0197715330145445,0.0186071038432336,0.0754197817365645));
#7795=CARTESIAN_POINT('',(-0.0199331338409373,0.0187687046696265,0.0757510017974369));
#7796=CARTESIAN_POINT('',(-0.0200999564932584,0.0189355273219475,0.0760768832380256));
#7797=CARTESIAN_POINT('',(-0.0202715330145444,0.0191071038432335,0.0763979044818877));
#7798=CARTESIAN_POINT('',(-2.63796400833916,0.017043927638471,2.69235458559552));
#7799=CARTESIAN_POINT('',(-0.0202715330145445,0.0360325539732334,0.0746621102695482));
#7800=CARTESIAN_POINT('',(-0.0237715330145444,0.0427580041032334,0.0551621102695482));
#7801=CARTESIAN_POINT('',(-0.0207715330145445,0.0171816537132338,0.0551621102695481));
#7802=CARTESIAN_POINT('',(-0.0207715330145445,0.0168217179237929,0.0551621102695473));
#7803=CARTESIAN_POINT('',(-0.0237715330145444,0.00123210384323432,0.055162110269548));
#7804=CARTESIAN_POINT('',(-0.0237715330145444,0.0168217179237926,0.0551621102695481));
#7805=CARTESIAN_POINT('',(-0.0237715330145444,0.0168217179237925,0.0551621102695481));
#7806=CARTESIAN_POINT('',(-0.0237715330145444,0.0266080041032346,0.0651735338853012));
#7807=CARTESIAN_POINT('',(-0.0203715330145445,0.0266080041032346,0.0651735338853013));
#7808=CARTESIAN_POINT('',(-0.0207715330145445,0.0266080041032346,0.0651735338853013));
#7809=CARTESIAN_POINT('',(-0.0237715330145444,0.0266080041032346,0.0651735338853012));
#7810=CARTESIAN_POINT('',(-0.0202715330145444,0.0346825539732335,0.0556621102695481));
#7811=CARTESIAN_POINT('',(-2.63901578954408,0.0170664258126106,-2.56308214624771));
#7812=CARTESIAN_POINT('',(-0.0202715330145445,0.0266080041032346,0.0651735338853013));
#7813=CARTESIAN_POINT('',(-0.0267715330145444,0.0266080041032346,0.0651735338853012));
#7814=CARTESIAN_POINT('',(-0.0238724332745456,0.0266080041032346,0.0651735338853012));
#7815=CARTESIAN_POINT('',(-0.0193715330145445,0.0221071038432336,0.0551365075901517));
#7816=CARTESIAN_POINT('',(-0.0277724332745453,0.0266080041032346,0.0651735338853012));
#7817=CARTESIAN_POINT('',(-0.0193715330145445,0.0266080041032346,0.0651735338853013));
#7818=CARTESIAN_POINT('',(-0.0193715330145444,0.0321080041032346,0.0543721405348809));
#7819=CARTESIAN_POINT('',(-0.0193715330145445,0.0266080041032346,0.0651735338853013));
#7820=CARTESIAN_POINT('',(-0.0193715330145444,0.031108904363236,0.052977555168957));
#7821=CARTESIAN_POINT('',(-0.0193715330145444,0.0311089043632359,0.0545588249026275));
#7822=CARTESIAN_POINT('',(-0.0198715330145445,0.0226071038432338,0.052995652139003));
#7823=CARTESIAN_POINT('',(-0.0203715330145445,0.0231071038432338,0.051618324651596));
#7824=CARTESIAN_POINT('',(-0.0198451414065146,0.0225807122352038,0.0522979399102764));
#7825=CARTESIAN_POINT('',(-0.0193715330145445,0.0221071038432337,0.0529775551689569));
#7826=CARTESIAN_POINT('',(-0.0193715330145445,0.0221071038432337,0.0529775551689569));
#7827=CARTESIAN_POINT('',(-0.0193715330145445,0.0221071038432337,0.052995652139003));
#7828=CARTESIAN_POINT('',(-0.0193715330145444,0.0321080041032346,0.0543721405348809));
#7829=CARTESIAN_POINT('',(-0.0193715330145445,0.0266080041032346,0.0651735338853013));
#7830=CARTESIAN_POINT('',(-0.0198715330145445,0.0266080041032346,0.0651735338853013));
#7831=CARTESIAN_POINT('',(-0.0198715330145444,0.030608904363236,0.0545588249026275));
#7832=CARTESIAN_POINT('',(-0.0193715330145444,0.031108904363236,0.052977555168957));
#7833=CARTESIAN_POINT('',(-0.0198451414065145,0.030635295971266,0.0522979399102766));
#7834=CARTESIAN_POINT('',(-0.0203715330145444,0.030108904363236,0.0516183246515961));
#7835=CARTESIAN_POINT('',(-0.0237715330145444,0.0266080041032346,0.0651735338853012));
#7836=CARTESIAN_POINT('',(-0.0203715330145445,0.0266080041032346,0.0651735338853013));
#7837=CARTESIAN_POINT('',(-0.0237715330145444,0.0266080041032346,0.0651735338853012));
#7838=CARTESIAN_POINT('',(-0.0198715330145445,0.0266080041032346,0.0651735338853013));
#7839=CARTESIAN_POINT('',(-0.0267715330145443,0.0820080041032346,0.0501621102695484));
#7840=CARTESIAN_POINT('',(-0.0267715330145444,0.00708762344011605,0.0501621102695481));
#7841=CARTESIAN_POINT('',(-0.0237715330145444,0.00708762344011605,0.0501621102695481));
#7842=CARTESIAN_POINT('',(-0.0237715330145444,0.00211473487246555,0.050162110269548));
#7843=CARTESIAN_POINT('',(-0.0237715330145444,8.00410323464722E-6,0.050162110269548));
#7844=CARTESIAN_POINT('',(-0.0267715330145444,8.00410323465242E-6,0.050162110269548));
#7845=CARTESIAN_POINT('',(-0.0267715330145444,8.0041032346663E-6,0.047162110269548));
#7846=CARTESIAN_POINT('',(-0.0237715330145444,8.0041032346611E-6,0.047162110269548));
#7847=CARTESIAN_POINT('',(-0.0237715330145444,-0.00299199589676534,0.047162110269548));
#7848=CARTESIAN_POINT('',(-0.0267715330145444,-0.00299199589676533,0.047162110269548));
#7849=CARTESIAN_POINT('',(-0.0267715330145444,-0.00299199589676523,0.023162110269548));
#7850=CARTESIAN_POINT('',(-0.0267715330145444,0.00262165615926102,0.0331249057273421));
#7851=CARTESIAN_POINT('',(-0.0237715330145444,0.00262165615926102,0.0331249057273421));
#7852=CARTESIAN_POINT('',(-0.0237715330145444,-0.00682952933251364,0.0163514707248751));
#7853=CARTESIAN_POINT('',(-0.0237715330145444,0.00970127549614237,0.0456894178610563));
#7854=CARTESIAN_POINT('',(-0.0267715330145444,0.00970127549614237,0.0456894178610563));
#7855=CARTESIAN_POINT('',(-0.0267715330145444,0.00708762344011607,0.0471621102695481));
#7856=CARTESIAN_POINT('',(-0.0237715330145444,0.00708762344011606,0.0471621102695481));
#7857=CARTESIAN_POINT('',(-0.0267715330145445,-0.0029919958967656,0.110277260127209));
#7858=CARTESIAN_POINT('',(-0.0267715330145444,-0.00299199589676528,0.0345975981358338));
#7859=CARTESIAN_POINT('',(-0.0237715330145444,-0.00299199589676528,0.0345975981358338));
#7860=CARTESIAN_POINT('',(-0.0237715330145444,-0.00299199589676526,0.0290978220774245));
#7861=CARTESIAN_POINT('',(-0.0267715330145444,8.00410323472008E-6,0.0345975981358339));
#7862=CARTESIAN_POINT('',(-0.0237715330145444,8.00410323471487E-6,0.0345975981358339));
#7863=CARTESIAN_POINT('',(-0.0267715330145444,0.0122214656416965,0.0440335338853012));
#7864=CARTESIAN_POINT('',(-0.0267715330145444,0.0113608865564812,0.0425062262937928));
#7865=CARTESIAN_POINT('',(-0.0237715330145444,0.0113608865564812,0.0425062262937929));
#7866=CARTESIAN_POINT('',(-0.0237715330145444,0.00208773128789415,0.0260487493666078));
#7867=CARTESIAN_POINT('',(-0.0237715330145444,-0.000471805751211159,0.0215062262937929));
#7868=CARTESIAN_POINT('',(-0.0267715330145444,-0.000471805751211155,0.0215062262937929));
#7869=CARTESIAN_POINT('',(-0.0267715330145444,0.00214184630481519,0.0200335338853011));
#7870=CARTESIAN_POINT('',(-0.0237715330145444,0.00214184630481518,0.0200335338853011));
#7871=CARTESIAN_POINT('',(-0.0237715330145444,0.00214184630481519,0.0170335338853011));
#7872=CARTESIAN_POINT('',(-0.0267715330145444,0.00214184630481519,0.0170335338853011));
#7873=CARTESIAN_POINT('',(-0.0267715330145444,0.0404695425647732,0.0440335338853013));
#7874=CARTESIAN_POINT('',(-0.0267715330145444,0.0395802223608302,0.0440335338853013));
#7875=CARTESIAN_POINT('',(-0.0237715330145444,0.0395802223608302,0.0440335338853013));
#7876=CARTESIAN_POINT('',(-0.0237715330145444,0.0162387733340039,0.0440335338853012));
#7877=CARTESIAN_POINT('',(-0.0237715330145444,0.0139745386125076,0.0440335338853012));
#7878=CARTESIAN_POINT('',(-0.0267715330145444,0.0139745386125076,0.0440335338853012));
#7879=CARTESIAN_POINT('',(-0.0267715330145444,0.0139745386125076,0.0410335338853012));
#7880=CARTESIAN_POINT('',(-0.0237715330145444,0.0139745386125076,0.0410335338853012));
#7881=CARTESIAN_POINT('',(-0.0267715330145443,0.0820080041032348,0.0170335338853015));
#7882=CARTESIAN_POINT('',(-0.0267715330145443,0.0735228797203087,0.0225488647342033));
#7883=CARTESIAN_POINT('',(-0.0237715330145443,0.0735228797203087,0.0225488647342033));
#7884=CARTESIAN_POINT('',(-0.0237715330145443,0.0524297967218639,0.0362593686831924));
#7885=CARTESIAN_POINT('',(-0.0237715330145444,0.0412151874126164,0.0435488647342032));
#7886=CARTESIAN_POINT('',(-0.0267715330145444,0.0412151874126164,0.0435488647342032));
#7887=CARTESIAN_POINT('',(-0.0267715330145444,0.0395802223608302,0.0410335338853013));
#7888=CARTESIAN_POINT('',(-0.0237715330145444,0.0395802223608302,0.0410335338853013));
#7889=CARTESIAN_POINT('',(-0.0267715330145443,0.0820080041032346,0.0501621102695484));
#7890=CARTESIAN_POINT('',(-0.0267715330145443,0.0790080041032346,0.0501621102695484));
#7891=CARTESIAN_POINT('',(-0.0237715330145443,0.0790080041032346,0.0501621102695484));
#7892=CARTESIAN_POINT('',(-0.0237715330145444,0.0370080041032346,0.0501621102695482));
#7893=CARTESIAN_POINT('',(-0.0237715330145444,0.0505896319994854,0.0501621102695482));
#7894=CARTESIAN_POINT('',(-0.0267715330145444,0.0505896319994854,0.0501621102695482));
#7895=CARTESIAN_POINT('',(-0.0267715330145444,0.0505896319994854,0.0471621102695482));
#7896=CARTESIAN_POINT('',(-0.0237715330145444,0.0505896319994854,0.0471621102695482));
#7897=CARTESIAN_POINT('',(-0.0237715330145444,0.0489546669476992,0.0446467794206464));
#7898=CARTESIAN_POINT('',(-0.0267715330145444,0.0489546669476992,0.0446467794206463));
#7899=CARTESIAN_POINT('',(-0.0267715330145444,-0.0029919958967652,0.0170335338853011));
#7900=CARTESIAN_POINT('',(-0.0267715330145443,0.0718879146685225,0.0170335338853015));
#7901=CARTESIAN_POINT('',(-0.0237715330145443,0.0718879146685225,0.0170335338853015));
#7902=CARTESIAN_POINT('',(-0.0237715330145444,-0.00549199589676521,0.0170335338853011));
#7903=CARTESIAN_POINT('',(-0.0267715330145443,0.0718879146685225,0.0200335338853014));
#7904=CARTESIAN_POINT('',(-0.0237715330145443,0.0718879146685225,0.0200335338853014));
#7905=CARTESIAN_POINT('',(-0.0267715330145444,0.0404695425647731,0.0501621102695482));
#7906=CARTESIAN_POINT('',(-0.0267715330145443,0.0773730390514484,0.0261748375532093));
#7907=CARTESIAN_POINT('',(-0.0237715330145443,0.0773730390514484,0.0261748375532094));
#7908=CARTESIAN_POINT('',(-0.0237715330145444,0.0330607679384892,0.0549778137766328));
#7909=CARTESIAN_POINT('',(-0.0267715330145443,0.0790080041032348,0.0286901684021113));
#7910=CARTESIAN_POINT('',(-0.0237715330145443,0.0790080041032348,0.0286901684021113));
#7911=CARTESIAN_POINT('',(-0.0237715330145443,0.0815080041032348,0.0270318560069337));
#7912=CARTESIAN_POINT('',(-0.0262715330145443,0.0790080041032348,0.0286901684021113));
#7913=CARTESIAN_POINT('',(-0.0232715330145443,0.0820080041032348,0.0286901684021114));
#7914=CARTESIAN_POINT('',(-0.0267715330145443,0.0820080041032348,0.0286901684021114));
#7915=CARTESIAN_POINT('',(-0.0267715330145444,0.040558004118136,0.0801621102695482));
#7916=CARTESIAN_POINT('',(-0.0267715330145444,0.0435580041181359,0.0801621102695482));
#7917=CARTESIAN_POINT('',(-0.0237715330145444,0.0435580041181359,0.0801621102695482));
#7918=CARTESIAN_POINT('',(-0.0237715330145445,0.0162830041106852,0.0801621102695481));
#7919=CARTESIAN_POINT('',(-0.0237715330145444,0.0790080041032345,0.0801621102695484));
#7920=CARTESIAN_POINT('',(-0.0267715330145444,0.0790080041032345,0.0801621102695484));
#7921=CARTESIAN_POINT('',(-0.0267715330145444,0.0790080041032345,0.0831621102695484));
#7922=CARTESIAN_POINT('',(-0.0237715330145444,0.0790080041032345,0.0831621102695484));
#7923=CARTESIAN_POINT('',(-0.0237715330145444,0.0815080041032345,0.0815037978743707));
#7924=CARTESIAN_POINT('',(-0.0262715330145444,0.0790080041032345,0.0831621102695484));
#7925=CARTESIAN_POINT('',(-0.0232715330145444,0.0820080041032345,0.0831621102695484));
#7926=CARTESIAN_POINT('',(-0.0267715330145444,0.0820080041032345,0.0831621102695484));
#7927=CARTESIAN_POINT('',(-0.0267715330145444,0.0820080041032345,0.0801621102695484));
#7928=CARTESIAN_POINT('',(-0.0267715330145444,0.0820080041032344,0.106714660478044));
#7929=CARTESIAN_POINT('',(-0.0232715330145444,0.0820080041032344,0.106714660478044));
#7930=CARTESIAN_POINT('',(-0.0232715330145443,0.0820080041032347,0.0440978220774249));
#7931=CARTESIAN_POINT('',(-0.0267715330145444,0.0790080041032344,0.106714660478044));
#7932=CARTESIAN_POINT('',(-0.0262715330145444,0.0790080041032344,0.106714660478044));
#7933=CARTESIAN_POINT('',(-0.0237715330145444,0.0815080041032344,0.108372972873222));
#7934=CARTESIAN_POINT('',(-0.0237715330145444,0.0790080041032344,0.106714660478044));
#7935=CARTESIAN_POINT('',(-0.0237715330145444,0.0777606470439824,0.109443048347599));
#7936=CARTESIAN_POINT('',(-0.0267715330145444,0.0777606470439824,0.109443048347599));
#7937=CARTESIAN_POINT('',(-0.0267715330145445,0.0405580041181358,0.0990835339002025));
#7938=CARTESIAN_POINT('',(-0.0267715330145445,0.0411521108628196,0.0993551460306476));
#7939=CARTESIAN_POINT('',(-0.0237715330145445,0.0411521108628196,0.0993551460306476));
#7940=CARTESIAN_POINT('',(-0.0237715330145445,0.00326471751916151,0.082033889008793));
#7941=CARTESIAN_POINT('',(-0.0237715330145444,0.0694781002882265,0.112305146015746));
#7942=CARTESIAN_POINT('',(-0.0267715330145444,0.0694781002882265,0.112305146015746));
#7943=CARTESIAN_POINT('',(-0.0267715330145444,0.0682307432289745,0.115033533885301));
#7944=CARTESIAN_POINT('',(-0.0237715330145444,0.0682307432289745,0.115033533885301));
#7945=CARTESIAN_POINT('',(-0.0237715330145444,0.0682307432289745,0.118033533885301));
#7946=CARTESIAN_POINT('',(-0.0267715330145444,0.0682307432289745,0.118033533885301));
#7947=CARTESIAN_POINT('',(-0.0267715330145444,0.0820080041032344,0.111384843673014));
#7948=CARTESIAN_POINT('',(-0.0267715330145444,0.0423106470588838,0.0932361122937781));
#7949=CARTESIAN_POINT('',(-0.0237715330145444,0.0423106470588838,0.0932361122937781));
#7950=CARTESIAN_POINT('',(-0.0237715330145445,0.0252467904931361,0.085434904048111));
#7951=CARTESIAN_POINT('',(-0.0267715330145444,0.0435580041181359,0.0905077244242232));
#7952=CARTESIAN_POINT('',(-0.0237715330145444,0.0435580041181359,0.0905077244242232));
#7953=CARTESIAN_POINT('',(-0.0237715330145444,0.0405580041181359,0.0905077244242232));
#7954=CARTESIAN_POINT('',(-0.0267715330145444,0.0405580041181359,0.0905077244242232));
#7955=CARTESIAN_POINT('',(-0.0267715330145444,0.0405580041181359,0.0924348436879156));
#7956=CARTESIAN_POINT('',(-0.0267715330145444,0.0405580041181359,0.0831621102695482));
#7957=CARTESIAN_POINT('',(-0.0237715330145444,0.0405580041181359,0.0831621102695482));
#7958=CARTESIAN_POINT('',(-0.0237715330145444,0.0405580041181361,0.0502341887866085));
#7959=CARTESIAN_POINT('',(-0.0267715330145444,0.0435580041181359,0.0831621102695482));
#7960=CARTESIAN_POINT('',(-0.0237715330145444,0.0435580041181359,0.0831621102695482));
#7961=CARTESIAN_POINT('',(-0.0267715330145445,-0.0029919958967656,0.110277260127209));
#7962=CARTESIAN_POINT('',(-0.0267715330145445,-0.00299199589676557,0.101491753523512));
#7963=CARTESIAN_POINT('',(-0.0237715330145446,-0.00299199589676557,0.101491753523512));
#7964=CARTESIAN_POINT('',(-0.0237715330145445,-0.00299199589676539,0.0591553970062552));
#7965=CARTESIAN_POINT('',(-0.0237715330145445,-0.00299199589676549,0.083162110269548));
#7966=CARTESIAN_POINT('',(-0.0267715330145445,-0.00299199589676549,0.083162110269548));
#7967=CARTESIAN_POINT('',(-0.0267715330145445,8.00410323451017E-6,0.083162110269548));
#7968=CARTESIAN_POINT('',(-0.0237715330145445,8.00410323450497E-6,0.083162110269548));
#7969=CARTESIAN_POINT('',(-0.0237715330145445,8.00410323451885E-6,0.080162110269548));
#7970=CARTESIAN_POINT('',(-0.0267715330145445,8.00410323452405E-6,0.080162110269548));
#7971=CARTESIAN_POINT('',(-0.0267715330145445,0.0116580041032345,0.0913272601421105));
#7972=CARTESIAN_POINT('',(-0.0267715330145445,0.0110314458752836,0.0921377228322358));
#7973=CARTESIAN_POINT('',(-0.0237715330145445,0.0110314458752836,0.0921377228322358));
#7974=CARTESIAN_POINT('',(-0.0237715330145444,0.0281349433376478,0.070014086200363));
#7975=CARTESIAN_POINT('',(-0.0237715330145446,0.00238144587528332,0.103326630673267));
#7976=CARTESIAN_POINT('',(-0.0267715330145445,0.00238144587528332,0.103326630673267));
#7977=CARTESIAN_POINT('',(-0.0267715330145445,8.00410323443211E-6,0.101491753523512));
#7978=CARTESIAN_POINT('',(-0.0237715330145446,8.00410323442691E-6,0.101491753523512));
#7979=CARTESIAN_POINT('',(-0.0267715330145445,0.0116580041032345,0.0801621102695481));
#7980=CARTESIAN_POINT('',(-0.0267715330145445,0.0116580041032345,0.0831621102695481));
#7981=CARTESIAN_POINT('',(-0.0237715330145445,0.0116580041032345,0.0831621102695481));
#7982=CARTESIAN_POINT('',(-0.0237715330145444,0.0116580041032347,0.0440978220774246));
#7983=CARTESIAN_POINT('',(-0.0237715330145445,0.0116580041032345,0.0903028456824807));
#7984=CARTESIAN_POINT('',(-0.0267715330145445,0.0116580041032345,0.0903028456824807));
#7985=CARTESIAN_POINT('',(-0.0267715330145445,0.00865800410323448,0.0903028456824807));
#7986=CARTESIAN_POINT('',(-0.0237715330145445,0.00865800410323448,0.0903028456824807));
#7987=CARTESIAN_POINT('',(-0.0267715330145444,0.040558004118136,0.0801621102695482));
#7988=CARTESIAN_POINT('',(-0.0267715330145445,0.00865800410323452,0.0801621102695481));
#7989=CARTESIAN_POINT('',(-0.0237715330145445,0.00865800410323452,0.0801621102695481));
#7990=CARTESIAN_POINT('',(-0.0237715330145445,-0.00549199589676548,0.080162110269548));
#7991=CARTESIAN_POINT('',(-0.0267715330145445,0.00865800410323451,0.0831621102695481));
#7992=CARTESIAN_POINT('',(-0.0237715330145445,0.00865800410323451,0.0831621102695481));
#7993=CARTESIAN_POINT('',(-0.0267715330145445,0.0116580041032344,0.0990835339002024));
#7994=CARTESIAN_POINT('',(-0.0267715330145445,0.0131307044626444,0.0990835339002024));
#7995=CARTESIAN_POINT('',(-0.0237715330145445,0.0131307044626444,0.0990835339002024));
#7996=CARTESIAN_POINT('',(-0.0237715330145446,0.00183300410323444,0.0990835339002023));
#7997=CARTESIAN_POINT('',(-0.0237715330145445,0.0399047538035674,0.0990835339002025));
#7998=CARTESIAN_POINT('',(-0.0267715330145445,0.0399047538035674,0.0990835339002025));
#7999=CARTESIAN_POINT('',(-0.0267715330145445,0.0399047538035674,0.102083533900202));
#8000=CARTESIAN_POINT('',(-0.0237715330145445,0.0399047538035674,0.102083533900202));
#8001=CARTESIAN_POINT('',(-0.0267715330145445,-0.00299199589676564,0.118033533885301));
#8002=CARTESIAN_POINT('',(-0.0267715330145445,0.000745785121683473,0.113198656735546));
#8003=CARTESIAN_POINT('',(-0.0237715330145446,0.000745785121683487,0.113198656735546));
#8004=CARTESIAN_POINT('',(-0.0237715330145445,0.0226865195113054,0.0848179798511512));
#8005=CARTESIAN_POINT('',(-0.0237715330145446,0.0107572626905955,0.100248656750447));
#8006=CARTESIAN_POINT('',(-0.0267715330145445,0.0107572626905955,0.100248656750447));
#8007=CARTESIAN_POINT('',(-0.0267715330145445,0.0131307044626444,0.102083533900202));
#8008=CARTESIAN_POINT('',(-0.0237715330145445,0.0131307044626444,0.102083533900202));
#8009=CARTESIAN_POINT('',(-0.0267715330145444,0.0820080041032344,0.118033533885301));
#8010=CARTESIAN_POINT('',(-0.0267715330145445,0.00311922689373236,0.118033533885301));
#8011=CARTESIAN_POINT('',(-0.0237715330145446,0.00311922689373236,0.118033533885301));
#8012=CARTESIAN_POINT('',(-0.0237715330145445,0.0370080041032343,0.118033533885301));
#8013=CARTESIAN_POINT('',(-0.0267715330145445,0.00311922689373237,0.115033533885301));
#8014=CARTESIAN_POINT('',(-0.0237715330145446,0.00311922689373237,0.115033533885301));
#8015=CARTESIAN_POINT('',(-0.0267715330145444,0.0820080041032345,0.0801621102695484));
#8016=CARTESIAN_POINT('',(-0.0267715330145443,0.0820080041032347,0.0471621102695484));
#8017=CARTESIAN_POINT('',(-0.0232715330145443,0.0820080041032347,0.0471621102695484));
#8018=CARTESIAN_POINT('',(-0.0232715330145443,0.0820080041032348,0.0155978220774249));
#8019=CARTESIAN_POINT('',(-0.0267715330145443,0.0790080041032347,0.0471621102695484));
#8020=CARTESIAN_POINT('',(-0.0262715330145443,0.0790080041032347,0.0471621102695484));
#8021=CARTESIAN_POINT('',(-0.0237715330145443,0.0815080041032346,0.0488204226647261));
#8022=CARTESIAN_POINT('',(-0.0237715330145443,0.0790080041032347,0.0471621102695484));
#8023=CARTESIAN_POINT('',(-0.0186965330145443,0.0810080041032348,0.0150335338853015));
#8024=CARTESIAN_POINT('',(-0.0157274470454616,0.0810080041032348,0.0127250123352033));
#8025=CARTESIAN_POINT('',(-0.0145002517224341,0.0810080041032348,0.0134335338853015));
#8026=CARTESIAN_POINT('',(-0.0172715330145442,0.0810080041032348,0.0118335338853015));
#8027=CARTESIAN_POINT('',(-0.0184987283375718,0.0810080041032348,0.0125420554353997));
#8028=CARTESIAN_POINT('',(-0.0200428143066545,0.0810080041032348,0.0134335338853015));
#8029=CARTESIAN_POINT('',(-0.0200428143066545,0.0810080041032348,0.0142335338853015));
#8030=CARTESIAN_POINT('',(-0.0200428143066545,0.0810080041032348,0.0166335338853015));
#8031=CARTESIAN_POINT('',(-0.019884368983627,0.0810080041032348,0.0167250123352033));
#8032=CARTESIAN_POINT('',(-0.0172715330145443,0.0810080041032348,0.0182335338853015));
#8033=CARTESIAN_POINT('',(-0.0171130876915167,0.0810080041032348,0.0181420554353997));
#8034=CARTESIAN_POINT('',(-0.0145002517224341,0.0810080041032348,0.0166335338853015));
#8035=CARTESIAN_POINT('',(-0.0145002517224341,0.0810080041032348,0.0158335338853015));
#8036=CARTESIAN_POINT('',(-0.0237715330145443,0.0810080041032348,0.0115335338853015));
#8037=CARTESIAN_POINT('',(-0.0237715330145443,0.0810080041032348,0.0133835338853015));
#8038=CARTESIAN_POINT('',(-0.0237715330145443,0.0810080041032348,0.0166835338853015));
#8039=CARTESIAN_POINT('',(-0.0257715330145443,0.0810080041032348,0.0133835338853015));
#8040=CARTESIAN_POINT('',(-0.0226752354489868,0.0810080041032348,0.0133835338853015));
#8041=CARTESIAN_POINT('',(-0.0172715330145443,0.0810080041032348,0.0150335338853015));
#8042=CARTESIAN_POINT('',(-0.0226752354489868,0.0810080041032348,0.0166835338853015));
#8043=CARTESIAN_POINT('',(-0.0172715330145443,0.0810080041032348,0.0166835338853015));
#8044=CARTESIAN_POINT('',(-0.00177153301454426,0.0870080041032348,0.0133835338853015));
#8045=CARTESIAN_POINT('',(-0.0222715330145443,0.0830080041032348,0.0133835338853015));
#8046=CARTESIAN_POINT('',(-0.0237715330145443,0.0815080041032348,0.0133835338853015));
#8047=CARTESIAN_POINT('',(-0.0226752354489868,0.0826043016687923,0.0133835338853015));
#8048=CARTESIAN_POINT('',(-0.0226752354489868,0.0870080041032348,0.0133835338853015));
#8049=CARTESIAN_POINT('',(-0.0237715330145443,0.0395080041032348,0.0133835338853013));
#8050=CARTESIAN_POINT('',(0.00132476455101323,0.0870080041032348,0.0166835338853016));
#8051=CARTESIAN_POINT('',(-0.0214974586231549,0.0837820784946241,0.0166835338853015));
#8052=CARTESIAN_POINT('',(-0.0226752354489868,0.0826043016687923,0.0166835338853015));
#8053=CARTESIAN_POINT('',(-0.0237715330145443,0.0815080041032348,0.0166835338853015));
#8054=CARTESIAN_POINT('',(-0.0237715330145443,0.0395080041032348,0.0166835338853013));
#8055=CARTESIAN_POINT('',(-0.0226752354489868,0.0870080041032348,0.0166835338853015));
#8056=CARTESIAN_POINT('',(0.00672846698545557,0.0870080041032343,0.119033533885302));
#8057=CARTESIAN_POINT('',(0.00132476455101306,0.0870080041032343,0.120683533885302));
#8058=CARTESIAN_POINT('',(0.00132476455101305,0.0810080041032343,0.120683533885301));
#8059=CARTESIAN_POINT('',(0.00672846698545556,0.0810080041032343,0.119033533885301));
#8060=CARTESIAN_POINT('',(0.00132476455101306,0.0810080041032343,0.117383533885301));
#8061=CARTESIAN_POINT('',(0.00132476455101307,0.0870080041032343,0.117383533885302));
#8062=CARTESIAN_POINT('',(0.00132476455101306,0.0870080041032343,0.120683533885302));
#8063=CARTESIAN_POINT('',(-0.000997458623155045,0.083233929711845,0.120683533885301));
#8064=CARTESIAN_POINT('',(0.00122846698545555,0.0810080041032343,0.120683533885301));
#8065=CARTESIAN_POINT('',(0.00672846698545555,0.0810080041032343,0.120683533885301));
#8066=CARTESIAN_POINT('',(-0.0186965330145443,0.0810080041032348,0.0150335338853015));
#8067=CARTESIAN_POINT('',(-0.0198843689836271,0.0810080041032343,0.120725012335203));
#8068=CARTESIAN_POINT('',(-0.0200428143066546,0.0810080041032343,0.120633533885301));
#8069=CARTESIAN_POINT('',(-0.0172715330145447,0.0810080041032343,0.122233533885301));
#8070=CARTESIAN_POINT('',(-0.0171130876915169,0.0810080041032343,0.122142055435399));
#8071=CARTESIAN_POINT('',(-0.0145002517224342,0.0810080041032343,0.120633533885301));
#8072=CARTESIAN_POINT('',(-0.0145002517224342,0.0810080041032343,0.119833533885301));
#8073=CARTESIAN_POINT('',(-0.0145002517224342,0.0810080041032343,0.117433533885301));
#8074=CARTESIAN_POINT('',(-0.0157274470454618,0.0810080041032343,0.116725012335203));
#8075=CARTESIAN_POINT('',(-0.0172715330145447,0.0810080041032344,0.115833533885301));
#8076=CARTESIAN_POINT('',(-0.018498728337572,0.0810080041032343,0.116542055435399));
#8077=CARTESIAN_POINT('',(-0.0200428143066546,0.0810080041032344,0.117433533885301));
#8078=CARTESIAN_POINT('',(-0.0200428143066546,0.0810080041032344,0.118233533885301));
#8079=CARTESIAN_POINT('',(-0.0237715330145443,0.0810080041032346,0.0635335338853015));
#8080=CARTESIAN_POINT('',(-0.0237715330145444,0.0810080041032344,0.117383533885301));
#8081=CARTESIAN_POINT('',(-0.0237715330145444,0.0810080041032343,0.120683533885301));
#8082=CARTESIAN_POINT('',(-0.0257715330145445,0.0810080041032344,0.117383533885301));
#8083=CARTESIAN_POINT('',(-0.022675235448987,0.0810080041032344,0.117383533885301));
#8084=CARTESIAN_POINT('',(-0.0172715330145445,0.0810080041032343,0.119033533885301));
#8085=CARTESIAN_POINT('',(-0.022675235448987,0.0810080041032343,0.120683533885301));
#8086=CARTESIAN_POINT('',(-0.0172715330145445,0.0810080041032343,0.120683533885301));
#8087=CARTESIAN_POINT('',(0.00132476455101306,0.0870080041032343,0.120683533885302));
#8088=CARTESIAN_POINT('',(-0.0214974586231551,0.0837820784946237,0.120683533885301));
#8089=CARTESIAN_POINT('',(-0.022675235448987,0.0826043016687919,0.120683533885301));
#8090=CARTESIAN_POINT('',(-0.0237715330145444,0.0815080041032343,0.120683533885301));
#8091=CARTESIAN_POINT('',(-0.0237715330145445,0.0395080041032344,0.120683533885301));
#8092=CARTESIAN_POINT('',(-0.022675235448987,0.0870080041032343,0.120683533885301));
#8093=CARTESIAN_POINT('',(0.00672846698545573,0.0870080041032348,0.0150335338853016));
#8094=CARTESIAN_POINT('',(0.00132476455101323,0.0870080041032348,0.0166835338853016));
#8095=CARTESIAN_POINT('',(0.00132476455101322,0.0810080041032348,0.0166835338853015));
#8096=CARTESIAN_POINT('',(0.00672846698545573,0.0810080041032348,0.0150335338853016));
#8097=CARTESIAN_POINT('',(0.00132476455101323,0.0810080041032348,0.0133835338853015));
#8098=CARTESIAN_POINT('',(0.00132476455101324,0.0870080041032348,0.0133835338853015));
#8099=CARTESIAN_POINT('',(0.00132476455101323,0.0870080041032348,0.0166835338853016));
#8100=CARTESIAN_POINT('',(-0.000997458623154875,0.0832339297118454,0.0166835338853015));
#8101=CARTESIAN_POINT('',(0.00122846698545572,0.0810080041032348,0.0166835338853015));
#8102=CARTESIAN_POINT('',(0.00672846698545572,0.0810080041032348,0.0166835338853015));
#8103=CARTESIAN_POINT('',(-0.0172715330145442,0.0870080041032348,0.0150335338853015));
#8104=CARTESIAN_POINT('',(-0.0172715330145442,0.0840080041032348,0.0150335338853015));
#8105=CARTESIAN_POINT('',(-0.0159102830145443,0.0840080041032348,0.0159660028861267));
#8106=CARTESIAN_POINT('',(-0.0159102830145443,0.0840080041032348,0.0141010648844762));
#8107=CARTESIAN_POINT('',(-0.0159102830145443,0.0870080041032348,0.0141010648844762));
#8108=CARTESIAN_POINT('',(-0.0159102830145443,0.0870080041032348,0.0141010648844762));
#8109=CARTESIAN_POINT('',(-0.0172715330145442,0.0870080041032348,0.0150335338853015));
#8110=CARTESIAN_POINT('',(-0.0159102830145443,0.0870080041032348,0.0159660028861267));
#8111=CARTESIAN_POINT('',(-0.0159102830145443,0.0870080041032348,0.0159660028861267));
#8112=CARTESIAN_POINT('',(-0.0159102830145445,0.0870080041032343,0.118101064884476));
#8113=CARTESIAN_POINT('',(-0.0261161300252724,0.0840080041032344,0.103202221886952));
#8114=CARTESIAN_POINT('',(-0.0159102830145445,0.0840080041032343,0.118101064884476));
#8115=CARTESIAN_POINT('',(-0.0152715330145444,0.0840080041032343,0.119033533885301));
#8116=CARTESIAN_POINT('',(-0.0152715330145444,0.0870080041032343,0.119033533885301));
#8117=CARTESIAN_POINT('',(-0.0152715330145444,0.0870080041032343,0.119033533885301));
#8118=CARTESIAN_POINT('',(-0.0364367665374445,0.0870080041032345,0.0881358052663873));
#8119=CARTESIAN_POINT('',(-0.0159102830145445,0.0870080041032343,0.118101064884476));
#8120=CARTESIAN_POINT('',(-0.0159102830145445,0.0870080041032343,0.118101064884476));
#8121=CARTESIAN_POINT('',(-0.0152715330145444,0.0870080041032343,0.119033533885301));
#8122=CARTESIAN_POINT('',(-0.00155256100381661,0.0840080041032344,0.0990061113832382));
#8123=CARTESIAN_POINT('',(-0.0159102830145445,0.0840080041032343,0.119966002886126));
#8124=CARTESIAN_POINT('',(-0.0159102830145445,0.0870080041032343,0.119966002886126));
#8125=CARTESIAN_POINT('',(-0.0159102830145445,0.0870080041032343,0.119966002886126));
#8126=CARTESIAN_POINT('',(0.0156346380083554,0.0870080041032345,0.0739156530038025));
#8127=CARTESIAN_POINT('',(0.00872846698545574,0.0870080041032348,0.0150335338853016));
#8128=CARTESIAN_POINT('',(-0.005629255025272,0.0840080041032347,0.0359934253881901));
#8129=CARTESIAN_POINT('',(0.00872846698545573,0.0840080041032348,0.0150335338853016));
#8130=CARTESIAN_POINT('',(0.00808971698545573,0.0840080041032348,0.0159660028861268));
#8131=CARTESIAN_POINT('',(0.00808971698545573,0.0870080041032348,0.0159660028861268));
#8132=CARTESIAN_POINT('',(0.00808971698545573,0.0870080041032348,0.0159660028861268));
#8133=CARTESIAN_POINT('',(0.0115579439868998,0.0870080041032348,0.0109029670087542));
#8134=CARTESIAN_POINT('',(0.00872846698545574,0.0870080041032348,0.0150335338853016));
#8135=CARTESIAN_POINT('',(0.00872846698545574,0.0870080041032348,0.0150335338853016));
#8136=CARTESIAN_POINT('',(0.00808971698545574,0.0870080041032348,0.0141010648844762));
#8137=CARTESIAN_POINT('',(0.0182955639961836,0.0840080041032347,0.0289999078820007));
#8138=CARTESIAN_POINT('',(0.00808971698545573,0.0840080041032348,0.0141010648844763));
#8139=CARTESIAN_POINT('',(0.00797492748401154,0.0870080041032348,0.0139334912614362));
#8140=CARTESIAN_POINT('',(0.00808971698545574,0.0870080041032348,0.0141010648844762));
#8141=CARTESIAN_POINT('',(0.00808971698545574,0.0870080041032348,0.0141010648844762));
#8142=CARTESIAN_POINT('',(0.00872846698545557,0.0870080041032343,0.119033533885302));
#8143=CARTESIAN_POINT('',(0.0186149389961835,0.0840080041032343,0.10460092538819));
#8144=CARTESIAN_POINT('',(0.00872846698545557,0.0840080041032343,0.119033533885302));
#8145=CARTESIAN_POINT('',(0.00808971698545556,0.0840080041032343,0.119966002886127));
#8146=CARTESIAN_POINT('',(0.00808971698545557,0.0870080041032343,0.119966002886127));
#8147=CARTESIAN_POINT('',(0.00808971698545557,0.0870080041032343,0.119966002886127));
#8148=CARTESIAN_POINT('',(0.0358021380083554,0.0870080041032344,0.0795104670087537));
#8149=CARTESIAN_POINT('',(0.00872846698545557,0.0870080041032343,0.119033533885302));
#8150=CARTESIAN_POINT('',(0.00872846698545557,0.0870080041032343,0.119033533885302));
#8151=CARTESIAN_POINT('',(0.00808971698545557,0.0870080041032343,0.118101064884477));
#8152=CARTESIAN_POINT('',(-0.00594863002527231,0.0840080041032344,0.0976074078820004));
#8153=CARTESIAN_POINT('',(0.00808971698545557,0.0840080041032343,0.118101064884477));
#8154=CARTESIAN_POINT('',(-0.0162692665374444,0.0870080041032345,0.0825409912614358));
#8155=CARTESIAN_POINT('',(0.00808971698545557,0.0870080041032343,0.118101064884477));
#8156=CARTESIAN_POINT('',(0.00808971698545557,0.0870080041032343,0.118101064884477));
#8157=CARTESIAN_POINT('',(-0.00177153301454443,0.0870080041032343,0.117383533885302));
#8158=CARTESIAN_POINT('',(-0.00177153301454443,0.0840080041032343,0.117383533885302));
#8159=CARTESIAN_POINT('',(0.00122846698545556,0.0810080041032343,0.117383533885301));
#8160=CARTESIAN_POINT('',(-0.00177153301454444,0.0810080041032343,0.117383533885301));
#8161=CARTESIAN_POINT('',(-0.0186965330145443,0.0810080041032348,0.0150335338853015));
#8162=CARTESIAN_POINT('',(0.00827255295453816,0.0810080041032343,0.116725012335203));
#8163=CARTESIAN_POINT('',(0.00949974827756576,0.0810080041032343,0.117433533885301));
#8164=CARTESIAN_POINT('',(0.00672846698545556,0.0810080041032343,0.115833533885302));
#8165=CARTESIAN_POINT('',(0.00550127166242796,0.0810080041032343,0.116542055435399));
#8166=CARTESIAN_POINT('',(0.00395718569334536,0.0810080041032343,0.117433533885301));
#8167=CARTESIAN_POINT('',(0.00395718569334536,0.0810080041032343,0.118233533885301));
#8168=CARTESIAN_POINT('',(0.00395718569334535,0.0810080041032343,0.120633533885301));
#8169=CARTESIAN_POINT('',(0.00411563101637286,0.0810080041032343,0.120725012335203));
#8170=CARTESIAN_POINT('',(0.00672846698545555,0.0810080041032343,0.122233533885301));
#8171=CARTESIAN_POINT('',(0.00688691230848305,0.0810080041032343,0.122142055435399));
#8172=CARTESIAN_POINT('',(0.00949974827756576,0.0810080041032343,0.120633533885302));
#8173=CARTESIAN_POINT('',(0.00949974827756576,0.0810080041032343,0.119833533885301));
#8174=CARTESIAN_POINT('',(0.00122846698545556,0.0810080041032343,0.119858533885301));
#8175=CARTESIAN_POINT('',(-0.000271533014544273,0.0825080041032348,0.0158585338853015));
#8176=CARTESIAN_POINT('',(-0.00177153301454426,0.0870080041032348,0.0133835338853015));
#8177=CARTESIAN_POINT('',(-0.00177153301454426,0.0840080041032348,0.0133835338853015));
#8178=CARTESIAN_POINT('',(0.00122846698545573,0.0810080041032348,0.0133835338853015));
#8179=CARTESIAN_POINT('',(-0.00177153301454427,0.0810080041032348,0.0133835338853015));
#8180=CARTESIAN_POINT('',(-0.0186965330145443,0.0810080041032348,0.0150335338853015));
#8181=CARTESIAN_POINT('',(0.00827255295453843,0.0810080041032348,0.0127250123352033));
#8182=CARTESIAN_POINT('',(0.00949974827756593,0.0810080041032348,0.0134335338853015));
#8183=CARTESIAN_POINT('',(0.00672846698545573,0.0810080041032348,0.0118335338853015));
#8184=CARTESIAN_POINT('',(0.00550127166242813,0.0810080041032348,0.0125420554353997));
#8185=CARTESIAN_POINT('',(0.00395718569334553,0.0810080041032348,0.0134335338853015));
#8186=CARTESIAN_POINT('',(0.00395718569334553,0.0810080041032348,0.0142335338853015));
#8187=CARTESIAN_POINT('',(0.00395718569334552,0.0810080041032348,0.0166335338853015));
#8188=CARTESIAN_POINT('',(0.00411563101637303,0.0810080041032348,0.0167250123352033));
#8189=CARTESIAN_POINT('',(0.00672846698545572,0.0810080041032348,0.0182335338853015));
#8190=CARTESIAN_POINT('',(0.00688691230848322,0.0810080041032348,0.0181420554353997));
#8191=CARTESIAN_POINT('',(0.00949974827756593,0.0810080041032347,0.0166335338853015));
#8192=CARTESIAN_POINT('',(0.00949974827756593,0.0810080041032348,0.0158335338853016));
#8193=CARTESIAN_POINT('',(0.00122846698545572,0.0810080041032348,0.0158585338853015));
#8194=CARTESIAN_POINT('',(-0.000271533014544273,0.0825080041032348,0.0158585338853015));
#8195=CARTESIAN_POINT('',(0.0162284669854558,0.0870080041032348,0.00803353388530157));
#8196=CARTESIAN_POINT('',(0.00672846698545557,0.0870080041032343,0.119033533885302));
#8197=CARTESIAN_POINT('',(0.00672846698545573,0.0870080041032348,0.0150335338853016));
#8198=CARTESIAN_POINT('',(-0.0172715330145445,0.0870080041032343,0.119033533885301));
#8199=CARTESIAN_POINT('',(-0.0121925725159885,0.0870080041032348,0.0195283052663875));
#8200=CARTESIAN_POINT('',(-0.0152715330145442,0.0870080041032348,0.0150335338853015));
#8201=CARTESIAN_POINT('',(-0.00860955601310025,0.0870080041032348,0.00530815300380287));
#8202=CARTESIAN_POINT('',(0.00610564815385121,0.0870080041032344,0.0931563527169059));
#8203=CARTESIAN_POINT('',(-0.0211715330145443,0.0870080041032347,0.0375335338853015));
#8204=CARTESIAN_POINT('',(-0.0211715330145444,0.0870080041032346,0.0751335338853015));
#8205=CARTESIAN_POINT('',(-0.0360215330145444,0.0870080041032346,0.0602835338853015));
#8206=CARTESIAN_POINT('',(-0.0263715330145443,0.0870080041032348,0.0080335338853015));
#8207=CARTESIAN_POINT('',(-0.0263715330145443,0.0870080041032346,0.0645335338853015));
#8208=CARTESIAN_POINT('',(-0.0267715330145443,0.0870080041032346,0.0645335338853015));
#8209=CARTESIAN_POINT('',(-0.0241715330145444,0.0605575539732342,0.0670335338853014));
#8210=CARTESIAN_POINT('',(-0.0241715330145444,0.0351071038432337,0.0670335338853013));
#8211=CARTESIAN_POINT('',(-0.0241715330145444,0.0351071038432337,0.0721335338853013));
#8212=CARTESIAN_POINT('',(-0.0241715330145444,0.0605575539732342,0.0721335338853014));
#8213=CARTESIAN_POINT('',(-0.0241715330145443,0.0840080041032345,0.0721335338853015));
#8214=CARTESIAN_POINT('',(-0.0241715330145443,0.0840080041032347,0.0375335338853015));
#8215=CARTESIAN_POINT('',(-0.0226715330145443,0.0855080041032347,0.0375335338853015));
#8216=CARTESIAN_POINT('',(-0.0545715330145444,0.0536080041032347,0.0417335338853013));
#8217=CARTESIAN_POINT('',(-0.0263715330145444,0.0605575539732342,0.0677835338853014));
#8218=CARTESIAN_POINT('',(-0.0263715330145443,0.0870080041032346,0.0645335338853015));
#8219=CARTESIAN_POINT('',(-0.0263715330145444,0.0405933678811276,0.0645335338853013));
#8220=CARTESIAN_POINT('',(-0.0263715330145444,0.0406649107659648,0.0645335338853013));
#8221=CARTESIAN_POINT('',(-0.0263715330145444,0.0266080041032346,0.0651735338853012));
#8222=CARTESIAN_POINT('',(-0.0263715330145444,0.0406080036060949,0.0651643949913497));
#8223=CARTESIAN_POINT('',(-0.0263715330145444,0.0441080041032346,0.0651621102695592));
#8224=CARTESIAN_POINT('',(-0.0263715330145444,0.0341071038432337,0.0710335338853013));
#8225=CARTESIAN_POINT('',(-0.0263715330145444,0.0341071038432337,0.0645335338853013));
#8226=CARTESIAN_POINT('',(-0.0263715330145444,0.0351071038432337,0.0645335338853014));
#8227=CARTESIAN_POINT('',(-0.0263715330145444,0.0351071038432337,0.0635335338853014));
#8228=CARTESIAN_POINT('',(-0.0263715330145444,0.0605575539732341,0.0635335338853014));
#8229=CARTESIAN_POINT('',(-0.0263715330145444,0.0860080041032346,0.0635335338853014));
#8230=CARTESIAN_POINT('',(-0.0263715330145443,0.0860080041032346,0.0645335338853014));
#8231=CARTESIAN_POINT('',(-0.0267715330145444,0.0341071038432337,0.0630335338853013));
#8232=CARTESIAN_POINT('',(-0.0267715330145444,0.0341071038432337,0.0645335338853013));
#8233=CARTESIAN_POINT('',(-0.0237715330145444,0.0266080041032346,0.0651735338853012));
#8234=CARTESIAN_POINT('',(-0.0237715330145444,0.0406080048489432,0.0651643949922208));
#8235=CARTESIAN_POINT('',(-0.0267715330145444,0.0405933678811278,0.0645335338853013));
#8236=CARTESIAN_POINT('',(-0.0237715330145444,0.0441080041032346,0.0651621102695592));
#8237=CARTESIAN_POINT('',(-0.0267715330145444,0.0406649107659648,0.0645335338853013));
#8238=CARTESIAN_POINT('',(-0.0172715330145445,0.0870080041032343,0.119033533885301));
#8239=CARTESIAN_POINT('',(-0.0172715330145445,0.0840080041032343,0.119033533885301));
#8240=CARTESIAN_POINT('',(0.00672846698545573,0.0870080041032348,0.0150335338853016));
#8241=CARTESIAN_POINT('',(0.00672846698545573,0.0840080041032348,0.0150335338853016));
#8242=CARTESIAN_POINT('',(0.00672846698545557,0.0870080041032343,0.119033533885302));
#8243=CARTESIAN_POINT('',(0.00672846698545556,0.0840080041032343,0.119033533885302));
#8244=CARTESIAN_POINT('',(-0.0152715330145442,0.0870080041032348,0.0150335338853015));
#8245=CARTESIAN_POINT('',(-0.0257967550252722,0.0840080041032347,0.0303986113832387));
#8246=CARTESIAN_POINT('',(-0.0152715330145442,0.0840080041032348,0.0150335338853015));
#8247=CARTESIAN_POINT('',(-0.0152715330145442,0.0870080041032348,0.0150335338853015));
#8248=CARTESIAN_POINT('',(-0.0159102830145443,0.0870080041032348,0.0141010648844762));
#8249=CARTESIAN_POINT('',(-0.0018719360038164,0.0840080041032347,0.034594721886952));
#8250=CARTESIAN_POINT('',(-0.0237715330145443,0.0840080041032348,0.00803353388530149));
#8251=CARTESIAN_POINT('',(0.000565258203735975,0.0840080041032343,0.111935457673948));
#8252=CARTESIAN_POINT('',(-0.017271533014544,0.0840080041032343,0.122233533885301));
#8253=CARTESIAN_POINT('',(-0.0145002517224342,0.0840080041032343,0.120633533885301));
#8254=CARTESIAN_POINT('',(-0.0247226835867697,0.0840080041032344,0.117931610096654));
#8255=CARTESIAN_POINT('',(-0.0200428143066546,0.0840080041032343,0.120633533885301));
#8256=CARTESIAN_POINT('',(-0.0200428143066546,0.0840080041032345,0.0938335338853015));
#8257=CARTESIAN_POINT('',(-0.0200428143066546,0.0840080041032344,0.117433533885301));
#8258=CARTESIAN_POINT('',(-0.00359166373442942,0.0840080041032344,0.107935457673948));
#8259=CARTESIAN_POINT('',(-0.0172715330145442,0.0840080041032344,0.115833533885301));
#8260=CARTESIAN_POINT('',(-0.0233370429407146,0.0840080041032344,0.112331610096654));
#8261=CARTESIAN_POINT('',(-0.0145002517224342,0.0840080041032343,0.117433533885301));
#8262=CARTESIAN_POINT('',(-0.0145002517224342,0.0840080041032345,0.0922335338853015));
#8263=CARTESIAN_POINT('',(-0.0172715330145445,0.0810080041032343,0.122233533885301));
#8264=CARTESIAN_POINT('',(-0.0172715330145445,0.0810080041032343,0.122233533885301));
#8265=CARTESIAN_POINT('',(-0.0145002517224342,0.0810080041032343,0.120633533885301));
#8266=CARTESIAN_POINT('',(-0.0145002517224341,0.0810080041032348,0.0166335338853015));
#8267=CARTESIAN_POINT('',(-0.0145002517224342,0.0810080041032343,0.117433533885301));
#8268=CARTESIAN_POINT('',(-0.0145002517224342,0.0810080041032343,0.117433533885301));
#8269=CARTESIAN_POINT('',(-0.0172715330145445,0.0810080041032344,0.115833533885301));
#8270=CARTESIAN_POINT('',(-0.0172715330145445,0.0810080041032344,0.115833533885301));
#8271=CARTESIAN_POINT('',(-0.0200428143066546,0.0810080041032344,0.117433533885301));
#8272=CARTESIAN_POINT('',(-0.0200428143066545,0.0810080041032348,0.0134335338853015));
#8273=CARTESIAN_POINT('',(-0.0200428143066546,0.0810080041032343,0.120633533885301));
#8274=CARTESIAN_POINT('',(-0.0200428143066546,0.0810080041032343,0.120633533885301));
#8275=CARTESIAN_POINT('',(-0.0237715330145443,0.0840080041032348,0.00803353388530149));
#8276=CARTESIAN_POINT('',(-0.0111083242328247,0.0840080041032348,0.0221316100966548));
#8277=CARTESIAN_POINT('',(0.00672846698545573,0.0840080041032348,0.0118335338853015));
#8278=CARTESIAN_POINT('',(0.00395718569334553,0.0840080041032348,0.0134335338853015));
#8279=CARTESIAN_POINT('',(0.014179617557681,0.0840080041032347,0.0161354576739482));
#8280=CARTESIAN_POINT('',(0.00949974827756593,0.0840080041032348,0.0134335338853015));
#8281=CARTESIAN_POINT('',(0.00949974827756589,0.0840080041032346,0.0402335338853015));
#8282=CARTESIAN_POINT('',(0.00949974827756593,0.0840080041032347,0.0166335338853015));
#8283=CARTESIAN_POINT('',(-0.00695140229465939,0.0840080041032347,0.0261316100966548));
#8284=CARTESIAN_POINT('',(0.00672846698545572,0.0840080041032348,0.0182335338853016));
#8285=CARTESIAN_POINT('',(0.0127939769116258,0.0840080041032347,0.0217354576739483));
#8286=CARTESIAN_POINT('',(0.00395718569334553,0.0840080041032348,0.0166335338853015));
#8287=CARTESIAN_POINT('',(0.00395718569334549,0.0840080041032346,0.0418335338853016));
#8288=CARTESIAN_POINT('',(0.00672846698545573,0.0810080041032348,0.0118335338853015));
#8289=CARTESIAN_POINT('',(0.00672846698545573,0.0810080041032348,0.0118335338853015));
#8290=CARTESIAN_POINT('',(0.00395718569334553,0.0810080041032348,0.0134335338853015));
#8291=CARTESIAN_POINT('',(0.00395718569334553,0.0810080041032348,0.0134335338853015));
#8292=CARTESIAN_POINT('',(0.00395718569334552,0.0810080041032348,0.0166335338853015));
#8293=CARTESIAN_POINT('',(0.00395718569334552,0.0810080041032348,0.0166335338853015));
#8294=CARTESIAN_POINT('',(0.00672846698545572,0.0810080041032348,0.0182335338853015));
#8295=CARTESIAN_POINT('',(0.00672846698545572,0.0810080041032348,0.0182335338853015));
#8296=CARTESIAN_POINT('',(0.00949974827756593,0.0810080041032347,0.0166335338853015));
#8297=CARTESIAN_POINT('',(0.00949974827756593,0.0810080041032347,0.0166335338853015));
#8298=CARTESIAN_POINT('',(0.00949974827756593,0.0810080041032348,0.0134335338853015));
#8299=CARTESIAN_POINT('',(0.00949974827756593,0.0810080041032348,0.0134335338853015));
#8300=CARTESIAN_POINT('',(-0.0237715330145443,0.0840080041032348,0.00803353388530149));
#8301=CARTESIAN_POINT('',(0.0114083362655707,0.0840080041032343,0.113131610096655));
#8302=CARTESIAN_POINT('',(0.00672846698545557,0.0840080041032343,0.115833533885302));
#8303=CARTESIAN_POINT('',(0.00395718569334536,0.0840080041032343,0.117433533885301));
#8304=CARTESIAN_POINT('',(-0.00833704294071452,0.0840080041032344,0.107135457673948));
#8305=CARTESIAN_POINT('',(0.00949974827756577,0.0840080041032343,0.117433533885302));
#8306=CARTESIAN_POINT('',(0.00949974827756581,0.0840080041032344,0.0922335338853015));
#8307=CARTESIAN_POINT('',(0.00949974827756576,0.0840080041032343,0.120633533885302));
#8308=CARTESIAN_POINT('',(0.015565258203736,0.0840080041032343,0.117131610096655));
#8309=CARTESIAN_POINT('',(0.00672846698545521,0.0840080041032343,0.122233533885302));
#8310=CARTESIAN_POINT('',(-0.00972268358676973,0.0840080041032343,0.112735457673948));
#8311=CARTESIAN_POINT('',(0.00395718569334536,0.0840080041032343,0.120633533885302));
#8312=CARTESIAN_POINT('',(0.0039571856933454,0.0840080041032344,0.0938335338853015));
#8313=CARTESIAN_POINT('',(0.00672846698545556,0.0810080041032343,0.115833533885302));
#8314=CARTESIAN_POINT('',(0.00672846698545556,0.0810080041032343,0.115833533885302));
#8315=CARTESIAN_POINT('',(0.00395718569334536,0.0810080041032343,0.117433533885301));
#8316=CARTESIAN_POINT('',(0.00395718569334553,0.0810080041032348,0.0134335338853015));
#8317=CARTESIAN_POINT('',(0.00395718569334535,0.0810080041032343,0.120633533885301));
#8318=CARTESIAN_POINT('',(0.00395718569334535,0.0810080041032343,0.120633533885301));
#8319=CARTESIAN_POINT('',(0.00672846698545555,0.0810080041032343,0.122233533885301));
#8320=CARTESIAN_POINT('',(0.00672846698545555,0.0810080041032343,0.122233533885301));
#8321=CARTESIAN_POINT('',(0.00949974827756576,0.0810080041032343,0.120633533885302));
#8322=CARTESIAN_POINT('',(0.00949974827756593,0.0810080041032347,0.0166335338853015));
#8323=CARTESIAN_POINT('',(0.00949974827756576,0.0810080041032343,0.117433533885301));
#8324=CARTESIAN_POINT('',(0.00949974827756576,0.0810080041032343,0.117433533885301));
#8325=CARTESIAN_POINT('',(-0.0172715330145442,0.0810080041032348,0.0118335338853015));
#8326=CARTESIAN_POINT('',(-0.0172715330145442,0.0810080041032348,0.0118335338853015));
#8327=CARTESIAN_POINT('',(-0.0172715330145442,0.0840080041032348,0.0118335338853015));
#8328=CARTESIAN_POINT('',(-0.0261083242328247,0.0840080041032348,0.0169354576739482));
#8329=CARTESIAN_POINT('',(-0.0200428143066545,0.0840080041032348,0.0134335338853015));
#8330=CARTESIAN_POINT('',(-0.0200428143066545,0.0810080041032348,0.0134335338853015));
#8331=CARTESIAN_POINT('',(-0.0200428143066545,0.0810080041032348,0.0134335338853015));
#8332=CARTESIAN_POINT('',(-0.0200428143066545,0.0840080041032347,0.0418335338853015));
#8333=CARTESIAN_POINT('',(-0.0200428143066545,0.0840080041032348,0.0166335338853015));
#8334=CARTESIAN_POINT('',(-0.0200428143066545,0.0810080041032348,0.0166335338853015));
#8335=CARTESIAN_POINT('',(-0.0200428143066545,0.0810080041032348,0.0166335338853015));
#8336=CARTESIAN_POINT('',(-0.00220602308837409,0.0840080041032347,0.0269316100966548));
#8337=CARTESIAN_POINT('',(-0.0172715330145443,0.0840080041032348,0.0182335338853015));
#8338=CARTESIAN_POINT('',(-0.0172715330145443,0.0810080041032348,0.0182335338853015));
#8339=CARTESIAN_POINT('',(-0.0172715330145443,0.0810080041032348,0.0182335338853015));
#8340=CARTESIAN_POINT('',(-0.0219514022946594,0.0840080041032348,0.0209354576739482));
#8341=CARTESIAN_POINT('',(-0.0145002517224341,0.0840080041032348,0.0166335338853015));
#8342=CARTESIAN_POINT('',(-0.0145002517224341,0.0810080041032348,0.0166335338853015));
#8343=CARTESIAN_POINT('',(-0.0145002517224341,0.0810080041032348,0.0166335338853015));
#8344=CARTESIAN_POINT('',(-0.0145002517224341,0.0840080041032347,0.0402335338853015));
#8345=CARTESIAN_POINT('',(-0.0145002517224341,0.0840080041032348,0.0134335338853015));
#8346=CARTESIAN_POINT('',(-0.0145002517224341,0.0810080041032348,0.0134335338853015));
#8347=CARTESIAN_POINT('',(-0.0145002517224341,0.0810080041032348,0.0134335338853015));
#8348=CARTESIAN_POINT('',(-0.000820382442318982,0.0840080041032347,0.0213316100966549));
#8349=CARTESIAN_POINT('',(-0.0237715330145443,0.0840080041032348,0.00803353388530149));
#8350=CARTESIAN_POINT('',(-0.0172715330145445,0.0870080041032343,0.119033533885301));
#8351=CARTESIAN_POINT('',(-0.0172715330145445,0.0880080041032343,0.119033533885301));
#8352=CARTESIAN_POINT('',(-0.022675235448987,0.0870080041032344,0.117383533885301));
#8353=CARTESIAN_POINT('',(-0.022675235448987,0.0826043016687919,0.117383533885301));
#8354=CARTESIAN_POINT('',(-0.0172715330145445,0.0880080041032343,0.119033533885301));
#8355=CARTESIAN_POINT('',(-0.00177153301454443,0.0870080041032343,0.117383533885302));
#8356=CARTESIAN_POINT('',(-0.0222715330145444,0.0830080041032344,0.117383533885301));
#8357=CARTESIAN_POINT('',(-0.0237715330145444,0.0815080041032344,0.117383533885301));
#8358=CARTESIAN_POINT('',(-0.0237715330145445,0.0395080041032344,0.117383533885301));
#8359=CARTESIAN_POINT('',(-0.0225215330145443,0.0827580041032348,0.00803353388530148));
#8360=CARTESIAN_POINT('',(-0.0237715330145443,0.0815080041032348,0.00803353388530148));
#8361=CARTESIAN_POINT('',(-0.0172715330145442,0.0880080041032348,0.0150335338853015));
#8362=CARTESIAN_POINT('',(-0.0212715330145442,0.0840080041032348,0.00803353388530149));
#8363=CARTESIAN_POINT('',(-0.0212715330145442,0.0840080041032348,0.00803353388530149));
#8364=CARTESIAN_POINT('',(-0.0237715330145443,0.0815080041032348,0.00803353388530148));
#8365=CARTESIAN_POINT('',(-0.0237715330145443,0.0815080041032348,0.00803353388530148));
#8366=CARTESIAN_POINT('',(-0.0172715330145442,0.0870080041032348,0.0150335338853015));
#8367=CARTESIAN_POINT('',(-0.0172715330145442,0.0880080041032348,0.0150335338853015));
#8368=CARTESIAN_POINT('',(-0.0225215330145443,0.0827580041032348,0.00803353388530148));
#8369=CARTESIAN_POINT('',(-0.0237715330145443,0.0815080041032348,0.00803353388530148));
#8370=CARTESIAN_POINT('',(-0.0225215330145443,0.0827580041032348,0.00803353388530148));
#8371=CARTESIAN_POINT('',(-0.0237715330145443,0.0815080041032348,0.00803353388530148));
#8372=CARTESIAN_POINT('',(-0.0237715330145444,-0.00799199589676517,0.00803353388530109));
#8373=CARTESIAN_POINT('',(-0.0237715330145444,0.0347071038432337,0.0725335338853013));
#8374=CARTESIAN_POINT('',(-0.0237715330145444,0.0347071038432337,0.0725335338853013));
#8375=CARTESIAN_POINT('',(-0.0237715330145444,0.0347071038432337,0.0630335338853013));
#8376=CARTESIAN_POINT('',(-0.0237715330145444,0.00900800410323481,0.0120335338853012));
#8377=CARTESIAN_POINT('',(0.0202284669854556,0.00900800410323474,0.0120335338853012));
#8378=CARTESIAN_POINT('',(0.0202284669854556,0.00900800410323474,0.0120335338853012));
#8379=CARTESIAN_POINT('',(0.0202284669854556,0.0130080041032347,0.0120335338853012));
#8380=CARTESIAN_POINT('',(-0.0237715330145444,0.00900800410323481,0.0120335338853012));
#8381=CARTESIAN_POINT('',(-0.0231715330145444,0.0341071038432337,0.0630335338853013));
#8382=CARTESIAN_POINT('',(-0.00953849976787813,0.0204740705965673,0.0867665671319676));
#8383=CARTESIAN_POINT('',(-0.0263695330145443,0.0870080041032346,0.0645335338853015));
#8384=CARTESIAN_POINT('',(-0.0263695330145444,0.0351071038432337,0.0645335338853014));
#8385=CARTESIAN_POINT('',(-0.0263695330145444,0.0351071038432337,0.0635335338853014));
#8386=CARTESIAN_POINT('',(-0.0263695330145444,0.0605575539732341,0.0635335338853014));
#8387=CARTESIAN_POINT('',(-0.0263695330145443,0.0860080041032346,0.0635335338853014));
#8388=CARTESIAN_POINT('',(-0.0263695330145443,0.0860080041032346,0.0645335338853014));
#8389=CARTESIAN_POINT('',(-0.0222715330145448,-0.00799399589676528,0.0300335338853011));
#8390=CARTESIAN_POINT('',(-0.0222715330145445,0.0908080041032347,0.0300335338853015));
#8391=CARTESIAN_POINT('',(-0.0222715330145445,0.0908080041032347,0.0314335338853015));
#8392=CARTESIAN_POINT('',(-0.0222715330145446,0.0840080041032347,0.0300335338853015));
#8393=CARTESIAN_POINT('',(0.0117284669854554,-0.00799399589676564,0.104033533885301));
#8394=CARTESIAN_POINT('',(0.0117284669854556,0.0908080041032343,0.104033533885302));
#8395=CARTESIAN_POINT('',(0.0117284669854556,0.0908080041032343,0.105433533885302));
#8396=CARTESIAN_POINT('',(0.0117284669854556,-0.00799399589676532,0.0300335338853012));
#8397=CARTESIAN_POINT('',(0.0117284669854557,0.0908080041032347,0.0300335338853016));
#8398=CARTESIAN_POINT('',(0.0117284669854557,0.0908080041032347,0.0314335338853016));
#8399=CARTESIAN_POINT('',(-0.0222715330145444,-0.00799399589676561,0.104033533885301));
#8400=CARTESIAN_POINT('',(-0.0222715330145443,0.0908080041032344,0.104033533885301));
#8401=CARTESIAN_POINT('',(-0.0222715330145443,0.0908080041032344,0.105433533885301));
#8402=CARTESIAN_POINT('',(-0.0222715330145443,0.0840080041032344,0.104033533885301));
#8403=CARTESIAN_POINT('',(0.0117284669854557,0.0908080041032347,0.0300335338853016));
#8404=CARTESIAN_POINT('',(-0.0222715330145445,0.0908080041032347,0.0300335338853015));
#8405=CARTESIAN_POINT('',(0.0117284669854556,0.0908080041032343,0.104033533885302));
#8406=CARTESIAN_POINT('',(-0.0222715330145443,0.0908080041032344,0.104033533885301));
#8407=CARTESIAN_POINT('',(-0.0237715330145445,-0.00799199589676545,0.0725335338853011));
#8408=CARTESIAN_POINT('',(-0.0197715330145445,0.0346071038432337,0.0651735338853013));
#8409=CARTESIAN_POINT('',(-0.0256715330145444,0.0191071038432337,0.0630335338853012));
#8410=CARTESIAN_POINT('',(-0.0197715330145445,0.0186071038432337,0.0651735338853012));
#8411=CARTESIAN_POINT('',(0.00610564815385135,0.0870080041032348,0.00803353388530155));
#8412=CARTESIAN_POINT('',(0.00610564815385124,0.0840080041032348,0.00803353388530154));
#8413=CARTESIAN_POINT('',(-0.0107715330145445,0.0329580041032345,0.0925585338853013));
#8414=CARTESIAN_POINT('',(-0.0113123075716693,0.0329580041032345,0.0925585338853013));
#8415=CARTESIAN_POINT('',(-0.0107715330145445,0.0329580041032345,0.0925585338853013));
#8416=CARTESIAN_POINT('',(-0.0107715330145445,0.0329580041032345,0.0934585338853013));
#8417=CARTESIAN_POINT('',(-0.000771533014544475,0.0329580041032345,0.0925585338853013));
#8418=CARTESIAN_POINT('',(-0.0107715330145445,0.0329580041032345,0.0835085338853013));
#8419=CARTESIAN_POINT('',(-0.0113123075716693,0.0329580041032345,0.0835085338853013));
#8420=CARTESIAN_POINT('',(-0.0107715330145445,0.0329580041032345,0.0835085338853013));
#8421=CARTESIAN_POINT('',(-0.0107715330145445,0.0329580041032345,0.0844085338853013));
#8422=CARTESIAN_POINT('',(-0.00077153301454446,0.0329580041032345,0.0835085338853013));
#8423=CARTESIAN_POINT('',(-0.0237715330145443,0.0840080041032348,0.00803353388530149));
#8424=CARTESIAN_POINT('',(-0.0237715330145443,0.0840080041032348,0.00803353388530149));
#8425=MECHANICAL_DESIGN_GEOMETRIC_PRESENTATION_REPRESENTATION('',(#5058),
#8426);
#8426=(
GEOMETRIC_REPRESENTATION_CONTEXT(3)
GLOBAL_UNCERTAINTY_ASSIGNED_CONTEXT((#8427))
GLOBAL_UNIT_ASSIGNED_CONTEXT((#8430,#8429,#8428))
REPRESENTATION_CONTEXT('Frame','TOP_LEVEL_ASSEMBLY_PART')
);
#8427=UNCERTAINTY_MEASURE_WITH_UNIT(LENGTH_MEASURE(2.E-5),#8430,
'DISTANCE_ACCURACY_VALUE','Maximum Tolerance applied to model');
#8428=(
NAMED_UNIT(*)
SI_UNIT($,.STERADIAN.)
SOLID_ANGLE_UNIT()
);
#8429=(
NAMED_UNIT(*)
PLANE_ANGLE_UNIT()
SI_UNIT($,.RADIAN.)
);
#8430=(
LENGTH_UNIT()
NAMED_UNIT(*)
SI_UNIT($,.METRE.)
);
#8431=PRODUCT_DEFINITION_SHAPE('','',#8432);
#8432=PRODUCT_DEFINITION('','',#8434,#8433);
#8433=PRODUCT_DEFINITION_CONTEXT('',#8440,'design');
#8434=PRODUCT_DEFINITION_FORMATION_WITH_SPECIFIED_SOURCE('','',#8436,
 .NOT_KNOWN.);
#8435=PRODUCT_RELATED_PRODUCT_CATEGORY('','',(#8436));
#8436=PRODUCT('Frame','Frame','Frame',(#8438));
#8437=PRODUCT_CATEGORY('','');
#8438=PRODUCT_CONTEXT('',#8440,'mechanical');
#8439=APPLICATION_PROTOCOL_DEFINITION('international standard',
'ap242_managed_model_based_3d_engineering',2020,#8440);
#8440=APPLICATION_CONTEXT('managed model based 3d engineering');
ENDSEC;
END-ISO-10303-21;
